location,n,mean_dart,abs_dart,share_da_rich,t_hac,p,p_bh,discovery
JUNCTION_RN,168,8.83322916666667,12.93873511904762,0.6130952380952381,5.206906803134161,1.9201446869590818e-07,0.00016481508612359896,True
JUNORTH_RN,168,8.952157738095242,13.05766369047619,0.6130952380952381,5.1267163839567536,2.9483915227835234e-07,0.00016481508612359896,True
CFLAT_ES_RN,168,4.1954166666666675,7.855773809523809,0.5773809523809523,4.490191528441678,7.115915936333431e-06,0.002651864672273592,True
E_HARRIS_RN,168,3.9741517857142874,7.455163690476191,0.5892857142857143,4.2896870134347935,1.789250934644236e-05,0.005000956362330639,True
JUNG_SLR_RN,168,6.337514880952383,11.744419642857144,0.5595238095238095,4.215677827468928,2.4902906780150594e-05,0.005498147507457905,True
SANTACRU_ALL,168,3.847604166666667,7.006622023809523,0.5833333333333334,4.177237775178021,2.9507052812833117e-05,0.005498147507457905,True
SHAFFER_ALL,168,4.1105952380952395,7.212559523809523,0.6071428571428571,4.127475918183927,3.6676682681424e-05,0.005857790176833147,True
W_HRL_ESR_RN,168,3.85232142857143,7.449791666666667,0.5773809523809523,4.0504429787112,5.112076596695667e-05,0.007144127043882195,True
HARLIN_1_RN,168,3.786473214285714,7.590669642857144,0.5773809523809523,3.8397152926759124,0.00012317707142602927,0.015301329539366745,True
B_D_B_DAVIG2,168,3.222053571428573,6.803363095238095,0.5714285714285714,3.5395682384043057,0.00040078214111337015,0.02529141711516145,True
B_DAVIS_CC1,168,3.222053571428573,6.803363095238095,0.5714285714285714,3.5395682384043057,0.00040078214111337015,0.02529141711516145,True
B_D_B_DAVIG1,168,3.222053571428573,6.803363095238095,0.5714285714285714,3.5395682384043057,0.00040078214111337015,0.02529141711516145,True
B_DAVIS_3,168,3.222053571428573,6.803363095238095,0.5714285714285714,3.5395682384043057,0.00040078214111337015,0.02529141711516145,True
B_DAVIS_4,168,3.222053571428573,6.803363095238095,0.5714285714285714,3.5395682384043057,0.00040078214111337015,0.02529141711516145,True
RN_SR_WIND1,168,4.1370238095238125,7.308125,0.5892857142857143,3.4379514486703036,0.0005861327811652417,0.02529141711516145,True
LAUR_BESS_RN,168,4.199732142857143,7.334821428571429,0.5952380952380952,3.4135090169135913,0.0006413203629529022,0.02529141711516145,True
SHAW_SLR_RN,168,4.613645833333336,9.307723214285716,0.5892857142857143,3.4068007717939643,0.0006572908592576738,0.02529141711516145,True
JKLP_SLR_RN,168,3.6340178571428585,8.313571428571427,0.5595238095238095,3.4016892573055055,0.0006697073952503898,0.02529141711516145,True
OLMITO_RN,168,3.8193750000000004,7.310476190476191,0.5892857142857143,3.3835547414460825,0.0007155394161112624,0.02529141711516145,True
MEDINA1_RN,168,4.552291666666667,9.181041666666667,0.6011904761904762,3.3770447010312687,0.0007326914180760941,0.02529141711516145,True
L_FRE_ESR_RN,168,3.638065476190477,7.161309523809525,0.5773809523809523,3.368424527014296,0.0007559909188252363,0.02529141711516145,True
LYNX_ESS_RN,168,3.226845238095239,6.936249999999999,0.5595238095238095,3.367613383955131,0.00075821841358024,0.02529141711516145,True
DUP_PUN3,168,2.915967261904762,7.2446577380952375,0.5297619047619048,3.342681664915599,0.0008297302478804628,0.02529141711516145,True
DUP_PUN2,168,2.915967261904762,7.2446577380952375,0.5297619047619048,3.342681664915599,0.0008297302478804628,0.02529141711516145,True
DUP_PUN4,168,2.915967261904762,7.2446577380952375,0.5297619047619048,3.342681664915599,0.0008297302478804628,0.02529141711516145,True
VICTPORT_RN,168,2.915967261904762,7.2446577380952375,0.5297619047619048,3.342681664915599,0.0008297302478804628,0.02529141711516145,True
DUP_PUN1,168,2.915967261904762,7.2446577380952375,0.5297619047619048,3.342681664915599,0.0008297302478804628,0.02529141711516145,True
PALACIOS_RN,168,3.4599702380952393,7.511934523809523,0.5535714285714286,3.3201870798593798,0.0008995714379062852,0.02529141711516145,True
VIC_VICTORG6,168,2.94796130952381,7.199360119047619,0.5238095238095238,3.251876636850926,0.001146457693329626,0.02529141711516145,True
VICTORIA_CC1,168,2.94796130952381,7.199360119047619,0.5238095238095238,3.251876636850926,0.001146457693329626,0.02529141711516145,True
VIC_VICTORG5,168,2.94796130952381,7.199360119047619,0.5238095238095238,3.251876636850926,0.001146457693329626,0.02529141711516145,True
CITYVICT_ALL,168,2.9479017857142864,7.199419642857143,0.5238095238095238,3.25180855278401,0.0011467323349412433,0.02529141711516145,True
FORMOSA_CC1,168,3.1474255952380954,7.262991071428571,0.5654761904761905,3.2465110881162245,0.0011682889702784966,0.02529141711516145,True
FO_FORMOSG6,168,3.1474255952380954,7.262991071428571,0.5654761904761905,3.2465110881162245,0.0011682889702784966,0.02529141711516145,True
FO_FORMOSG5,168,3.1474255952380954,7.262991071428571,0.5654761904761905,3.2465110881162245,0.0011682889702784966,0.02529141711516145,True
FO_FORMOSG9,168,3.1474255952380954,7.262991071428571,0.5654761904761905,3.2465110881162245,0.0011682889702784966,0.02529141711516145,True
FO_FORMOSG8,168,3.1474255952380954,7.262991071428571,0.5654761904761905,3.2465110881162245,0.0011682889702784966,0.02529141711516145,True
FO_FORMOSG7,168,3.1474255952380954,7.262991071428571,0.5654761904761905,3.2465110881162245,0.0011682889702784966,0.02529141711516145,True
FO_FORMOSG13,168,3.1474255952380954,7.262991071428571,0.5654761904761905,3.2465110881162245,0.0011682889702784966,0.02529141711516145,True
FO_FORMOSG15,168,3.1474255952380954,7.262991071428571,0.5654761904761905,3.2465110881162245,0.0011682889702784966,0.02529141711516145,True
FO_FORMOSG10,168,3.1474255952380954,7.262991071428571,0.5654761904761905,3.2465110881162245,0.0011682889702784966,0.02529141711516145,True
FO_FORMOSG2,168,3.1474255952380954,7.262991071428571,0.5654761904761905,3.2465110881162245,0.0011682889702784966,0.02529141711516145,True
FORMOSA_CC2,168,3.1474255952380954,7.262991071428571,0.5654761904761905,3.2465110881162245,0.0011682889702784966,0.02529141711516145,True
FO_FORMOSG3,168,3.1474255952380954,7.262991071428571,0.5654761904761905,3.2465110881162245,0.0011682889702784966,0.02529141711516145,True
FO_FORMOSA12,168,3.1474255952380954,7.262991071428571,0.5654761904761905,3.2465110881162245,0.0011682889702784966,0.02529141711516145,True
FO_FORMOSG14,168,3.1474255952380954,7.262991071428571,0.5654761904761905,3.2465110881162245,0.0011682889702784966,0.02529141711516145,True
FO_FORMOSG4,168,3.1474255952380954,7.262991071428571,0.5654761904761905,3.2465110881162245,0.0011682889702784966,0.02529141711516145,True
FO_FORMOSG1,168,3.1474255952380954,7.262991071428571,0.5654761904761905,3.2465110881162245,0.0011682889702784966,0.02529141711516145,True
FO_FORMOSA11,168,3.1474255952380954,7.262991071428571,0.5654761904761905,3.2465110881162245,0.0011682889702784966,0.02529141711516145,True
FORMOSA_PUN2,168,3.1474851190476194,7.263050595238094,0.5654761904761905,3.2465069510419227,0.0011683059503835372,0.02529141711516145,True
CALHOUN_ALL,168,3.140982142857143,7.255833333333333,0.5654761904761905,3.244554514559227,0.0011763449821005326,0.02529141711516145,True
TREB_SOLAR1,168,3.140982142857143,7.255833333333333,0.5654761904761905,3.244554514559227,0.0011763449821005326,0.02529141711516145,True
CATARINA_B1,168,4.2175,8.481220238095238,0.5833333333333334,3.2270584463235283,0.001250699103813357,0.026262155365036788,True
STADIUM_RN,168,15.464836309523815,18.04641369047619,0.7023809523809523,3.2230179153381915,0.001268476198311258,0.026262155365036788,True
FORMOSA_PUN1,168,2.980178571428572,7.202827380952381,0.5476190476190477,3.2146540285498832,0.0013060182600122911,0.026547789358068025,True
MEDILA_RN,168,4.3604166666666675,9.042380952380952,0.6011904761904762,3.203378506110579,0.0013582533608074783,0.0271165581675493,True
STP_STP_G2,168,3.407395833333334,8.519627976190478,0.5357142857142857,3.181544698369278,0.0014649191557517584,0.028237579588456307,True
STP_STP_G1,168,3.407395833333334,8.519627976190478,0.5357142857142857,3.181544698369278,0.0014649191557517584,0.028237579588456307,True
UTOPIA_RN,168,4.2395684523809525,8.655699404761904,0.5952380952380952,3.1691495760683495,0.0015288569331030752,0.028970543240834545,True
BRP_LOOP_RN,168,2.8261904761904777,7.059821428571429,0.5297619047619048,3.144854894524432,0.0016616922749197829,0.03096286605600529,True
CHALUP_ALL,168,4.651696428571429,7.84172619047619,0.6190476190476191,3.1297219043061273,0.0017497186241141416,0.03127312969430991,True
NUE_NUECESG8,168,3.0324851190476187,6.884122023809524,0.5654761904761905,3.1106320022761107,0.0018668743404757682,0.03127312969430991,True
NUE_NUECESG9,168,3.034747023809524,6.886383928571428,0.5654761904761905,3.1102286456228567,0.0018694257385474323,0.03127312969430991,True
STELLA_RN,168,6.4702678571428605,9.798958333333333,0.6130952380952381,3.1095686386954418,0.0018736074656914377,0.03127312969430991,True
TGW_T1_T2,168,6.469315476190479,9.798005952380953,0.6130952380952381,3.1094831105337404,0.0018741499906250127,0.03127312969430991,True
BAFFIN_ALL,168,6.469315476190479,9.798005952380953,0.6130952380952381,3.1094831105337404,0.0018741499906250127,0.03127312969430991,True
PENA_ALL,168,6.469315476190479,9.798005952380953,0.6130952380952381,3.1094831105337404,0.0018741499906250127,0.03127312969430991,True
NUECES_B_CC1,168,3.0272619047619047,6.885624999999999,0.5654761904761905,3.0779396059293425,0.0020843715309841154,0.032756365470771105,True
T_CK_GT2_RN,168,5.756622023809525,9.707127976190476,0.5892857142857143,3.0768919001009682,0.00209171141692912,0.032756365470771105,True
T_CK_GT3_RN,168,5.756622023809525,9.707127976190476,0.5892857142857143,3.0768919001009682,0.00209171141692912,0.032756365470771105,True
PTLBES_BESS1,168,3.532663690476191,7.416324404761905,0.6011904761904762,3.0756915895844674,0.0021001495347083067,0.032756365470771105,True
CCEC_CC1,168,3.0180505952380963,6.88046130952381,0.5654761904761905,3.0493117717922558,0.0022936631407652424,0.032756365470771105,True
CCEC_PUN1,168,3.0180505952380963,6.88046130952381,0.5654761904761905,3.0493117717922558,0.0022936631407652424,0.032756365470771105,True
CCEC_PUN2,168,3.0180505952380963,6.88046130952381,0.5654761904761905,3.0493117717922558,0.0022936631407652424,0.032756365470771105,True
CCEC_GT1,168,3.0180505952380963,6.88046130952381,0.5654761904761905,3.0493117717922558,0.0022936631407652424,0.032756365470771105,True
CCEC_GT2,168,3.0180505952380963,6.88046130952381,0.5654761904761905,3.0493117717922558,0.0022936631407652424,0.032756365470771105,True
CCEC_ST1,168,3.0180505952380963,6.88046130952381,0.5654761904761905,3.0493117717922558,0.0022936631407652424,0.032756365470771105,True
REDFISH_ALL,168,5.577425595238096,8.811056547619048,0.6071428571428571,3.0438550674816947,0.00233567634418207,0.032756365470771105,True
APPALOSA_ALL,168,7.505491071428574,13.914717261904762,0.5238095238095238,3.042280766924568,0.002347927798967402,0.032756365470771105,True
NUE_NUECESG7,168,3.0177678571428572,6.883303571428572,0.5654761904761905,3.0390139941742134,0.0023735382860032355,0.032756365470771105,True
WLTC_ESR_RN,168,2.985193452380953,6.850104166666666,0.5654761904761905,3.038849163405077,0.002374837260873908,0.032756365470771105,True
LANTANA_RN,168,2.9922470238095236,6.853229166666667,0.5654761904761905,3.035355380848603,0.0024025241221853583,0.032756365470771105,True
PAP1_PAP1,168,3.1855952380952393,7.748749999999999,0.5476190476190477,3.0063327001526394,0.002644195130786916,0.03519297805023538,True
COTTON_PAP2,168,3.1855952380952393,7.748749999999999,0.5476190476190477,3.0063327001526394,0.002644195130786916,0.03519297805023538,True
LEAKEY_RN,168,4.038229166666667,8.46918154761905,0.5773809523809523,3.001178292144427,0.002689370478768996,0.03537313170898515,True
NEBULA_RN,168,3.276755952380953,7.3186309523809525,0.5714285714285714,2.9793289208613944,0.002888804950321436,0.036091533181605864,True
VANCOURT_RN,168,3.276755952380953,7.3186309523809525,0.5714285714285714,2.9793289208613944,0.002888804950321436,0.036091533181605864,True
RAYBURN_CC1,168,2.6039136904761917,6.858764880952381,0.5357142857142857,2.9742881972667887,0.0029366911469681767,0.036091533181605864,True
RAYB_G78910,168,2.6039136904761917,6.858764880952381,0.5357142857142857,2.9742881972667887,0.0029366911469681767,0.036091533181605864,True
CARN_ESS_RN,168,2.9467410714285713,6.839002976190476,0.5595238095238095,2.9732024850672323,0.002947099616067988,0.036091533181605864,True
WHITE_PT_UN1,168,3.2980059523809526,8.078214285714287,0.5535714285714286,2.9707020732513203,0.0029711986375338135,0.036091533181605864,True
BATCAVE_RN,168,4.513764880952382,8.97938988095238,0.6130952380952381,2.963432283936377,0.003042289911483989,0.036091533181605864,True
FORTMA_RN,168,4.5208482142857145,8.986473214285715,0.6130952380952381,2.960489472168847,0.0030715061923406633,0.036091533181605864,True
KNAPP_RN,168,4.318973214285714,8.961205357142857,0.5654761904761905,2.958017609916434,0.0030962443514829007,0.036091533181605864,True
DAN_ALL,168,3.2500744047619046,8.247366071428573,0.5357142857142857,2.957734019505953,0.0030990940835725965,0.036091533181605864,True
PLN_ALL,168,3.2500744047619046,8.247366071428573,0.5357142857142857,2.957734019505953,0.0030990940835725965,0.036091533181605864,True
PEY_RN,168,3.233377976190477,8.345520833333333,0.5357142857142857,2.950902080715577,0.003168473475859574,0.036146462714397996,True
PCT_RN,168,3.233377976190477,8.345520833333333,0.5357142857142857,2.950902080715577,0.003168473475859574,0.036146462714397996,True
ORIANA_RN,168,2.6625595238095237,7.0390178571428565,0.5416666666666666,2.935857617529033,0.0033262695859094514,0.037563327242896634,True
OXY_OXY_CCG1,168,2.9210267857142864,6.869330357142856,0.5476190476190477,2.923920683160356,0.003456528101765094,0.037886258997778186,True
OXY_PUN2,168,2.9210267857142864,6.869330357142856,0.5476190476190477,2.923920683160356,0.003456528101765094,0.037886258997778186,True
OXY_PUN1,168,2.9210267857142864,6.869330357142856,0.5476190476190477,2.923920683160356,0.003456528101765094,0.037886258997778186,True
ROW_ALL,168,3.3346428571428586,7.878154761904762,0.5535714285714286,2.9138672026809567,0.003569817270005412,0.03874811366860243,True
BCK_RN,168,3.2791517857142867,7.877961309523809,0.5535714285714286,2.881536403101792,0.003957415181490186,0.0425422132010195,True
HEARN_RD_RN,168,2.958214285714286,6.906845238095237,0.5476190476190477,2.8670769452880487,0.004142822750269002,0.04386873639943041,True
HOL_ALL,168,3.206681547619048,7.997901785714286,0.5416666666666666,2.8658212799024545,0.0041592898554021675,0.04386873639943041,True
COTULLA_RN,168,3.635699404761906,8.581026785714286,0.5654761904761905,2.8458218358224325,0.004429697135771963,0.0462841252130192,True
JAY_RN_1,168,3.125282738095239,8.328169642857143,0.5178571428571429,2.813626949541668,0.004898603961723842,0.049116592080813544,True
NCARBIDEG8,168,3.4406845238095247,7.464910714285715,0.6011904761904762,2.8121963479737633,0.004920445718292591,0.049116592080813544,True
NCARBIDE_1_7,168,3.4406845238095247,7.464910714285715,0.6011904761904762,2.8121963479737633,0.004920445718292591,0.049116592080813544,True
NCARBID_PUN1,168,3.4406845238095247,7.464910714285715,0.6011904761904762,2.8121963479737633,0.004920445718292591,0.049116592080813544,True
NCARBID_PUN2,168,3.4406845238095247,7.464910714285715,0.6011904761904762,2.8121963479737633,0.004920445718292591,0.049116592080813544,True
ERSL_RN,168,3.395491071428572,7.9081398809523815,0.5297619047619048,2.807372042109002,0.0049947518788914765,0.04941710266018293,True
PAVLOV_RN,168,2.973184523809524,7.593898809523807,0.5416666666666666,2.79028077760371,0.005266234993504473,0.05074012342257399,False
MESQUITE_RN,168,3.168973214285715,7.3993005952380955,0.5595238095238095,2.7891684438490776,0.00528435728697833,0.05074012342257399,False
MESQUITE_RN2,168,3.168973214285715,7.3993005952380955,0.5595238095238095,2.7891684438490776,0.00528435728697833,0.05074012342257399,False
PAVLOV_BT_RN,168,2.9710714285714293,7.592529761904762,0.5416666666666666,2.7875995965961735,0.005310012916315883,0.05074012342257399,False
MCLNSLR_RN,168,3.362410714285715,8.392708333333333,0.5476190476190477,2.7751200990587224,0.0055181326246371235,0.05228196842664665,False
CHAR_SLR_RN,168,2.9073511904761906,7.510476190476192,0.5416666666666666,2.766145425399054,0.00567232329463944,0.0531446271646352,False
CBECII_CT7,168,3.149553571428572,7.873095238095237,0.5476190476190477,2.756248279755816,0.005846859697003694,0.0531446271646352,False
CBECII_CC3,168,3.149553571428572,7.873095238095237,0.5476190476190477,2.756248279755816,0.005846859697003694,0.0531446271646352,False
MAG_RN,168,3.149553571428572,7.873095238095237,0.5476190476190477,2.756248279755816,0.005846859697003694,0.0531446271646352,False
CBECII_89,168,3.149553571428572,7.873095238095237,0.5476190476190477,2.756248279755816,0.005846859697003694,0.0531446271646352,False
PHO_ALL,168,3.1386458333333342,7.866205357142857,0.5476190476190477,2.738041013324119,0.006180636750782446,0.055725418446570765,False
MUSTNGCK_ALL,168,2.9282291666666675,7.326413690476191,0.5297619047619048,2.7139714804649504,0.0066481889384684655,0.059461401865661956,False
BRP_PBL1_RN,168,3.415000000000001,7.959642857142858,0.5535714285714286,2.6801035191996068,0.007359939545995139,0.06479064891671311,False
BRP_PBL2_RN,168,3.415000000000001,7.959642857142858,0.5535714285714286,2.6801035191996068,0.007359939545995139,0.06479064891671311,False
MROW_SLR_RN,168,3.2179613095238104,7.624627976190476,0.5357142857142857,2.6658551936517005,0.007679276228863374,0.06553763987686452,False
PEARSA_1_24,168,3.2179613095238104,7.624627976190476,0.5357142857142857,2.6658551936517005,0.007679276228863374,0.06553763987686452,False
HRZN_SLR_UN1,168,3.2179613095238104,7.624627976190476,0.5357142857142857,2.6658551936517005,0.007679276228863374,0.06553763987686452,False
PEARSALL_RN,168,3.2179613095238104,7.624627976190476,0.5357142857142857,2.6658551936517005,0.007679276228863374,0.06553763987686452,False
FTDUNCAN_RN,168,3.392247023809524,7.915758928571428,0.5476190476190477,2.6512339313505087,0.008019827323096878,0.06792550717592659,False
ESCONDID_ESR,168,3.369017857142858,7.870982142857143,0.5535714285714286,2.618500045411203,0.008831727983256774,0.07423963823519604,False
PIRATE_RN,168,2.9323660714285724,7.75686011904762,0.5238095238095238,2.591956314171372,0.009543188898859807,0.0796215312606363,False
BAYC_BESS_RN,168,2.8331547619047623,7.476845238095239,0.5416666666666666,2.5624068849437283,0.010394945750166971,0.0860855507310124,False
NHKY_SLR_RN,168,3.1027976190476196,8.382797619047619,0.5297619047619048,2.548760927036687,0.010810638183233932,0.08886980506511423,False
DRYFRIO_RN,168,3.389345238095239,8.04455357142857,0.5654761904761905,2.5355101055425076,0.011228368875278344,0.09163004673402328,False
NFAL_RN,168,3.368318452380953,7.982306547619047,0.5654761904761905,2.528017372057388,0.011470867599319225,0.09293065200028183,False
FERD_ESS_RN,168,3.8059821428571436,8.949375,0.5654761904761905,2.516281721538418,0.011860033909698099,0.09403913412086862,False
LEONLCPCT1_2,168,3.8059821428571436,8.949375,0.5654761904761905,2.516281721538418,0.011860033909698099,0.09403913412086862,False
LEONLCPCT3_4,168,3.8059821428571436,8.949375,0.5654761904761905,2.516281721538418,0.011860033909698099,0.09403913412086862,False
ANACACHO_ANA,168,3.3346130952380952,7.804880952380951,0.5654761904761905,2.5053209279861415,0.012234033055869084,0.09632147152437771,False
ECLIPSE_UN1,168,3.330848214285715,7.766235119047619,0.5535714285714286,2.4980580955647564,0.012487572693028227,0.09763011378185704,False
A4_DGR2_RN,168,3.783169642857143,8.933110119047617,0.5535714285714286,2.4916670012508693,0.012714517933696184,0.09803331758532645,False
A4_DGR1_RN,168,3.783169642857143,8.933110119047617,0.5535714285714286,2.4916670012508693,0.012714517933696184,0.09803331758532645,False
CRAWFISH_RN,168,2.76061011904762,7.357157738095238,0.5416666666666666,2.4798281293270783,0.013144572474506207,0.10065501388012288,False
RIGGIN_UNIT1,168,4.241636904761905,8.778333333333332,0.5833333333333334,2.475270569797891,0.01331352711388938,0.10125526063488657,False
V4_DGR1_RN,168,3.7341071428571446,8.906339285714285,0.5535714285714286,2.466918933224519,0.013628120713978733,0.10294756052856907,False
EL_RAYO_ALL,168,6.8923809523809565,10.53047619047619,0.6011904761904762,2.4482698168704062,0.014354411644068678,0.10674737399780797,False
TRUENO_ALL,168,6.8923809523809565,10.53047619047619,0.6011904761904762,2.4482698168704062,0.014354411644068678,0.10674737399780797,False
X1_DGR_RN,168,3.7413541666666683,8.903407738095238,0.5535714285714286,2.446687482480462,0.014417579135661005,0.10674737399780797,False
ZIER_SLR_ALL,168,3.297038690476191,7.722812499999999,0.5476190476190477,2.4371943248894063,0.01480172262752358,0.10887056511560106,False
COL_COLETOG1,168,2.524345238095239,6.913035714285714,0.5238095238095238,2.433008167143479,0.014973963134095991,0.10941758682300207,False
ARY_BESS_RN,168,6.798244047619049,10.545208333333331,0.5952380952380952,2.405608577757046,0.01614555333300907,0.1172125235474295,False
INKS_INKS_G1,168,4.062886904761905,8.660773809523809,0.5892857142857143,2.3972405201516134,0.016519076374543317,0.11915049926928664,False
LMAJADAS_ALL,168,6.859136904761907,10.625565476190477,0.5952380952380952,2.390128203416562,0.016842492405436078,0.12070452890562522,False
BRP_RN_UNIT1,168,3.5975297619047626,8.595535714285713,0.5654761904761905,2.3772111457657985,0.017444099552316704,0.12421976623879029,False
V2_DGR2_RN,168,3.5738541666666674,8.818705357142857,0.5595238095238095,2.3563051606119987,0.018457747702518918,0.1272444745844513,False
V2_DGR1_RN,168,3.5738541666666674,8.818705357142857,0.5595238095238095,2.3563051606119987,0.018457747702518918,0.1272444745844513,False
V2_DGR3_RN,168,3.5738541666666674,8.818705357142857,0.5595238095238095,2.3563051606119987,0.018457747702518918,0.1272444745844513,False
HELIOS_RN,168,3.150550595238096,7.955937499999999,0.5416666666666666,2.354565491005983,0.01854437560181186,0.1272444745844513,False
CROSSTRL_RN,168,4.053556547619049,8.720848214285715,0.5535714285714286,2.3496788996367055,0.0187896123404077,0.1272444745844513,False
GREGORY_RN,168,3.2151041666666664,7.882752976190476,0.5654761904761905,2.34601547763859,0.01897531948134896,0.1272444745844513,False
ANTL_ESS_ES1,168,3.5434523809523824,7.841875,0.5595238095238095,2.3435399636965464,0.019101715732543073,0.1272444745844513,False
FERMI_ALL,168,3.5434523809523824,7.841875,0.5595238095238095,2.3435399636965464,0.019101715732543073,0.1272444745844513,False
AMISTAD_ALL,168,3.533511904761906,7.850505952380954,0.5595238095238095,2.3431671344725786,0.01912081550106245,0.1272444745844513,False
TSECA_ES_RN,168,3.533511904761906,7.850505952380954,0.5595238095238095,2.3431671344725786,0.01912081550106245,0.1272444745844513,False
HAMI_BESS_RN,168,3.533511904761906,7.850505952380954,0.5595238095238095,2.3431671344725786,0.01912081550106245,0.1272444745844513,False
KINGE_ALL,168,4.210416666666667,9.038005952380953,0.5654761904761905,2.335185291644827,0.019533743166986577,0.12898701165384782,False
HB_SOUTH,168,3.049657738095239,7.695372023809522,0.5476190476190477,2.329548320936808,0.019830036264247414,0.12898701165384782,False
CRANELL_ALL,168,2.6488839285714296,7.070491071428571,0.5357142857142857,2.329281540428766,0.019844155639053514,0.12898701165384782,False
BLACKJAK_RN,168,2.6488839285714296,7.070491071428571,0.5357142857142857,2.329281540428766,0.019844155639053514,0.12898701165384782,False
Z5_DGR1_RN,168,3.5210119047619055,8.797113095238094,0.5595238095238095,2.319815412714409,0.02035086494634081,0.13098663865107543,False
PIN_BESS_RN,168,2.6663839285714297,7.177247023809524,0.5297619047619048,2.3179918010433407,0.020449766656792066,0.13098663865107543,False
TRIPBUT1_RN,168,4.055357142857144,8.63639880952381,0.5595238095238095,2.317008380004539,0.0205032752808034,0.13098663865107543,False
TBWF_ES_BES1,168,4.145416666666668,8.968303571428569,0.5654761904761905,2.297847292147674,0.021570482045958916,0.133653426477169,False
KINGW_ALL,168,4.145416666666668,8.968303571428569,0.5654761904761905,2.297847292147674,0.021570482045958916,0.133653426477169,False
TAHOKA_ALL,168,4.05764880952381,8.658065476190476,0.5535714285714286,2.29638921407059,0.021653637130581122,0.133653426477169,False
FERGCC_ST1_5,168,3.791145833333334,8.536532738095238,0.5952380952380952,2.2937587285217163,0.02180436127957817,0.133653426477169,False
FERGCC_CC1,168,3.792038690476191,8.537425595238094,0.5952380952380952,2.2937197279556885,0.02180660282373388,0.133653426477169,False
FERGCC_GT2_3,168,3.7925744047619054,8.537961309523808,0.5952380952380952,2.293683833675135,0.021808666012405095,0.133653426477169,False
FERGCC_GT1_1,168,3.7925744047619054,8.537961309523808,0.5952380952380952,2.293683833675135,0.021808666012405095,0.133653426477169,False
SPTX12B_RN,168,4.135848214285716,8.95796130952381,0.5654761904761905,2.2924952481888803,0.02187708143588723,0.133653426477169,False
CASL_GAP_UN1,168,4.132038690476191,8.958437499999999,0.5654761904761905,2.289730276700094,0.02203695715505928,0.1338984679312841,False
HOUSEMTN_RN,168,4.089345238095239,8.685029761904762,0.5595238095238095,2.275702424048659,0.022863826181872177,0.1361294512687384,False
WOODWRD2_RN,168,4.039479166666667,8.772247023809523,0.5595238095238095,2.2609202450317083,0.023764196232590424,0.1361294512687384,False
WOODWRD1_RN,168,4.039479166666667,8.772247023809523,0.5595238095238095,2.2609202450317083,0.023764196232590424,0.1361294512687384,False
CALAVER_OWS1,168,3.458169642857144,8.77578869047619,0.5595238095238095,2.2589578828593724,0.023886004866235176,0.1361294512687384,False
PAD2_ESS_RN,168,3.458169642857144,8.77578869047619,0.5595238095238095,2.2589578828593724,0.023886004866235176,0.1361294512687384,False
PAD1_ESS_RN,168,3.458169642857144,8.77578869047619,0.5595238095238095,2.2589578828593724,0.023886004866235176,0.1361294512687384,False
CALAVER_OWS2,168,3.458169642857144,8.77578869047619,0.5595238095238095,2.2589578828593724,0.023886004866235176,0.1361294512687384,False
RN_PAD3_ESS,168,3.458169642857144,8.77578869047619,0.5595238095238095,2.2589578828593724,0.023886004866235176,0.1361294512687384,False
HORSCR_RN,168,4.0469791666666675,8.807633928571429,0.5595238095238095,2.258508005662769,0.023914006030054433,0.1361294512687384,False
KEO_KEO_SM1,168,4.04294642857143,8.799047619047618,0.5595238095238095,2.257022776011233,0.024006651627244375,0.1361294512687384,False
PAVO_ESS_ALL,168,4.04294642857143,8.799047619047618,0.5595238095238095,2.257022776011233,0.024006651627244375,0.1361294512687384,False
BR_VHB6CT5_6,168,3.4293898809523813,8.760133928571427,0.5595238095238095,2.2565330374924244,0.02403726867719281,0.1361294512687384,False
BR_VHB6CT7_8,168,3.4293898809523813,8.760133928571427,0.5595238095238095,2.2565330374924244,0.02403726867719281,0.1361294512687384,False
SLK_BESS_RN,168,4.046473214285716,8.826175595238094,0.5595238095238095,2.2519346636249704,0.02432640119721174,0.1361294512687384,False
CROSSETT_ALL,168,4.046473214285716,8.826175595238094,0.5595238095238095,2.2519346636249704,0.02432640119721174,0.1361294512687384,False
FWLR_SLR_1,168,4.046339285714287,8.835625,0.5595238095238095,2.2486289215915827,0.024536114772001627,0.1361294512687384,False
WIR_WIRTZ_G1,168,3.740223214285715,8.508348214285713,0.5892857142857143,2.247691944414331,0.024595840032455418,0.1361294512687384,False
WIR_WIRTZ_G2,168,3.740223214285715,8.508348214285713,0.5892857142857143,2.247691944414331,0.024595840032455418,0.1361294512687384,False
LASSO_GEN,168,4.011785714285716,8.660505952380952,0.5476190476190477,2.242007013021727,0.02496091905623423,0.13746949509788114,False
JC_BAT_RN,168,3.6228422619047618,8.398497023809524,0.5892857142857143,2.2384908156328547,0.025189065681593275,0.13804595800010433,False
Z0_DGR2_RN,168,3.4230059523809544,8.765119047619047,0.5595238095238095,2.2283671643176532,0.025856040859873867,0.13831926501460107,False
Z0_DGR1_RN,168,3.4230059523809544,8.765119047619047,0.5595238095238095,2.2283671643176532,0.025856040859873867,0.13831926501460107,False
BRAUNIG_VHB2,168,3.4277529761904773,8.771324404761904,0.5595238095238095,2.2281884898127418,0.025867948299191677,0.13831926501460107,False
BRAUNIG_VHB1,168,3.4277529761904773,8.771324404761904,0.5595238095238095,2.2281884898127418,0.025867948299191677,0.13831926501460107,False
PERE_SLR_RN,168,2.5516071428571436,7.043749999999999,0.5297619047619048,2.224815178656233,0.026093648008241287,0.13831926501460107,False
X443ESRN,168,3.4698809523809535,8.756607142857142,0.5595238095238095,2.224705262325698,0.026101030779481026,0.13831926501460107,False
BRAUNIG_VHB3,168,3.4778273809523825,8.819791666666667,0.5535714285714286,2.2246465127281714,0.026104977565367463,0.13831926501460107,False
SAN_SANMIGG1,168,3.3326190476190485,8.304226190476191,0.5476190476190477,2.220019664451687,0.026417432790653107,0.13931457481108572,False
CALAVER_JTD2,168,3.424866071428573,8.766502976190477,0.5595238095238095,2.2126333946979977,0.026922930756559937,0.14031765883072986,False
CALAVER_JTD1,168,3.424866071428573,8.766502976190477,0.5595238095238095,2.2126333946979977,0.026922930756559937,0.14031765883072986,False
BKBN_RN,168,3.663943452380953,8.457931547619047,0.5892857142857143,2.211746795596448,0.026984165159755744,0.14031765883072986,False
P2_DGR1_RN,168,3.3894791666666673,8.748883928571429,0.5595238095238095,2.2042994078277953,0.027503294576086888,0.14123221717180093,False
P2_DGR2_RN,168,3.3894791666666673,8.748883928571429,0.5595238095238095,2.2042994078277953,0.027503294576086888,0.14123221717180093,False
LZ_CPS,168,3.415952380952382,8.76877976190476,0.5535714285714286,2.2037913798611877,0.027539019090744722,0.14123221717180093,False
MARBFA,168,3.648392857142858,8.454613095238095,0.5892857142857143,2.199708963012265,0.027827550475935818,0.14206028051185499,False
BRIGHTSD_U1,168,2.605119047619048,8.129196428571428,0.5476190476190477,2.1938257250500564,0.028247940683717738,0.14355089856543832,False
DGFS_ESR_RN,168,3.787991071428572,8.4840625,0.5654761904761905,2.19015582223702,0.02851293793830641,0.14424192133496186,False
RN_OCI_ALAMO,168,3.4300446428571436,8.81608630952381,0.5595238095238095,2.1807056472948316,0.029205195082959594,0.14426766309089517,False
BEXAR_ES_RN,168,3.4300446428571436,8.81608630952381,0.5595238095238095,2.1807056472948316,0.029205195082959594,0.14426766309089517,False
Q1_DGR1_RN,168,3.4295982142857153,8.813616071428571,0.5595238095238095,2.1806612077126952,0.029208484298517256,0.14426766309089517,False
TNFS_RN,168,3.8178720238095245,8.461681547619047,0.5714285714285714,2.1804786994539955,0.02922199607201716,0.14426766309089517,False
HEADCAMP_RN,168,3.7628720238095243,8.46049107142857,0.5654761904761905,2.1800972875874334,0.029250250794428122,0.14426766309089517,False
CARBN_BSP_1,168,4.143973214285715,8.596592261904762,0.5535714285714286,2.1779815339131496,0.029407411572396003,0.14426766309089517,False
ALAMO_ST_RN,168,3.7584672619047628,8.470401785714287,0.5654761904761905,2.177794865625063,0.029421312329806885,0.14426766309089517,False
AVIL_ESS_RN,168,3.7165922619047636,8.437306547619047,0.5714285714285714,2.1675601529659776,0.030192168286348287,0.14554294266108542,False
CAMWIND_RN,168,6.632455357142859,10.637425595238094,0.5892857142857143,2.167505880940022,0.030196301758946283,0.14554294266108542,False
TAYGETE2_ALL,168,4.091175595238096,9.024122023809523,0.5535714285714286,2.1660357013868285,0.030308458903776335,0.14554294266108542,False
TAYGETE_ALL,168,4.091175595238096,9.024122023809523,0.5535714285714286,2.1660357013868285,0.030308458903776335,0.14554294266108542,False
SGM_SIGNALMT,168,4.1635863095238115,8.585818452380952,0.5773809523809523,2.165723857204146,0.030332294847972185,0.14554294266108542,False
SG_BES_BESS1,168,3.676785714285715,8.40889880952381,0.5714285714285714,2.155857209434738,0.03109481665063173,0.14791507282187338,False
INDNENR_2_RN,168,3.8942261904761915,8.722589285714285,0.5535714285714286,2.152671585259541,0.03134449816475534,0.14791507282187338,False
ALGOD_ALL_RN,168,2.5805803571428583,7.075877976190476,0.5476190476190477,2.145348224682364,0.03192501543065157,0.14791507282187338,False
FLOWERII_RN,168,4.027232142857143,8.965654761904762,0.5535714285714286,2.1429062480138255,0.03212062718287233,0.14791507282187338,False
FLVABES1_ESR,168,4.027232142857143,8.965654761904762,0.5535714285714286,2.1429062480138255,0.03212062718287233,0.14791507282187338,False
FLTBES1,168,4.027232142857143,8.965654761904762,0.5535714285714286,2.1429062480138255,0.03212062718287233,0.14791507282187338,False
BUCHAN_ALL,168,3.811473214285715,8.56313988095238,0.5833333333333334,2.139626864785538,0.032384933748944904,0.14791507282187338,False
C5_RN,168,3.358601190476192,8.745446428571428,0.5535714285714286,2.1377578566519655,0.03253640105801192,0.14791507282187338,False
GRND_SLR_RN,168,3.910089285714286,8.818125,0.5535714285714286,2.1323578090916375,0.03297744302585325,0.14791507282187338,False
QUEEN_BA_RN,168,3.910089285714286,8.818125,0.5535714285714286,2.1323578090916375,0.03297744302585325,0.14791507282187338,False
QUEEN_SL_RN,168,3.910089285714286,8.818125,0.5535714285714286,2.1323578090916375,0.03297744302585325,0.14791507282187338,False
K2_DGR1_RN,168,3.3234375000000007,8.736622023809524,0.5535714285714286,2.131522248691468,0.03304614151759753,0.14791507282187338,False
K2_DGR2_RN,168,3.3234375000000007,8.736622023809524,0.5535714285714286,2.131522248691468,0.03304614151759753,0.14791507282187338,False
LYSSY_RN,168,2.832857142857144,8.27672619047619,0.5476190476190477,2.129413928366487,0.03322002910127625,0.14791507282187338,False
COYANOSA_RN,168,3.9958928571428567,8.931666666666667,0.5535714285714286,2.129173366022811,0.03323991960104334,0.14791507282187338,False
SIRIUS_UNIT1,168,3.831264880952382,8.624985119047619,0.5535714285714286,2.1262040777388984,0.033486270727726045,0.14791507282187338,False
GOMZ_RN,168,3.903913690476191,8.879389880952383,0.5535714285714286,2.109664976962505,0.03488722323103558,0.14791507282187338,False
WHMESA_U1,168,3.9584375000000005,8.987723214285714,0.5595238095238095,2.1092921669834968,0.0349193705030317,0.14791507282187338,False
HICK_G1_G2,168,3.9584375000000005,8.987723214285714,0.5595238095238095,2.1092921669834968,0.0349193705030317,0.14791507282187338,False
SADLBACK_RN,168,3.9345684523809537,8.882336309523808,0.5535714285714286,2.1088219239351966,0.03495995546299445,0.14791507282187338,False
SADLBCK_AGR1,168,3.9345684523809537,8.882336309523808,0.5535714285714286,2.1088219239351966,0.03495995546299445,0.14791507282187338,False
SHAMROCK_RN,168,3.9511011904761917,8.973511904761905,0.5595238095238095,2.108781460500228,0.03496344959532643,0.14791507282187338,False
RANCHERO_ALL,168,3.942068452380954,8.956651785714286,0.5595238095238095,2.107286998225238,0.03509270968202869,0.14791507282187338,False
BIGSAMWD_RN,168,3.933958333333334,8.941934523809524,0.5595238095238095,2.10597637983789,0.0352064041463678,0.14791507282187338,False
GREASWOD_ALL,168,3.9119642857142867,8.889761904761905,0.5535714285714286,2.1058145455852166,0.0352204648436854,0.14791507282187338,False
TRBT_SLR_RN,168,3.9119642857142867,8.889761904761905,0.5535714285714286,2.1058145455852166,0.0352204648436854,0.14791507282187338,False
HI_LONEB_RN1,168,3.9253720238095253,8.926116071428572,0.5595238095238095,2.1039706640849603,0.03538100608007421,0.14791507282187338,False
HI_LONE_ALL,168,3.9253720238095253,8.926116071428572,0.5595238095238095,2.1039706640849603,0.03538100608007421,0.14791507282187338,False
BOOTLEG_UN1,168,3.9118601190476205,8.89748511904762,0.5535714285714286,2.1033505657992584,0.035435136304216096,0.14791507282187338,False
REDBARN_RN,168,3.9118601190476205,8.89748511904762,0.5535714285714286,2.1033505657992584,0.035435136304216096,0.14791507282187338,False
WAYMARK_RN,168,3.9118601190476205,8.89748511904762,0.5535714285714286,2.1033505657992584,0.035435136304216096,0.14791507282187338,False
HYDR_ESS_RN,168,3.9118601190476205,8.89748511904762,0.5535714285714286,2.1033505657992584,0.035435136304216096,0.14791507282187338,False
CNTYRDS_RN,168,3.8990029761904768,8.849985119047618,0.5535714285714286,2.095623593041269,0.0361155946229245,0.14791507282187338,False
ELM_ST_RN2,168,3.8933333333333335,8.845029761904762,0.5535714285714286,2.0935807139816824,0.03629734706290286,0.14791507282187338,False
ELM_ST_RN,168,3.8933333333333335,8.845029761904762,0.5535714285714286,2.0935807139816824,0.03629734706290286,0.14791507282187338,False
FAULKNER_RN,168,3.89296130952381,8.844747023809523,0.5535714285714286,2.093469350839003,0.036307277272005736,0.14791507282187338,False
COYOTSPR_RN,168,3.89296130952381,8.844747023809523,0.5535714285714286,2.093469350839003,0.036307277272005736,0.14791507282187338,False
COYOTSPR_AGR,168,3.89296130952381,8.844747023809523,0.5535714285714286,2.093469350839003,0.036307277272005736,0.14791507282187338,False
RRANCHES_ALL,168,3.8843601190476194,8.791145833333333,0.5535714285714286,2.0920263639266765,0.036436157387143515,0.14791507282187338,False
WRSBES_BESS1,168,3.8843601190476194,8.791145833333333,0.5535714285714286,2.0920263639266765,0.036436157387143515,0.14791507282187338,False
EBNY_ESS_RN,168,3.2768154761904773,8.72330357142857,0.5535714285714286,2.0904095808627865,0.036581022985062765,0.14791507282187338,False
TUL_SLR_ALL,168,2.5132886904761915,7.769241071428572,0.5416666666666666,2.087439123012614,0.036848458584651425,0.14791507282187338,False
HHGT_KENDAL,168,4.078869047619049,9.132619047619047,0.5595238095238095,2.0864653706904424,0.03693648887128475,0.14791507282187338,False
CDRVLE_U1_RN,168,3.8709226190476196,8.827648809523808,0.5535714285714286,2.085994617120168,0.03697911066177313,0.14791507282187338,False
CEDRVALE_RN,168,3.8709226190476196,8.827648809523808,0.5535714285714286,2.085994617120168,0.03697911066177313,0.14791507282187338,False
SANDLAKE_RN,168,3.866607142857144,8.823571428571428,0.5535714285714286,2.0842080335357505,0.03714124833145392,0.14791507282187338,False
SWOOSE1_U1,168,3.851726190476191,8.754017857142857,0.5535714285714286,2.0771953163367827,0.03778353598500507,0.14791507282187338,False
SWOOSEII_RN,168,3.851726190476191,8.754017857142857,0.5535714285714286,2.0771953163367827,0.03778353598500507,0.14791507282187338,False
PYOTE_RN,168,3.851726190476191,8.754017857142857,0.5535714285714286,2.0771953163367827,0.03778353598500507,0.14791507282187338,False
TOYAH_RN,168,3.9019345238095258,8.990238095238096,0.5535714285714286,2.0753516372312277,0.03795395696165257,0.14791507282187338,False
STAGHORN_RN,168,3.846294642857143,8.752247023809524,0.5535714285714286,2.075045307733269,0.037982335853486246,0.14791507282187338,False
RTLSNAKE_BT,168,3.8473065476190476,8.79751488095238,0.5535714285714286,2.0742049153058746,0.03806028393832679,0.14791507282187338,False
CHAL_SLR_RN,168,3.8389880952380953,8.790892857142856,0.5535714285714286,2.070936766606224,0.03836470570348526,0.14791507282187338,False
SBEAN_BESS,168,3.8384077380952393,8.790193452380953,0.5535714285714286,2.0707405435557846,0.038383049185531724,0.14791507282187338,False
LONESTAR_RN,168,3.8403869047619046,8.79077380952381,0.5535714285714286,2.0704921634021773,0.03840627915108938,0.14791507282187338,False
W_PECO_UNIT1,168,3.835119047619048,8.786220238095238,0.5535714285714286,2.0690982137980147,0.03853687132495231,0.14791507282187338,False
WEC_WECG1,168,5.422023809523813,10.625178571428572,0.5773809523809523,2.061360916544366,0.039268620594337764,0.14791507282187338,False
REROCK_ALL,168,3.8717559523809535,8.96779761904762,0.5535714285714286,2.0591980843016366,0.039475266625489426,0.14791507282187338,False
SGSA_DGR,168,3.8717559523809535,8.96779761904762,0.5535714285714286,2.0591980843016366,0.039475266625489426,0.14791507282187338,False
HRBESS_BESS,168,3.8717559523809535,8.96779761904762,0.5535714285714286,2.0591980843016366,0.039475266625489426,0.14791507282187338,False
HOVEY_GEN,168,3.8717559523809535,8.96779761904762,0.5535714285714286,2.0591980843016366,0.039475266625489426,0.14791507282187338,False
ARAGORN_RN,168,3.8248214285714295,8.81014880952381,0.5535714285714286,2.056654232682372,0.039719497523152,0.14791507282187338,False
TI_SOLAR_ALL,168,3.8248214285714295,8.81014880952381,0.5535714285714286,2.056654232682372,0.039719497523152,0.14791507282187338,False
PB2SES_CT1,168,3.813854166666668,8.754568452380951,0.5535714285714286,2.0555771845335866,0.03982328883665822,0.14791507282187338,False
PB2SES_CT4,168,3.813854166666668,8.754568452380951,0.5535714285714286,2.0555771845335866,0.03982328883665822,0.14791507282187338,False
PB2SES_CT5,168,3.813854166666668,8.754568452380951,0.5535714285714286,2.0555771845335866,0.03982328883665822,0.14791507282187338,False
PB2SES_CT3,168,3.813854166666668,8.754568452380951,0.5535714285714286,2.0555771845335866,0.03982328883665822,0.14791507282187338,False
PB2SES_CT2,168,3.813854166666668,8.754568452380951,0.5535714285714286,2.0555771845335866,0.03982328883665822,0.14791507282187338,False
PHOEBE_ALL,168,3.7826934523809537,8.72233630952381,0.5535714285714286,2.0404833737140438,0.04130220535650441,0.1481870598476475,False
INDNNWP_RN,168,3.693988095238096,8.520238095238096,0.5476190476190477,2.039847365767379,0.04136553049549276,0.1481870598476475,False
JDKNS_RN,168,3.773244047619048,8.70610119047619,0.5476190476190477,2.036896850698588,0.04166037980176505,0.1481870598476475,False
MIDWY_RN,168,3.773809523809525,8.71264880952381,0.5476190476190477,2.0357468036494346,0.04177578664606525,0.1481870598476475,False
ALP_BESS_RN,168,3.6083333333333347,8.519613095238096,0.5416666666666666,2.0344157313407374,0.041909697075599155,0.1481870598476475,False
LAMESASLR_G,168,3.6083333333333347,8.519613095238096,0.5416666666666666,2.0344157313407374,0.041909697075599155,0.1481870598476475,False
OBERON_U1,168,3.7688839285714293,8.705639880952381,0.5476190476190477,2.033264460647268,0.04202581167330809,0.1481870598476475,False
SWFT_SLR_RN,168,3.7685416666666676,8.705,0.5476190476190477,2.033076852177483,0.04204475921840053,0.1481870598476475,False
BULLCRK_1_2,168,3.472276785714286,8.474627976190476,0.5476190476190477,2.0330484444953,0.04204762888653189,0.1481870598476475,False
ELSAUZ_ALL,168,6.840461309523811,11.467157738095237,0.5535714285714286,2.025966399482865,0.042768227998395233,0.1481870598476475,False
BBREEZE_1_2,168,6.840461309523811,11.467157738095237,0.5535714285714286,2.025966399482865,0.042768227998395233,0.1481870598476475,False
APPLE_ESR_RN,168,3.7437946428571434,8.6684375,0.5476190476190477,2.023233055046666,0.04304912520534754,0.1481870598476475,False
GRYH_SLR_RN,168,3.749345238095239,8.685267857142858,0.5476190476190477,2.0231045660267344,0.043062367900407884,0.1481870598476475,False
BRAUNIG_CC1,168,3.2802232142857157,8.817931547619047,0.5416666666666666,2.0229411134464432,0.04307921908346134,0.1481870598476475,False
BRA_AVR_CST1,168,3.2802232142857157,8.817931547619047,0.5416666666666666,2.0229411134464432,0.04307921908346134,0.1481870598476475,False
BRA_AVR1_CT2,168,3.2802232142857157,8.817931547619047,0.5416666666666666,2.0229411134464432,0.04307921908346134,0.1481870598476475,False
ODESW_RN,168,3.7433482142857155,8.67361607142857,0.5476190476190477,2.021427776954627,0.04323550170839651,0.1481870598476475,False
NWF_NWF1,168,3.746994047619048,8.685059523809523,0.5476190476190477,2.021090789866435,0.04327036758950001,0.1481870598476475,False
RN_ECEC_HOLT,168,3.741324404761905,8.674836309523808,0.5476190476190477,2.020160126426773,0.04336678076285653,0.1481870598476475,False
WOV_BESS_RN,168,3.7417410714285726,8.67498511904762,0.5476190476190477,2.019517489107472,0.043433461413540354,0.1481870598476475,False
HAYSEN3_4,168,2.989479166666667,8.116949404761906,0.5476190476190477,2.0164612463308442,0.043751766682851426,0.1481870598476475,False
PALMWI_UNIT1,168,7.21840773809524,11.529598214285715,0.5833333333333334,2.0151963965093165,0.043884074956857456,0.1481870598476475,False
LAPETUS_U1,168,3.7255208333333347,8.660461309523809,0.5416666666666666,2.0147585692526015,0.043929952052415,0.1481870598476475,False
OECCS_2,168,3.7290625000000013,8.661145833333332,0.5416666666666666,2.014350417830328,0.04397275607155996,0.1481870598476475,False
OECCS_CC2,168,3.7290625000000013,8.661145833333332,0.5416666666666666,2.014350417830328,0.04397275607155996,0.1481870598476475,False
OECCS_CC1,168,3.7290625000000013,8.661145833333332,0.5416666666666666,2.014350417830328,0.04397275607155996,0.1481870598476475,False
OECCS_1,168,3.7290625000000013,8.661145833333332,0.5416666666666666,2.014350417830328,0.04397275607155996,0.1481870598476475,False
BARROW_ALL,168,3.728139880952381,8.665223214285714,0.5416666666666666,2.012936888475482,0.04412126921541559,0.1481870598476475,False
QALSW_CC1,168,3.7267113095238105,8.660074404761904,0.5416666666666666,2.012458206072641,0.04417165808471726,0.1481870598476475,False
QALSW_ALL,168,3.7267113095238105,8.660074404761904,0.5416666666666666,2.012458206072641,0.04417165808471726,0.1481870598476475,False
QALSW_CC2,168,3.7267113095238105,8.660074404761904,0.5416666666666666,2.012458206072641,0.04417165808471726,0.1481870598476475,False
PIONR_DJ_RN,168,3.720223214285715,8.644568452380952,0.5416666666666666,2.008844647514556,0.0445536116478526,0.1481870598476475,False
FLCNS_UNIT2,168,3.8094494047619056,8.587395833333332,0.5535714285714286,2.008808918875035,0.04455740203710802,0.1481870598476475,False
FLCNS_UNIT3,168,3.8094494047619056,8.587395833333332,0.5535714285714286,2.008808918875035,0.04455740203710802,0.1481870598476475,False
FLCNS_UNIT1,168,3.8094494047619056,8.587395833333332,0.5535714285714286,2.008808918875035,0.04455740203710802,0.1481870598476475,False
PRSPERO2_ALL,168,3.717380952380954,8.659017857142858,0.5416666666666666,2.004093042374648,0.04506009458999536,0.1481870598476475,False
PROSPERO_ALL,168,3.717380952380954,8.659017857142858,0.5416666666666666,2.004093042374648,0.04506009458999536,0.1481870598476475,False
GUNMTN_NODE,168,3.635267857142858,8.488571428571428,0.5476190476190477,2.00169137443043,0.04531793466376355,0.1481870598476475,False
HOLZ_SLR_RN,168,3.7091666666666674,8.64779761904762,0.5416666666666666,1.9996712809008979,0.045535771290142336,0.1481870598476475,False
CALAVER_JKS2,168,3.5140476190476204,9.116279761904762,0.5416666666666666,1.999079388736945,0.04559976483963972,0.1481870598476475,False
EUNICE_ALL,168,3.709181547619049,8.652276785714285,0.5416666666666666,1.9987091630703233,0.045639831005372694,0.1481870598476475,False
CALAVER_JKS1,168,3.513184523809525,9.116071428571429,0.5416666666666666,1.9986981393953167,0.04564102445234804,0.1481870598476475,False
MAR_MARSFOG1,168,3.3460565476190487,8.49659226190476,0.5535714285714286,1.9966993487991844,0.04585785292315148,0.1481870598476475,False
MAR_MARSFOG2,168,3.3460565476190487,8.49659226190476,0.5535714285714286,1.9966993487991844,0.04585785292315148,0.1481870598476475,False
MAR_MARSFOG3,168,3.3459375000000007,8.496473214285713,0.5535714285714286,1.9966693706150311,0.04586111154497856,0.1481870598476475,False
SKY1,168,2.6649553571428584,7.957127976190476,0.5416666666666666,1.9946151671310275,0.04608486808634294,0.1482149375122822,False
LZ_LCRA,168,3.1550148809523813,8.629330357142857,0.5476190476190477,1.9899017295195192,0.046601761819360654,0.1482149375122822,False
LGDRAW_S_ALL,168,3.5187053571428577,8.466473214285715,0.5357142857142857,1.988439972392554,0.04676305167245908,0.1482149375122822,False
SRWE1_UNIT1,168,3.5187053571428577,8.466473214285715,0.5357142857142857,1.988439972392554,0.04676305167245908,0.1482149375122822,False
BOCO_ESS_RN,168,3.5187053571428577,8.466473214285715,0.5357142857142857,1.988439972392554,0.04676305167245908,0.1482149375122822,False
MESQCRK_ALL,168,3.5187053571428577,8.466473214285715,0.5357142857142857,1.988439972392554,0.04676305167245908,0.1482149375122822,False
RSK_RN,168,3.672544642857143,8.6290625,0.5416666666666666,1.9822653331182356,0.04744955185091063,0.1482149375122822,False
NBOHR_RN,168,3.672544642857143,8.6290625,0.5416666666666666,1.9822653331182356,0.04744955185091063,0.1482149375122822,False
GRDNE_ESR_RN,168,3.6664583333333343,8.604196428571427,0.5416666666666666,1.9731990319943475,0.048472890730074894,0.1482149375122822,False
MWEC_G1,168,3.5414732142857153,8.771622023809524,0.5238095238095238,1.9720256452792704,0.048606679012510624,0.1482149375122822,False
DOWGEN_PUN1,168,2.575714285714286,7.814434523809522,0.5,1.9670598906322523,0.0491763066081659,0.1482149375122822,False
LACY_CRK_ALL,168,3.639196428571429,8.608095238095236,0.5416666666666666,1.9642916211255932,0.04949628281849256,0.1482149375122822,False
TC_TCHP1,168,2.8242113095238097,7.5364434523809525,0.5238095238095238,1.9641836427499004,0.04950879903211232,0.1482149375122822,False
TC_PUN2,168,2.8242113095238097,7.5364434523809525,0.5238095238095238,1.9641836427499004,0.04950879903211232,0.1482149375122822,False
TC_PUN1,168,2.8242113095238097,7.5364434523809525,0.5238095238095238,1.9641836427499004,0.04950879903211232,0.1482149375122822,False
TC_GTG2_RN,168,2.8242113095238097,7.5364434523809525,0.5238095238095238,1.9641836427499004,0.04950879903211232,0.1482149375122822,False
SWEC_G1,168,3.632098214285715,8.567485119047618,0.5416666666666666,1.963376405423869,0.04960245334140918,0.1482149375122822,False
DOW_G66_ST65,168,2.5693452380952384,7.82080357142857,0.5,1.962413926602247,0.0497143126718299,0.1482149375122822,False
DOWGEN_PUN4,168,2.5693452380952384,7.82080357142857,0.5,1.962413926602247,0.0497143126718299,0.1482149375122822,False
DOWGEN_PUN5,168,2.5693452380952384,7.82080357142857,0.5,1.962413926602247,0.0497143126718299,0.1482149375122822,False
DOWGEN_PUN2,168,2.5693452380952384,7.82080357142857,0.5,1.962413926602247,0.0497143126718299,0.1482149375122822,False
DOWGEN_PUN3,168,2.5693452380952384,7.82080357142857,0.5,1.962413926602247,0.0497143126718299,0.1482149375122822,False
DOW_61_2_63,168,2.5693452380952384,7.82080357142857,0.5,1.962413926602247,0.0497143126718299,0.1482149375122822,False
DOW_G37_G35,168,2.5693452380952384,7.82080357142857,0.5,1.962413926602247,0.0497143126718299,0.1482149375122822,False
DOW_G67,168,2.5693452380952384,7.82080357142857,0.5,1.962413926602247,0.0497143126718299,0.1482149375122822,False
DOW_81_2_84,168,2.5693452380952384,7.82080357142857,0.5,1.962413926602247,0.0497143126718299,0.1482149375122822,False
DOWGEN_PUN6,168,2.5693452380952384,7.82080357142857,0.5,1.962413926602247,0.0497143126718299,0.1482149375122822,False
DOW_64,168,2.5693452380952384,7.82080357142857,0.5,1.962413926602247,0.0497143126718299,0.1482149375122822,False
DOW_G96_ST95,168,2.5693452380952384,7.82080357142857,0.5,1.962413926602247,0.0497143126718299,0.1482149375122822,False
INDNENR_1_RN,168,3.548645833333334,8.425669642857141,0.5416666666666666,1.9471935469500847,0.05151153505172092,0.15267015330437253,False
OWF_OWF,168,3.6265178571428573,8.579613095238093,0.5416666666666666,1.9469144340667355,0.05154499386858587,0.15267015330437253,False
RN_TOSBATT,168,3.6091220238095247,8.553824404761905,0.5416666666666666,1.946303008968503,0.0516183523694569,0.15267015330437253,False
SWT_BESS_RN,168,3.650505952380953,8.5125,0.5357142857142857,1.9422528363675937,0.052106499571565344,0.15370729952773102,False
MCDLD_FCSBW1,168,3.6193452380952387,8.57360119047619,0.5416666666666666,1.9410014597670004,0.05225810030965114,0.15374883196365782,False
GWEC_G1,168,3.4747172619047633,8.297872023809523,0.5416666666666666,1.9329490609776505,0.05324247323528562,0.156233819099867,False
NF_BRP_RN,168,4.170877976190476,10.17078869047619,0.5357142857142857,1.9300303548472155,0.053603076751512,0.15688020892196441,False
PC_SOUTH_ALL,168,3.610104166666668,8.598973214285715,0.5416666666666666,1.9207675563892248,0.054761018377409404,0.15902030791154212,False
ELB_ELBCREEK,168,3.610104166666668,8.598973214285715,0.5416666666666666,1.9207675563892248,0.054761018377409404,0.15902030791154212,False
PC_NORTH_1,168,3.610104166666668,8.598973214285715,0.5416666666666666,1.9207675563892248,0.054761018377409404,0.15902030791154212,False
BIGSTAR_ALL,168,2.702842261904763,8.28641369047619,0.5476190476190477,1.912902669528762,0.05576051377066589,0.16150324972954525,False
BUDA_RN,168,2.9970982142857143,8.59203869047619,0.5535714285714286,1.9067569766031796,0.05655206501087258,0.1633726322536319,False
MILTON_RN,168,2.6031845238095244,8.427321428571428,0.5357142857142857,1.894674575350825,0.05813552807445663,0.16751422780217143,False
FPPYD_FPP_G1,168,2.644226190476192,8.221250000000001,0.5476190476190477,1.8914737000657749,0.05856113852087544,0.1678752637598429,False
FPPYD_FPP_G2,168,2.644226190476192,8.221250000000001,0.5476190476190477,1.8914737000657749,0.05856113852087544,0.1678752637598429,False
FPPYD_FPP_G3,168,2.6412648809523818,8.218794642857144,0.5476190476190477,1.8893926882514842,0.05883922990639776,0.16796874085207794,False
SNY_BESS_RN,168,3.4717410714285726,8.485520833333332,0.5416666666666666,1.8888241832877912,0.05891539120073112,0.16796874085207794,False
MRKM_SLR_RN,168,3.4692857142857156,8.947351190476189,0.5178571428571429,1.8875113694469896,0.059091578589648024,0.16796874085207794,False
KARAKAW1_1,168,2.4223214285714287,7.136815476190477,0.5357142857142857,1.8856291330862232,0.05934494869102932,0.16796874085207794,False
KARAKAW2_1,168,2.4223214285714287,7.136815476190477,0.5357142857142857,1.8856291330862232,0.05934494869102932,0.16796874085207794,False
GUADG_CC1,168,2.8720684523809523,8.511681547619046,0.5416666666666666,1.8792807258933564,0.060206172027415204,0.16869799580614084,False
GUADG_CCU1,168,2.8720684523809523,8.511681547619046,0.5416666666666666,1.8792807258933564,0.060206172027415204,0.16869799580614084,False
GUADG_CCU2,168,2.8720684523809523,8.511681547619046,0.5416666666666666,1.8792807258933564,0.060206172027415204,0.16869799580614084,False
GUADG_CC2,168,2.8720684523809523,8.511681547619046,0.5416666666666666,1.8792807258933564,0.060206172027415204,0.16869799580614084,False
HONEY_WD_RN,168,3.4816071428571433,8.509761904761904,0.5357142857142857,1.8781190787895672,0.060364876898714996,0.1687198309319084,False
LV1A_LV1B,168,7.982619047619049,12.72142857142857,0.5773809523809523,1.8691482581750145,0.061602190600096945,0.1717487508501456,False
ELMCRK_RN,168,3.2875892857142874,8.558958333333333,0.5178571428571429,1.854788314244587,0.06362646143148835,0.17505660135815082,False
SANDHSYD3_4,168,2.892514880952381,8.484747023809524,0.5416666666666666,1.85407718146814,0.06372811874129462,0.17505660135815082,False
SANDHSYD_CC1,168,2.892514880952381,8.484747023809524,0.5416666666666666,1.85407718146814,0.06372811874129462,0.17505660135815082,False
SANDHSYD_5AC,168,2.892514880952381,8.484747023809524,0.5416666666666666,1.85407718146814,0.06372811874129462,0.17505660135815082,False
SANDHSYD1_2,168,2.892514880952381,8.484747023809524,0.5416666666666666,1.85407718146814,0.06372811874129462,0.17505660135815082,False
SANDHSYD6_7,168,2.892514880952381,8.484747023809524,0.5416666666666666,1.85407718146814,0.06372811874129462,0.17505660135815082,False
ABINDUST_RN,168,3.2725297619047637,8.543988095238095,0.5178571428571429,1.8487581590254347,0.06449274153223859,0.17585234080622367,False
CACH_ESS_RN,168,2.8628422619047624,8.71126488095238,0.5476190476190477,1.846678848208685,0.06479369902286698,0.17585234080622367,False
DECKER_GT,168,2.8671577380952384,8.469598214285714,0.5357142857142857,1.8451216088409164,0.0650198504847916,0.17585234080622367,False
TIMPP_RN4,168,2.8927827380952382,8.487872023809524,0.5535714285714286,1.8422852980531117,0.0654334291371995,0.17585234080622367,False
TIMPP_RN3,168,2.8927827380952382,8.487872023809524,0.5535714285714286,1.8422852980531117,0.0654334291371995,0.17585234080622367,False
TMPP_RN4,168,2.8927827380952382,8.487872023809524,0.5535714285714286,1.8422852980531117,0.0654334291371995,0.17585234080622367,False
TMPP_RN3,168,2.8927827380952382,8.487872023809524,0.5535714285714286,1.8422852980531117,0.0654334291371995,0.17585234080622367,False
TIMPP_RN1,168,2.8927827380952382,8.487872023809524,0.5535714285714286,1.8422852980531117,0.0654334291371995,0.17585234080622367,False
TIMPP_RN2,168,2.8927827380952382,8.487872023809524,0.5535714285714286,1.8422852980531117,0.0654334291371995,0.17585234080622367,False
LZ_AEN,168,2.902723214285716,8.481860119047619,0.5238095238095238,1.8341377218389685,0.06663355319857447,0.17864823135732916,False
LZ_WEST,168,3.4330952380952393,8.505654761904761,0.5416666666666666,1.8329922463784478,0.0668037241588105,0.17867598949653143,False
AUSTPL_ALL,168,2.881294642857144,8.489479166666667,0.5297619047619048,1.826378963278987,0.06779319838333174,0.1808897274285558,False
RIONOG_CT1,168,2.7830059523809525,8.499107142857142,0.5476190476190477,1.8194618119794281,0.06884100383584033,0.18151943935959786,False
RIONOG_CC1,168,2.7830059523809525,8.499107142857142,0.5476190476190477,1.8194618119794281,0.06884100383584033,0.18151943935959786,False
RIONOG_ST1,168,2.7830059523809525,8.499107142857142,0.5476190476190477,1.8194618119794281,0.06884100383584033,0.18151943935959786,False
RIONOG_CT2,168,2.7830059523809525,8.499107142857142,0.5476190476190477,1.8194618119794281,0.06884100383584033,0.18151943935959786,False
RIONOG_CT3,168,2.7830059523809525,8.499107142857142,0.5476190476190477,1.8194618119794281,0.06884100383584033,0.18151943935959786,False
SIL_SILAS_10,168,10.36522321428572,13.412901785714284,0.625,1.8133778420205415,0.06977356469631682,0.18275765411143988,False
SIL_SILAS_9,168,10.364627976190482,13.413377976190478,0.625,1.813199867537304,0.06980100027333169,0.18275765411143988,False
SIL_SILAS_6,168,10.364627976190482,13.413377976190478,0.625,1.813199867537304,0.06980100027333169,0.18275765411143988,False
LZ_SOUTH,168,2.6834970238095246,8.117395833333333,0.5476190476190477,1.8107433118339629,0.07018059502010726,0.1833222084871026,False
LBRA_BES1,168,2.6957142857142866,8.414136904761904,0.5357142857142857,1.8022344256106806,0.07150853056497347,0.18595262743964996,False
BASTEN_CCU,168,2.6353273809523814,8.334761904761905,0.5476190476190477,1.8011035046396862,0.0716865674655538,0.18595262743964996,False
BASTEN_CC1,168,2.6353273809523814,8.334761904761905,0.5476190476190477,1.8011035046396862,0.0716865674655538,0.18595262743964996,False
STWF_T1,168,3.350639880952382,8.483645833333332,0.5297619047619048,1.7908267009508707,0.07332110907173262,0.18751539949730195,False
TRENT_TRENT,168,3.350639880952382,8.483645833333332,0.5297619047619048,1.7908267009508707,0.07332110907173262,0.18751539949730195,False
MGSES_CT123,168,3.4233928571428573,8.50327380952381,0.5357142857142857,1.7893734715201584,0.07355468874556306,0.18751539949730195,False
MGSES_CT456,168,3.4233928571428573,8.50327380952381,0.5357142857142857,1.7893734715201584,0.07355468874556306,0.18751539949730195,False
GIGA_ESS_RN,168,2.9451785714285723,8.450744047619047,0.5476190476190477,1.7891773950755727,0.07358625093821941,0.18751539949730195,False
LOS_LOSTPST1,168,2.551488095238095,8.252529761904762,0.5476190476190477,1.7878603132386166,0.07379854720824049,0.18751539949730195,False
LOS_LOSTPGT2,168,2.551488095238095,8.252529761904762,0.5476190476190477,1.7878603132386166,0.07379854720824049,0.18751539949730195,False
LOSTPI_CC1,168,2.551488095238095,8.252529761904762,0.5476190476190477,1.7878603132386166,0.07379854720824049,0.18751539949730195,False
LOS_LOSTPGT1,168,2.551488095238095,8.252529761904762,0.5476190476190477,1.7878603132386166,0.07379854720824049,0.18751539949730195,False
SOLARA_UNIT1,168,3.6248809523809538,8.791160714285715,0.5178571428571429,1.7818461260618053,0.0747743279585977,0.18956394253449488,False
WEBBER_WS_T1,168,2.860282738095239,8.568675595238094,0.5535714285714286,1.7788470157155476,0.07526484669491013,0.19037578869889032,False
CISC_RN,168,3.1135267857142863,8.287693452380953,0.5357142857142857,1.7732311743715978,0.07619040834199933,0.19228188832134369,False
GID_GIDEONG2,168,2.5174553571428584,8.24269345238095,0.5416666666666666,1.7632132895183674,0.07786452321234556,0.19393502408097857,False
GID_GIDEONG3,168,2.5174553571428584,8.24269345238095,0.5416666666666666,1.7632132895183674,0.07786452321234556,0.19393502408097857,False
GID_GIDEONG1,168,2.5174553571428584,8.24269345238095,0.5416666666666666,1.7632132895183674,0.07786452321234556,0.19393502408097857,False
WIPOPA_1_2,168,2.5065029761904767,8.269032738095238,0.5416666666666666,1.7625782682009816,0.0779716450105673,0.19393502408097857,False
WIPOPA_3_4,168,2.5065029761904767,8.269032738095238,0.5416666666666666,1.7625782682009816,0.0779716450105673,0.19393502408097857,False
BSS_U1,168,2.3706547619047624,7.040773809523809,0.5297619047619048,1.7620344232331264,0.07806348162479532,0.19393502408097857,False
CAST_ESS_RN,168,2.3706547619047624,7.040773809523809,0.5297619047619048,1.7620344232331264,0.07806348162479532,0.19393502408097857,False
RVRVLYS_ALL,168,2.7425446428571436,8.263943452380952,0.5416666666666666,1.7610308564127688,0.07823318055502802,0.19393502408097857,False
HOLCOMB_RN1,168,2.976413690476191,8.073854166666667,0.5773809523809523,1.7579308733131143,0.07875927195842211,0.1948072257732653,False
JUNO_ALL,168,3.2944196428571444,8.451830357142857,0.5238095238095238,1.7519671098332135,0.07977946359248933,0.196895011691839,False
E_BLACK_RN,168,2.778303571428572,8.334404761904763,0.5416666666666666,1.7472329395698944,0.08059694013188687,0.19847440323226767,False
LONEWOLF_ALL,168,3.255089285714286,8.412291666666667,0.5357142857142857,1.7297840280027459,0.08366886912661939,0.20558636413969336,False
RHESS2_ESS1,168,5.071190476190477,13.186994047619047,0.5595238095238095,1.7252067933519575,0.08449021186697907,0.2071492475159706,False
WL_RANCH_RN,168,3.3288988095238095,8.600654761904762,0.5476190476190477,1.722895381953757,0.08490744561928203,0.2077166831561429,False
SLCN_ESS_ALL,168,2.812232142857143,8.459047619047618,0.5416666666666666,1.71934667602926,0.08555126560804488,0.20883474879867722,False
GOA_GOATWIND,168,3.240014880952382,8.412336309523809,0.5238095238095238,1.7019109032711592,0.08877207154696413,0.21622478429086253,False
OGS_SLR_RN,168,1.5003869047619043,8.24485119047619,0.5178571428571429,1.6910044537314308,0.09083595203460665,0.22077085733628313,False
GRAN_SLR_RN,168,2.509910714285715,8.207053571428572,0.5595238095238095,1.6891093618023312,0.09119847411255477,0.22117113678489422,False
AVIAT_ALL,168,3.2021428571428574,8.394047619047619,0.5178571428571429,1.6830036633831402,0.09237438224780736,0.22225992931873087,False
CAPRIDGE_ALL,168,3.2021428571428574,8.394047619047619,0.5178571428571429,1.6830036633831402,0.09237438224780736,0.22225992931873087,False
CAPRIDG4_CR4,168,3.2021428571428574,8.394047619047619,0.5178571428571429,1.6830036633831402,0.09237438224780736,0.22225992931873087,False
RDCAN_RDCNY1,168,3.1334821428571438,8.39860119047619,0.5178571428571429,1.6826511886493707,0.09244263607621633,0.22225992931873087,False
TGS_GT01,168,2.2405208333333335,7.2066517857142856,0.5178571428571429,1.6784121804167569,0.09326666139428991,0.22375993012621484,False
TANZ_ESS_RN,168,2.752976190476192,7.9590476190476185,0.5476190476190477,1.6732636078015393,0.09427541330551713,0.22569574320250138,False
FLTCK_SSI,168,2.742827380952382,7.902619047619047,0.5535714285714286,1.6628113338460084,0.09635020719170534,0.23016993940240718,False
BIRD_ESR1,168,1.7562500000000005,8.431160714285713,0.5297619047619048,1.6563663962208457,0.09764764193587736,0.23277199079810423,False
MOZART_WIND1,168,3.7986607142857154,9.304642857142857,0.5416666666666666,1.655125027454872,0.09789913910195049,0.2328749734382567,False
PRCRK_RN,168,2.8113839285714293,8.092366071428572,0.5357142857142857,1.653485624886559,0.09823206933330583,0.23317081425612723,False
BRAZ_WND_ALL,168,3.0922470238095245,8.347544642857143,0.5178571428571429,1.6496606579141069,0.09901236108581589,0.23452504172445374,False
TNG_RN,168,2.37248511904762,8.000193452380953,0.47619047619047616,1.6414069040055972,0.1007129776988196,0.23804885637902815,False
LUCKYBLU_RN,168,2.6228273809523817,7.776934523809524,0.5416666666666666,1.6382775443090598,0.10136380984520547,0.2390817287066239,False
TYNAN_RN,168,1.8249553571428572,8.357693452380952,0.5297619047619048,1.6275163928353775,0.10362746989844163,0.24390633967675313,False
HNY_COMB_RN,168,1.8223958333333334,8.355133928571428,0.5297619047619048,1.6260380601762547,0.10394155905225634,0.2441316450008878,False
SYBR_SLR_RN,168,2.928750000000001,8.766636904761905,0.5178571428571429,1.616344322612904,0.10601988897198007,0.24849106052552142,False
CANYONWD_ALL,168,2.830059523809524,8.22452380952381,0.5178571428571429,1.6088410124315373,0.10765111048186574,0.25178648853289937,False
CSC_CSECG1_2,168,3.005550595238097,8.3284375,0.5178571428571429,1.6072022208780432,0.10801001502499884,0.2518228376091358,False
STRG_SLR_ALL,168,2.3393601190476203,8.36436011904762,0.5654761904761905,1.6067139156426742,0.10811713958173988,0.2518228376091358,False
FEGC_RN,168,2.1915773809523813,6.757738095238094,0.5059523809523809,1.6041800839232085,0.10867436339837498,0.252070411368015,False
PRO_RN,168,2.1915773809523813,6.757738095238094,0.5059523809523809,1.6041800839232085,0.10867436339837498,0.252070411368015,False
TTWEC_G1,168,3.0108482142857156,8.390104166666665,0.5,1.6023282643513346,0.10908303867064638,0.2524944870264651,False
BRPANGLE_RN,168,2.1522321428571436,7.227678571428571,0.5119047619047619,1.6001225788957936,0.1095713929587795,0.25257900479982576,False
GAMBIT_RN,168,2.1522321428571436,7.227678571428571,0.5119047619047619,1.6001225788957936,0.1095713929587795,0.25257900479982576,False
7RNCHSLR_ALL,168,2.433824404761906,8.835401785714286,0.5357142857142857,1.5978215323218896,0.11008270114064272,0.2532355141465814,False
BRP_BRAZ_RN,168,2.139851190476192,7.213839285714284,0.5119047619047619,1.5875495156661488,0.11238824174003162,0.25738669169244716,False
AQUI_ALL,168,2.5570535714285723,8.406994047619047,0.5297619047619048,1.5789242627541968,0.11435343006327282,0.25738669169244716,False
ASCK_SLR_RN,168,2.5570535714285723,8.406994047619047,0.5297619047619048,1.5789242627541968,0.11435343006327282,0.25738669169244716,False
MERCURY_ALL,168,2.5570535714285723,8.406994047619047,0.5297619047619048,1.5789242627541968,0.11435343006327282,0.25738669169244716,False
SUNVASLR_ALL,168,2.55514880952381,8.408511904761903,0.5297619047619048,1.575580819539073,0.11512243932147763,0.25738669169244716,False
DAG_ALL,168,2.1264583333333347,7.172440476190476,0.5178571428571429,1.5738330620607315,0.1155260483528265,0.25738669169244716,False
BCATWD_WD_1,168,2.709880952380953,8.516041666666668,0.5119047619047619,1.5733946533319834,0.11562746426650886,0.25738669169244716,False
CBEC_CC2,168,2.1692261904761914,7.317053571428572,0.5178571428571429,1.5729188213997718,0.11573761638539164,0.25738669169244716,False
CBEC_CC1,168,2.1692261904761914,7.317053571428572,0.5178571428571429,1.5729188213997718,0.11573761638539164,0.25738669169244716,False
CBEC_ALL,168,2.1692261904761914,7.317053571428572,0.5178571428571429,1.5729188213997718,0.11573761638539164,0.25738669169244716,False
BYRDR_ES_ALL,168,2.1214583333333343,7.1901190476190475,0.5059523809523809,1.5686575460809162,0.1167277558074444,0.25738669169244716,False
BRP_SWNY_RN,168,2.1214583333333343,7.1901190476190475,0.5059523809523809,1.5686575460809162,0.1167277558074444,0.25738669169244716,False
DMA_RN,168,2.121994047619048,7.170803571428571,0.5178571428571429,1.5682149813973647,0.11683096925329878,0.25738669169244716,False
ANG_ALL,168,3.0054761904761915,8.322321428571428,0.5119047619047619,1.5650980142596058,0.11755992912282236,0.25738669169244716,False
RAMBLER_UNIT,168,3.0054761904761915,8.322321428571428,0.5119047619047619,1.5650980142596058,0.11755992912282236,0.25738669169244716,False
WH_WIND_ALL,168,2.7506994047619053,8.208645833333332,0.5178571428571429,1.5641184067275755,0.11778976403843668,0.25738669169244716,False
HB_WEST,168,2.8634970238095248,8.223348214285714,0.5238095238095238,1.5622930446351355,0.11821896979823997,0.25738669169244716,False
SROSA_ESR_RN,168,2.2269642857142866,7.404732142857142,0.5297619047619048,1.5579802711655373,0.11923792496568132,0.25738669169244716,False
DESN_ESS_RN,168,2.1101488095238103,7.176875,0.5059523809523809,1.5570853360486638,0.11945022609716002,0.25738669169244716,False
SCLP_SCLPC_3,168,2.1097172619047626,7.176443452380952,0.5059523809523809,1.556542297800746,0.11957919274024309,0.25738669169244716,False
SCLP_PUN4,168,2.1097172619047626,7.176443452380952,0.5059523809523809,1.556542297800746,0.11957919274024309,0.25738669169244716,False
SCLP_SCLPC_4,168,2.109508928571429,7.175997023809523,0.5059523809523809,1.556339662281787,0.11962734476939944,0.25738669169244716,False
SCLP_SCLPC_1,168,2.109508928571429,7.175997023809523,0.5059523809523809,1.556339662281787,0.11962734476939944,0.25738669169244716,False
SCLP_PUN2,168,2.109508928571429,7.175997023809523,0.5059523809523809,1.556339662281787,0.11962734476939944,0.25738669169244716,False
SCLP_SCLPC_2,168,2.109508928571429,7.175997023809523,0.5059523809523809,1.556339662281787,0.11962734476939944,0.25738669169244716,False
SCLP_PUN3,168,2.109508928571429,7.175997023809523,0.5059523809523809,1.556339662281787,0.11962734476939944,0.25738669169244716,False
SCLP_PUN1,168,2.1087351190476196,7.175937499999998,0.5059523809523809,1.556208994409755,0.11965840326967019,0.25738669169244716,False
CMPD_SLR_RN,168,2.529880952380953,8.360208333333334,0.5238095238095238,1.5517710370386384,0.12071701836814662,0.25738669169244716,False
TKWSW_CHAMP,168,2.757187500000001,8.1828125,0.5178571428571429,1.550760693733534,0.12095904342771792,0.25738669169244716,False
IND_INADALE1,168,2.757187500000001,8.1828125,0.5178571428571429,1.550760693733534,0.12095904342771792,0.25738669169244716,False
TKWSW_ROSCOE,168,2.757187500000001,8.1828125,0.5178571428571429,1.550760693733534,0.12095904342771792,0.25738669169244716,False
PYR_PYRON1,168,2.757187500000001,8.1828125,0.5178571428571429,1.550760693733534,0.12095904342771792,0.25738669169244716,False
JAG_SLR_RN,168,2.5347619047619054,8.40827380952381,0.5238095238095238,1.5466767053973665,0.12194122298223214,0.25738669169244716,False
FILESSLR_PV1,168,2.524791666666668,8.35169642857143,0.5238095238095238,1.5465574905928843,0.12196998694669793,0.25738669169244716,False
BOSQUESW_CC2,168,2.41514880952381,8.067440476190475,0.5238095238095238,1.5448994214800407,0.1223705934255164,0.25738669169244716,False
BOSQ_BSQSU_5,168,2.41514880952381,8.067440476190475,0.5238095238095238,1.5448994214800407,0.1223705934255164,0.25738669169244716,False
BOSQ_BSQS_12,168,2.41514880952381,8.067440476190475,0.5238095238095238,1.5448994214800407,0.1223705934255164,0.25738669169244716,False
NCO_RN,168,2.095877976190477,7.1666517857142855,0.5059523809523809,1.5421638026443008,0.12303379376409003,0.25738669169244716,False
CHIL_SLR,168,2.7817113095238093,8.951145833333333,0.5119047619047619,1.5419536882178508,0.12308484799060644,0.25738669169244716,False
FIVEWSLR_ALL,168,2.7817113095238093,8.951145833333333,0.5119047619047619,1.5419536882178508,0.12308484799060644,0.25738669169244716,False
PHILLWND_ALL,168,2.541071428571428,8.429732142857144,0.5178571428571429,1.5414481836415688,0.12320774477668081,0.25738669169244716,False
SWEETWN3_3,168,2.769627976190477,8.18546130952381,0.5119047619047619,1.541283583925909,0.12324778244887873,0.25738669169244716,False
SWEETWN2_2_4,168,2.769627976190477,8.18546130952381,0.5119047619047619,1.541283583925909,0.12324778244887873,0.25738669169244716,False
SWTWN4_WND45,168,2.769627976190477,8.18546130952381,0.5119047619047619,1.541283583925909,0.12324778244887873,0.25738669169244716,False
SWEETWND_1,168,2.769627976190477,8.18546130952381,0.5119047619047619,1.541283583925909,0.12324778244887873,0.25738669169244716,False
HHOLLW3_WND1,168,2.8667261904761907,8.227380952380951,0.4880952380952381,1.5400277284050257,0.12355359462851111,0.25738669169244716,False
HHOLLW2_WND1,168,2.8667261904761907,8.227380952380951,0.4880952380952381,1.5400277284050257,0.12355359462851111,0.25738669169244716,False
HHOLLW4_WND1,168,2.8667261904761907,8.227380952380951,0.4880952380952381,1.5400277284050257,0.12355359462851111,0.25738669169244716,False
H_HOLLO_WND1,168,2.8667261904761907,8.227380952380951,0.4880952380952381,1.5400277284050257,0.12355359462851111,0.25738669169244716,False
BUFF_GAP_ALL,168,2.866666666666667,8.227321428571427,0.4880952380952381,1.5399819178346272,0.12356476110455228,0.25738669169244716,False
KELAMSL_U1,168,2.5435714285714295,7.826845238095237,0.5357142857142857,1.539720525352903,0.12362849144798223,0.25738669169244716,False
MNWL_BESS_RN,168,2.805595238095238,7.866041666666666,0.5119047619047619,1.529739498697967,0.12608122251450832,0.26023938159557114,False
WES_ALL,168,2.090654761904762,7.1449107142857144,0.5119047619047619,1.5295186517986485,0.12613591879967898,0.26023938159557114,False
PANDA_T2_CC1,168,2.7872916666666665,9.185029761904762,0.5119047619047619,1.5247301285657469,0.12732642373235903,0.26023938159557114,False
PANDA_T2_CT1,168,2.7872916666666665,9.185029761904762,0.5119047619047619,1.5247301285657469,0.12732642373235903,0.26023938159557114,False
PANDA_T2_ST1,168,2.7872916666666665,9.185029761904762,0.5119047619047619,1.5247301285657469,0.12732642373235903,0.26023938159557114,False
PANDA_T1_CT1,168,2.7872916666666665,9.185029761904762,0.5119047619047619,1.5247301285657469,0.12732642373235903,0.26023938159557114,False
PANDA_T1_CC1,168,2.7872916666666665,9.185029761904762,0.5119047619047619,1.5247301285657469,0.12732642373235903,0.26023938159557114,False
PANDA_T1_CT2,168,2.7872916666666665,9.185029761904762,0.5119047619047619,1.5247301285657469,0.12732642373235903,0.26023938159557114,False
PANDA_T1_ST1,168,2.7872916666666665,9.185029761904762,0.5119047619047619,1.5247301285657469,0.12732642373235903,0.26023938159557114,False
PANDA_T2_CT2,168,2.7872916666666665,9.185029761904762,0.5119047619047619,1.5247301285657469,0.12732642373235903,0.26023938159557114,False
BLVN_RN,168,2.712187500000001,9.016324404761903,0.5178571428571429,1.522301652026266,0.1279335143327636,0.2610030456642878,False
SCES_UNIT1,168,2.5114732142857146,8.40659226190476,0.5297619047619048,1.5192284700512442,0.12870499742510766,0.26145117093449755,False
CLT_RN,168,2.157113095238096,6.932797619047619,0.5059523809523809,1.5186336493203962,0.12885473630134897,0.26145117093449755,False
CLO_RN,168,2.157113095238096,6.932797619047619,0.5059523809523809,1.5186336493203962,0.12885473630134897,0.26145117093449755,False
BELM_SLR_RN,168,2.7574851190476197,9.165133928571427,0.5119047619047619,1.5165835894272923,0.12937185125775508,0.26202487265610536,False
WR_RN,168,2.128705357142858,7.351770833333332,0.5178571428571429,1.5154266331301436,0.12966439696687918,0.2621424879004899,False
ULYS_SLR_RN,168,2.877842261904763,8.2559375,0.49404761904761907,1.5140378629972322,0.13001623667516976,0.2621574893575076,False
HRMS_SLR_RN,168,2.700133928571429,8.774955357142856,0.5119047619047619,1.5135469174591019,0.13014079301736736,0.2621574893575076,False
HOLSTEIN_ALL,168,2.8088392857142868,8.197916666666666,0.48214285714285715,1.5125771212956816,0.13038710926486724,0.2621812736656863,False
HALO_RN1,168,2.690535714285715,8.754285714285714,0.5119047619047619,1.5100349621181597,0.13103450327293045,0.263010008364697,False
STLHS_SL_RN,168,2.6806845238095245,8.732380952380952,0.5119047619047619,1.5064123613135898,0.1319613493787644,0.2643956785044061,False
BOSQUESW_CC1,168,2.289107142857144,7.916994047619046,0.5059523809523809,1.5039598167476542,0.13259171357785293,0.26470988532149925,False
BOSQ_BSQS_34,168,2.289107142857144,7.916994047619046,0.5059523809523809,1.5039598167476542,0.13259171357785293,0.26470988532149925,False
AQLA_WND_RN,168,2.461309523809524,8.223244047619048,0.5238095238095238,1.5008551260770908,0.13339303681976075,0.2654299409174421,False
RN_LNP_SLR,168,2.0781547619047624,7.098035714285713,0.5119047619047619,1.500723024143391,0.13342721538068197,0.2654299409174421,False
WND_WHITNEY,168,2.3241517857142857,7.9981994047619045,0.5,1.4971453608248324,0.1343554389486948,0.2668017419975858,False
WGU_RN,168,2.0752083333333338,7.086488095238095,0.5178571428571429,1.4932803252095739,0.13536382349406934,0.26832757919569067,False
CORALSLR_ALL,168,2.3804464285714286,8.221130952380953,0.5297619047619048,1.4868223362776574,0.13706174055607476,0.2702748681026736,False
LHSES_UNIT2,168,2.433958333333333,7.883154761904761,0.5297619047619048,1.486785689183741,0.13707142237407507,0.2702748681026736,False
LHSES_UNIT1,168,2.433958333333333,7.883154761904761,0.5297619047619048,1.486785689183741,0.13707142237407507,0.2702748681026736,False
MAVCRK_W_ALL,168,2.873065476190477,8.283839285714286,0.4880952380952381,1.4828573954458857,0.13811230297225116,0.27110397614056897,False
GALO_RN1,168,2.873065476190477,8.283839285714286,0.4880952380952381,1.4828573954458857,0.13811230297225116,0.27110397614056897,False
CRWN_SLR_UN1,168,2.574880952380953,9.112113095238096,0.5059523809523809,1.480151682738752,0.13883277154542875,0.27110397614056897,False
GOLINDA_UN1,168,2.574880952380953,9.112113095238096,0.5059523809523809,1.480151682738752,0.13883277154542875,0.27110397614056897,False
DRAK_ESS_RN,168,2.477872023809524,7.7757291666666655,0.5297619047619048,1.478815068743238,0.1391897473596876,0.27110397614056897,False
CST1_SLR_RN,168,2.602559523809524,8.189613095238096,0.5119047619047619,1.4786152382770164,0.13924317769891206,0.27110397614056897,False
CST2_SLR_RN,168,2.602559523809524,8.189613095238096,0.5119047619047619,1.4786152382770164,0.13924317769891206,0.27110397614056897,False
ROSELAND_ALL,168,2.4504910714285715,8.293526785714286,0.5297619047619048,1.4779101458605384,0.13943183030485434,0.27110397614056897,False
OLIN_OLING_1,168,2.459806547619048,7.768318452380951,0.5297619047619048,1.4709432580588,0.14130646269845804,0.2730631283625168,False
OLIN_OLING_2,168,2.4579613095238093,7.767901785714287,0.5297619047619048,1.4696338658623347,0.1416609430217807,0.2730631283625168,False
OLIN_OLING_4,168,2.4579613095238093,7.767901785714287,0.5297619047619048,1.4696338658623347,0.1416609430217807,0.2730631283625168,False
OLIN_OLING_3,168,2.4579613095238093,7.767901785714287,0.5297619047619048,1.4696338658623347,0.1416609430217807,0.2730631283625168,False
STEA_STEAM_1,168,2.4692857142857148,7.757321428571428,0.5297619047619048,1.4691289440179474,0.14179781848116327,0.2730631283625168,False
AURO_SLR_RN,168,2.583407738095238,8.520401785714286,0.5178571428571429,1.4687341924861639,0.14190489944420595,0.2730631283625168,False
TNS_SLR_ALL,168,2.4340327380952385,8.263824404761905,0.5297619047619048,1.4666464688014966,0.1424722520606587,0.2736838106594784,False
ANSON1_ALL,168,2.5734970238095234,8.183348214285715,0.5178571428571429,1.4621648134930385,0.1436960512760496,0.2753276507178419,False
AMAD_ESS_RN,168,2.4042708333333342,7.7534374999999995,0.5357142857142857,1.461710619406287,0.1438205259563682,0.2753276507178419,False
CALLAHA_WND1,168,2.842514880952382,8.31263392857143,0.49404761904761907,1.4601939030429216,0.1442367905044758,0.2756525329641093,False
HB_HUBAVG,168,2.376964285714286,7.48767857142857,0.5178571428571429,1.4589809374478317,0.14457035443510957,0.27581852603831486,False
STEA_STEAM_2,168,2.4457142857142866,7.7511607142857155,0.5297619047619048,1.455163868311125,0.14562390107216994,0.2764134488942037,False
STEA_STEAM_3,168,2.4457142857142866,7.7511607142857155,0.5297619047619048,1.455163868311125,0.14562390107216994,0.2764134488942037,False
STEAM_ENG123,168,2.4457142857142866,7.7511607142857155,0.5297619047619048,1.455163868311125,0.14562390107216994,0.2764134488942037,False
HAYSEN1_2,168,4.106428571428572,10.775,0.5238095238095238,1.4538496452926022,0.14598799602185147,0.2764599344971458,False
MAND_SLR_RN,168,2.545133928571429,8.440342261904762,0.5238095238095238,1.45284693554029,0.14626625699727738,0.2764599344971458,False
BTM_ALL,168,2.008601190476191,6.914613095238097,0.5,1.451887971604486,0.14653275761137194,0.2764599344971458,False
AE_RN,168,1.9773958333333337,7.002485119047618,0.5059523809523809,1.4497362745777582,0.14713207605170103,0.2764599344971458,False
MYR_ALL,168,1.9773958333333337,7.002485119047618,0.5059523809523809,1.4497362745777582,0.14713207605170103,0.2764599344971458,False
BCH_RN,168,1.9773958333333337,7.002485119047618,0.5059523809523809,1.4497362745777582,0.14713207605170103,0.2764599344971458,False
RN_RTS1,168,2.8278422619047623,8.28549107142857,0.4880952380952381,1.44868932162669,0.14742436390143948,0.2765443604728344,False
ANCHOR_ALL,168,2.4797916666666673,8.359136904761906,0.5238095238095238,1.445723922390584,0.14825465179215538,0.27763601457894427,False
EMPCT_RN,168,2.3770238095238096,8.23625,0.5238095238095238,1.4421176470942385,0.14926918750774287,0.27900734789793763,False
HKSN_SLR_ALL,168,2.4772470238095248,8.345550595238095,0.5238095238095238,1.4413492227576161,0.14948604775569288,0.27900734789793763,False
SHEEPCRK_1,168,2.4747321428571434,8.328511904761905,0.5238095238095238,1.436350548330718,0.1509026171481258,0.2799885965319837,False
DORA_SLR_RN,168,2.4747321428571434,8.328511904761905,0.5238095238095238,1.436350548330718,0.1509026171481258,0.2799885965319837,False
RRC_WIND_ALL,168,2.4747321428571434,8.328511904761905,0.5238095238095238,1.436350548330718,0.1509026171481258,0.2799885965319837,False
HB_BUSAVG,168,2.3454315476190484,7.497127976190476,0.5178571428571429,1.4354840307957721,0.15114921571885728,0.2799885965319837,False
YAPN_SLR_RN,168,2.5039285714285717,8.375982142857143,0.5238095238095238,1.435081184692906,0.15126396449491786,0.2799885965319837,False
BRANDON_RN,168,2.72625,8.508214285714287,0.5178571428571429,1.4277743656423956,0.15335681344501317,0.28328678785719785,False
EBELLS_UNIT1,168,2.4856994047619057,8.348824404761904,0.5238095238095238,1.4266481695447595,0.15368133230309305,0.28328678785719785,False
DIVR_SLR_RN,168,2.375714285714286,8.155386904761905,0.5238095238095238,1.4262160949852303,0.15380597516039274,0.28328678785719785,False
NACPW_UNIT1,168,2.2965327380952387,7.6855208333333325,0.5238095238095238,1.4183918197783478,0.15607640254722335,0.28648149352271757,False
SCSES_UNIT2,168,2.2756696428571432,7.70358630952381,0.5238095238095238,1.417594376993986,0.15630922276284234,0.28648149352271757,False
SC2SES_UNIT1,168,2.2756696428571432,7.70358630952381,0.5238095238095238,1.417594376993986,0.15630922276284234,0.28648149352271757,False
LNCRK_ALL,168,2.602678571428572,8.090059523809524,0.5059523809523809,1.415978805440685,0.15678170998825025,0.2868771714678622,False
RADN_SLR_ALL,168,2.7776041666666673,8.28861607142857,0.4880952380952381,1.4106938888383793,0.15833489370055653,0.28924576986474215,False
BAIRDWND_ALL,168,2.4564434523809533,8.24311011904762,0.5238095238095238,1.4078894395092059,0.15916381063818452,0.29028571010357307,False
TV_RN,168,2.0719047619047624,7.045178571428569,0.5059523809523809,1.4066537547328282,0.15953008497468124,0.29047986156627625,False
PAULN_RN,168,2.289449404761905,7.686443452380951,0.5238095238095238,1.403442696536819,0.16048486848648458,0.291681913532235,False
LILY_RN,168,2.34044642857143,7.757321428571428,0.5238095238095238,1.402680823467253,0.16071203822527436,0.291681913532235,False
LZ_RAYBN,168,2.3421428571428584,7.74330357142857,0.5297619047619048,1.3980245090463637,0.16210570739392682,0.29361423263482217,False
PRID_RN,168,2.9022619047619056,8.5075,0.49404761904761907,1.3965183081161798,0.16255847132310064,0.29361423263482217,False
DIBOL_RN,168,2.283154761904762,7.676726190476191,0.5297619047619048,1.3923980225767143,0.16380190294542973,0.29361423263482217,False
AGUAYO_UNIT1,168,2.925610119047619,8.553526785714286,0.4880952380952381,1.3916142717252538,0.16403923477647064,0.29361423263482217,False
LFSTH_RN,168,2.2807291666666676,7.675372023809524,0.5297619047619048,1.3908514757996882,0.16427046983159432,0.29361423263482217,False
ARMD_SLR_RN,168,2.211458333333334,7.604553571428572,0.5416666666666666,1.389985733570638,0.1645332095650709,0.29361423263482217,False
WIG_BESS_RN,168,2.3320833333333337,7.755327380952381,0.5297619047619048,1.3899581797710447,0.16454157692211724,0.29361423263482217,False
PITSDD_UNIT1,168,2.313407738095239,8.561205357142857,0.5297619047619048,1.3875643658188328,0.16526973859492888,0.29361423263482217,False
DA_BESS2,168,1.9631696428571432,7.256383928571428,0.5059523809523809,1.3853869605934217,0.165934175970319,0.29361423263482217,False
DA_BESS,168,1.9631696428571432,7.256383928571428,0.5059523809523809,1.3853869605934217,0.165934175970319,0.29361423263482217,False
RN_SOLC_SLR,168,2.512321428571429,8.048303571428571,0.5059523809523809,1.3849567909634137,0.16606568002839084,0.29361423263482217,False
SBE_RN_1,168,2.02733630952381,7.442991071428571,0.5178571428571429,1.382067779785075,0.16695089047816547,0.29361423263482217,False
HWF_HWFG1,168,2.5405654761904763,8.059910714285715,0.5119047619047619,1.3815809811099833,0.16710039699557244,0.29361423263482217,False
TURQ_BESS1,168,2.303928571428572,7.705089285714285,0.5297619047619048,1.3815167911432709,0.16712011864330067,0.29361423263482217,False
FRMRSVLW_RN,168,2.31436011904762,7.745997023809523,0.5297619047619048,1.3771617392218927,0.16846224808587973,0.29361423263482217,False
FRMR_BS2_RN1,168,2.31436011904762,7.745997023809523,0.5297619047619048,1.3771617392218927,0.16846224808587973,0.29361423263482217,False
BART_SLR_RN,168,2.29700892857143,7.72703869047619,0.5297619047619048,1.3718600167965647,0.17010701941622708,0.29361423263482217,False
ESTONIAN_ALL,168,2.295104166666668,7.731979166666666,0.5297619047619048,1.3680834882409743,0.1712859445068814,0.29361423263482217,False
TNP_TNP_O_1,168,2.357366071428572,8.154747023809524,0.5238095238095238,1.364992270944264,0.17225547928281892,0.29361423263482217,False
TNP_TNP_O_2,168,2.357366071428572,8.154747023809524,0.5238095238095238,1.364992270944264,0.17225547928281892,0.29361423263482217,False
CONIGLIO_RN,168,2.286205357142858,7.719419642857143,0.5297619047619048,1.3615399695667185,0.17334311132093827,0.29361423263482217,False
BR_ARROW_ALL,168,2.269866071428572,7.725342261904762,0.5238095238095238,1.3601628959298728,0.17377838125523482,0.29361423263482217,False
HOPKNSLR_ALL,168,2.271190476190477,7.723184523809524,0.5297619047619048,1.3594119489568601,0.17401608682142267,0.29361423263482217,False
FENCESLR_ALL,168,2.1777529761904773,7.602127976190476,0.5357142857142857,1.3587652371352792,0.17422099224993848,0.29361423263482217,False
TTRSW_RN,168,2.272410714285715,7.721458333333333,0.5297619047619048,1.3587083232374626,0.1742390335826941,0.29361423263482217,False
SAMSON_ALL,168,2.272410714285715,7.721458333333333,0.5297619047619048,1.3587083232374626,0.1742390335826941,0.29361423263482217,False
STAM_SLR_ALL,168,2.271755952380953,7.721845238095238,0.5297619047619048,1.358706539934848,0.17423959890048268,0.29361423263482217,False
WAP_WAP_G2,168,2.020163690476191,6.983794642857142,0.5059523809523809,1.3579894496533371,0.17446703192021684,0.29361423263482217,False
WAP_WAP_G1,168,2.020163690476191,6.983794642857142,0.5059523809523809,1.3579894496533371,0.17446703192021684,0.29361423263482217,False
PNPI_GT2_RN,168,2.020163690476191,6.983794642857142,0.5059523809523809,1.3579894496533371,0.17446703192021684,0.29361423263482217,False
PHOENIX_RN,168,2.28373511904762,7.717872023809524,0.5297619047619048,1.3579042704095698,0.17449406216987773,0.29361423263482217,False
CARTWHL_RN,168,2.269032738095239,7.705758928571428,0.5297619047619048,1.3578705772076318,0.17450475502329743,0.29361423263482217,False
LPCCS_UNIT2,168,2.2791071428571437,7.726815476190477,0.5297619047619048,1.356713490866281,0.17487226417139068,0.29361423263482217,False
LPCCS_CT12,168,2.2791071428571437,7.726815476190477,0.5297619047619048,1.356713490866281,0.17487226417139068,0.29361423263482217,False
LPCCS_UNIT1,168,2.2791071428571437,7.726815476190477,0.5297619047619048,1.356713490866281,0.17487226417139068,0.29361423263482217,False
LPCCS_CC1,168,2.278214285714286,7.726160714285713,0.5297619047619048,1.3563593954668955,0.17498484590260388,0.29361423263482217,False
PINEFRST_RN,168,2.2803125,7.718020833333334,0.5297619047619048,1.356268953418152,0.17501360988168457,0.29361423263482217,False
LPCCS_CC2,168,2.2773809523809527,7.725446428571429,0.5297619047619048,1.3560304500173628,0.175089479871257,0.29361423263482217,False
TEN_CC1,168,2.358690476190477,7.6814880952380955,0.5357142857142857,1.3557422493287696,0.17518119174233648,0.29361423263482217,False
TEN_CT1_STG,168,2.358630952380953,7.681547619047619,0.5357142857142857,1.3556997615520454,0.17519471532943276,0.29361423263482217,False
IMP_RN1,168,2.274241071428572,7.721622023809524,0.5297619047619048,1.35565479920076,0.1752090274061231,0.29361423263482217,False
LPCCS_CT21,168,2.2764285714285717,7.7246130952380945,0.5297619047619048,1.3556544498049279,0.17520913862658616,0.29361423263482217,False
LPCCS_CT22,168,2.2764285714285717,7.7246130952380945,0.5297619047619048,1.3556544498049279,0.17520913862658616,0.29361423263482217,False
LPCCS_CT11,168,2.2764285714285717,7.7246130952380945,0.5297619047619048,1.3556544498049279,0.17520913862658616,0.29361423263482217,False
SIG_SLR_RN,168,2.261354166666667,7.706056547619046,0.5238095238095238,1.3555574743065053,0.17524001012073032,0.29361423263482217,False
BLACKSPR_RN,168,2.423750000000001,7.718303571428573,0.5119047619047619,1.3551811663822895,0.17535984363646873,0.29361423263482217,False
BAKE_RN_ALL,168,2.2756398809523817,7.724330357142857,0.5297619047619048,1.3545805724461681,0.17555122663226697,0.29361423263482217,False
DC_E,168,2.268482142857143,7.716666666666667,0.5297619047619048,1.3538392909302939,0.17578765537504926,0.29361423263482217,False
PLATINUM_RN,168,2.2793452380952384,7.720267857142858,0.5297619047619048,1.3536677136013997,0.17584241309915205,0.29361423263482217,False
TDWLPR_1_RN,168,2.3346130952380952,8.120654761904762,0.5238095238095238,1.353437492586261,0.1759159065359842,0.29361423263482217,False
BRAN_ESS_RN,168,2.3346130952380952,8.120654761904762,0.5238095238095238,1.353437492586261,0.1759159065359842,0.29361423263482217,False
VLSES_UNIT3,168,2.279464285714286,7.719880952380953,0.5238095238095238,1.353304287793348,0.17595843995110094,0.29361423263482217,False
KMCHI_CC1,168,2.279464285714286,7.719880952380953,0.5238095238095238,1.353304287793348,0.17595843995110094,0.29361423263482217,False
KMCHI_CC2,168,2.279464285714286,7.719880952380953,0.5238095238095238,1.353304287793348,0.17595843995110094,0.29361423263482217,False
LZ_NORTH,168,2.277872023809525,7.786502976190477,0.5238095238095238,1.3510209447298733,0.17668872348464437,0.29439343197590523,False
WAP_WAPGT_1,168,2.0044642857142865,7.0022916666666655,0.5059523809523809,1.348186120477897,0.1775985275802573,0.294738559388169,False
DENISON_G1_2,168,2.2849107142857146,7.718392857142856,0.5297619047619048,1.348039861371822,0.17764556220738603,0.294738559388169,False
LGW_UNIT_ALL,168,2.5374107142857145,7.95517857142857,0.49404761904761907,1.3460013396472557,0.17830208454509544,0.294738559388169,False
PANDA_S_CT2,168,2.2842857142857143,7.716755952380952,0.5297619047619048,1.3446407623625045,0.17874127304577692,0.294738559388169,False
PANDA_S_CC1,168,2.2842857142857143,7.716755952380952,0.5297619047619048,1.3446407623625045,0.17874127304577692,0.294738559388169,False
PANDA_S_ST1,168,2.2842857142857143,7.716755952380952,0.5297619047619048,1.3446407623625045,0.17874127304577692,0.294738559388169,False
PANDA_S_CT1,168,2.2842857142857143,7.716755952380952,0.5297619047619048,1.3446407623625045,0.17874127304577692,0.294738559388169,False
SMTH_ESS_RN,168,2.2376934523809533,7.6751934523809515,0.5238095238095238,1.342137317088892,0.1795514761587923,0.29563851302728983,False
GAIA_SLR_RN,168,2.158288690476191,7.6039434523809515,0.5297619047619048,1.3403700114600516,0.18012508028199714,0.29586043589178196,False
FRNYPP_CC2,168,2.206622023809525,7.680907738095238,0.5238095238095238,1.3376534687741375,0.18100942589443547,0.29586043589178196,False
FRNYPP_1_CCU,168,2.206622023809525,7.680907738095238,0.5238095238095238,1.3376534687741375,0.18100942589443547,0.29586043589178196,False
FRNYPP_2_CCU,168,2.206622023809525,7.680907738095238,0.5238095238095238,1.3376534687741375,0.18100942589443547,0.29586043589178196,False
FRNYPP_CC1,168,2.206622023809525,7.680907738095238,0.5238095238095238,1.3376534687741375,0.18100942589443547,0.29586043589178196,False
LMWD_SLR_RN,168,2.9895833333333335,11.030059523809523,0.49404761904761907,1.335945251187841,0.1815671688690551,0.29609858015906276,False
TRSES_UNIT6,168,2.1534375000000003,7.606622023809523,0.5297619047619048,1.3355854223285204,0.18168481752157162,0.29609858015906276,False
ELZA_SLR_RN,168,2.2124255952380953,7.664717261904762,0.5178571428571429,1.3298158736175585,0.18357894458467006,0.2987500146225053,False
APCH_BES_RN,168,2.3573958333333334,7.639657738095239,0.5357142857142857,1.3267866322353539,0.18457927368842864,0.29994131974369653,False
WAP_WAP_G5,168,1.9799255952380956,7.007752976190475,0.5059523809523809,1.3257224663640559,0.1849316429520892,0.3000777602618806,False
WAL_RN,168,2.09748511904762,7.678407738095237,0.5119047619047619,1.3181551692628586,0.18745170938035804,0.3022530819879089,False
RN_DEC_AGR_D,168,2.2828273809523814,7.744047619047619,0.5178571428571429,1.3176866418864828,0.18760856808528137,0.3022530819879089,False
RN_DEC_AGR_C,168,2.2828273809523814,7.744047619047619,0.5178571428571429,1.3176866418864828,0.18760856808528137,0.3022530819879089,False
RN_DEC_AGR_A,168,2.282767857142858,7.743988095238094,0.5178571428571429,1.3176405448987807,0.1876240061713853,0.3022530819879089,False
RN_DEC_AGR_B,168,2.282767857142858,7.743988095238094,0.5178571428571429,1.3176405448987807,0.1876240061713853,0.3022530819879089,False
SPNC_SPNCE_5,168,2.2755208333333337,7.741622023809524,0.5178571428571429,1.3142767113059648,0.18875310149188618,0.3023780610000419,False
SPNC_SPNCE_4,168,2.2755208333333337,7.741622023809524,0.5178571428571429,1.3142767113059648,0.18875310149188618,0.3023780610000419,False
JACKCNTY_CC1,168,2.3582142857142854,7.824791666666667,0.5059523809523809,1.3117786495639336,0.18959483073437333,0.3023780610000419,False
JACKCNTY_STG,168,2.3582142857142854,7.824791666666667,0.5059523809523809,1.3117786495639336,0.18959483073437333,0.3023780610000419,False
KEECHI_U1,168,2.3582142857142854,7.824791666666667,0.5059523809523809,1.3117786495639336,0.18959483073437333,0.3023780610000419,False
JACKCNTY_CT2,168,2.3582142857142854,7.824791666666667,0.5059523809523809,1.3117786495639336,0.18959483073437333,0.3023780610000419,False
JACKCNTY_CT1,168,2.3582142857142854,7.824791666666667,0.5059523809523809,1.3117786495639336,0.18959483073437333,0.3023780610000419,False
RN_APOGEE,168,2.397738095238096,8.031517857142857,0.5059523809523809,1.3095772877185972,0.19033887601348698,0.30306838470654496,False
RVN_RN,168,2.007872023809524,7.501622023809524,0.5119047619047619,1.3088952553583844,0.19056983403282746,0.30306838470654496,False
ETCCS_CC1,168,2.124568452380953,7.667723214285714,0.5297619047619048,1.3063619764936678,0.1914294900035669,0.30357187209076286,False
ETCCS_CCU,168,2.124568452380953,7.667723214285714,0.5297619047619048,1.3063619764936678,0.1914294900035669,0.30357187209076286,False
RIPPEY_ALL,168,2.2713839285714297,7.735520833333334,0.5059523809523809,1.3046349205590437,0.19201719146556528,0.3040098358579661,False
WILDWIND_ALL,168,2.2620833333333334,7.7333630952380945,0.5178571428571429,1.3031562162629322,0.19252143451470483,0.3040098358579661,False
TROJ_SLR_RN,168,2.2620833333333334,7.7333630952380945,0.5178571428571429,1.3031562162629322,0.19252143451470483,0.3040098358579661,False
NOBLESLR_ALL,168,2.25967261904762,7.737738095238096,0.5178571428571429,1.2953778483229725,0.19518991582043366,0.30735538857358424,False
HMNG_ESS_RN,168,2.25967261904762,7.737738095238096,0.5178571428571429,1.2953778483229725,0.19518991582043366,0.30735538857358424,False
ANOL_ESS_RN,168,2.1216666666666666,7.641309523809523,0.5178571428571429,1.2927767827447736,0.19608827257486783,0.3083357084932521,False
WAP_WAP_G3,168,1.9866815476190482,7.184300595238096,0.5059523809523809,1.2877028949287812,0.19784940546734175,0.3102323075911474,False
WAP_WAP_G4,168,1.9866815476190482,7.184300595238096,0.5059523809523809,1.2877028949287812,0.19784940546734175,0.3102323075911474,False
HB_NORTH,168,2.209166666666668,7.702678571428573,0.5178571428571429,1.2855080621794543,0.19861480126039632,0.3102388783020554,False
VISION_RN,168,2.1691071428571433,7.708065476190476,0.5178571428571429,1.2820165833227612,0.1998368289423662,0.3102388783020554,False
JCKCNTY2_CC1,168,2.2775744047619058,7.772008928571428,0.5059523809523809,1.2793914153587005,0.2007592553737072,0.3102388783020554,False
JCKCNTY2_CT3,168,2.2775744047619058,7.772008928571428,0.5059523809523809,1.2793914153587005,0.2007592553737072,0.3102388783020554,False
JCKCNTY2_CT4,168,2.2775744047619058,7.772008928571428,0.5059523809523809,1.2793914153587005,0.2007592553737072,0.3102388783020554,False
JCKCNTY2_ST2,168,2.2775744047619058,7.772008928571428,0.5059523809523809,1.2793914153587005,0.2007592553737072,0.3102388783020554,False
STRATEGC_RN,168,2.1403125000000007,7.652038690476191,0.5178571428571429,1.277698334151038,0.20135581283788506,0.3102388783020554,False
WCPP_CT1,168,2.275952380952382,7.771369047619048,0.5119047619047619,1.277251624935887,0.20151342626141366,0.3102388783020554,False
WCPP_CC1,168,2.275952380952382,7.771369047619048,0.5119047619047619,1.277251624935887,0.20151342626141366,0.3102388783020554,False
WCPP_CT2,168,2.275952380952382,7.771369047619048,0.5119047619047619,1.277251624935887,0.20151342626141366,0.3102388783020554,False
WCPP_ST1,168,2.275952380952382,7.771369047619048,0.5119047619047619,1.277251624935887,0.20151342626141366,0.3102388783020554,False
BOARDCRK_ALL,168,2.17296130952381,7.751979166666667,0.5178571428571429,1.2760181572387763,0.20194910063395322,0.3102388783020554,False
PISG_RN_ALL,168,2.17296130952381,7.751979166666667,0.5178571428571429,1.2760181572387763,0.20194910063395322,0.3102388783020554,False
AZURE_RN,168,2.299300595238096,8.083020833333332,0.5,1.2732044033737484,0.2029455184476754,0.3102388783020554,False
TYLRWIND_RN,168,2.2454761904761913,7.817142857142856,0.5059523809523809,1.2730110838106454,0.20301410877830883,0.3102388783020554,False
MUENSTER_RN,168,2.2448660714285724,7.817752976190476,0.5059523809523809,1.2724853137086034,0.20320073890286794,0.3102388783020554,False
DERMOTT_ALL,168,2.3315625000000004,8.14528273809524,0.5119047619047619,1.2707717133554555,0.20380987461701527,0.3102388783020554,False
CNLY_ESS_RN,168,2.2504315476190486,7.773110119047619,0.5,1.2704901191071698,0.20391010029124812,0.3102388783020554,False
DC2SES_ALL,168,2.24482142857143,7.652708333333335,0.5178571428571429,1.2694308478956797,0.2042874397772011,0.3102388783020554,False
ANDMDSLR_ALL,168,2.314895833333334,8.121651785714286,0.5059523809523809,1.268278654309867,0.2046984571000987,0.3102388783020554,False
AMADEUS_ALL,168,2.2990625000000002,8.103497023809522,0.5059523809523809,1.2646101608127134,0.2060111088841765,0.3102388783020554,False
LIGSW_RN,168,2.2122023809523816,7.692380952380952,0.5119047619047619,1.2645213716548427,0.20604295482430757,0.3102388783020554,False
PPEC_RN,168,2.037351190476191,7.607142857142857,0.5178571428571429,1.2644422019579964,0.2060713535752402,0.3102388783020554,False
FREC_1_CCU,168,2.037351190476191,7.607142857142857,0.5178571428571429,1.2644422019579964,0.2060713535752402,0.3102388783020554,False
FREC_CC1,168,2.037351190476191,7.607142857142857,0.5178571428571429,1.2644422019579964,0.2060713535752402,0.3102388783020554,False
GRSES_UNIT2,168,2.3285565476190486,7.987008928571428,0.49404761904761907,1.2634505032658059,0.20642732405455377,0.3102388783020554,False
BUCKTHRN_RN,168,2.0901636904761913,7.532395833333332,0.5416666666666666,1.2633249658287866,0.20647241756668067,0.3102388783020554,False
OGSES_2,168,2.1668303571428567,7.893973214285713,0.5178571428571429,1.2626988869886413,0.20669741419117504,0.3102388783020554,False
OGSES_1,168,2.1668303571428567,7.893973214285713,0.5178571428571429,1.2626988869886413,0.20669741419117504,0.3102388783020554,False
JADE_SLR_ALL,168,2.314970238095238,8.139136904761905,0.5119047619047619,1.2614488131282555,0.2071471909649074,0.3102388783020554,False
PDRA_SLR_RN,168,2.1498958333333342,7.772127976190476,0.5059523809523809,1.2604618719739724,0.20750279395074234,0.3102388783020554,False
VORT_ALL_RN,168,2.286369047619048,8.045863095238095,0.5059523809523809,1.260403224665297,0.20752393898792054,0.3102388783020554,False
YCAT_WND_RN,168,2.1808333333333336,7.712261904761904,0.5178571428571429,1.257641988968784,0.208521260747491,0.3102388783020554,False
TAV_RN,168,1.9272470238095243,7.5573363095238095,0.5059523809523809,1.2571652919588634,0.20869378844434694,0.3102388783020554,False
RN_QTUM_SLR,168,2.272247023809524,8.071175595238095,0.5,1.256810781125899,0.20882216118805774,0.3102388783020554,False
WHTTAIL_WR1,168,2.2260119047619056,7.848690476190476,0.5,1.255632502190749,0.209249241635739,0.3102388783020554,False
EIFSLR_UNIT1,168,2.116741071428572,7.657276785714286,0.5178571428571429,1.2537798070475463,0.20992205074934378,0.3102388783020554,False
FREC_2_CCU,168,2.110505952380953,7.684255952380952,0.5238095238095238,1.2535963906696754,0.2099887437880833,0.3102388783020554,False
FREC_CC2,168,2.110505952380953,7.684255952380952,0.5238095238095238,1.2535963906696754,0.2099887437880833,0.3102388783020554,False
WFCOGEN_13,168,2.2697767857142868,8.002068452380952,0.5,1.2527239605430256,0.21030618289775627,0.3102388783020554,False
WFCOGEN_24,168,2.2697767857142868,8.002068452380952,0.5,1.2527239605430256,0.21030618289775627,0.3102388783020554,False
WFCOGEN_CC1,168,2.2697767857142868,8.002068452380952,0.5,1.2527239605430256,0.21030618289775627,0.3102388783020554,False
OR_BESS_RN,168,1.9222172619047622,7.560848214285714,0.5059523809523809,1.25177130179088,0.2106532101681845,0.3102388783020554,False
GRSES_UNIT1,168,2.307247023809524,8.034687499999999,0.4880952380952381,1.2517413387925254,0.2106641315765907,0.3102388783020554,False
MASSENGL_G7,168,2.421994047619048,8.396160714285715,0.5119047619047619,1.2513759293505622,0.21079735500437835,0.3102388783020554,False
MASSENGL_G6,168,2.421994047619048,8.396160714285715,0.5119047619047619,1.2513759293505622,0.21079735500437835,0.3102388783020554,False
INRT_W_ALL,168,2.2627083333333333,8.067380952380953,0.5,1.251105912908461,0.21089583855953675,0.3102388783020554,False
LEON_SLR_RN,168,2.063333333333334,7.667767857142857,0.5238095238095238,1.249721937427102,0.2114011407364469,0.3104335465111945,False
THREEW_S_RN,168,2.189866071428572,9.480818452380952,0.5357142857142857,1.2492230367059165,0.21158350844501805,0.3104335465111945,False
RAT_RN_1,168,2.46827380952381,8.245892857142858,0.47023809523809523,1.2465907309085391,0.21254760213920576,0.3114393436325453,False
CHISMGRD_RN,168,2.2478422619047618,7.76688988095238,0.5059523809523809,1.2439799288120794,0.21350695005294762,0.3124355630355961,False
TRINITY_ALL,168,2.2783333333333338,7.968958333333332,0.49404761904761907,1.2417406328038003,0.21433227297943402,0.3129408743332763,False
YNG_WND_ALL,168,2.265520833333334,8.002544642857142,0.5059523809523809,1.2415244170700228,0.21441208384551846,0.3129408743332763,False
LEG_LEG_G1,168,2.117291666666667,7.802410714285716,0.5178571428571429,1.2384335049457567,0.21555536368371342,0.3135239922976779,False
LEG_LEG_G2,168,2.117291666666667,7.802410714285716,0.5178571428571429,1.2384335049457567,0.21555536368371342,0.3135239922976779,False
LACASAWD_RN,168,2.184300595238095,7.80578869047619,0.5,1.2381703391614902,0.21565290704554052,0.3135239922976779,False
SENATEWD_1,168,2.278526785714286,7.966086309523808,0.49404761904761907,1.2363468728672162,0.21632965494038892,0.31409942106929195,False
RBN_BESS1,168,2.0313988095238096,7.529255952380952,0.5059523809523809,1.2320541770662563,0.21792884695145476,0.3154173811959448,False
PINN_SLR_RN,168,2.2835714285714293,7.976458333333333,0.49404761904761907,1.2310685527288008,0.21829722593544076,0.3154173811959448,False
GPASTURE_ALL,168,2.244568452380953,7.976235119047619,0.5,1.2294599776932793,0.21889939462216468,0.3154173811959448,False
VERTIGO_UN1,168,2.244568452380953,7.976235119047619,0.5,1.2294599776932793,0.21889939462216468,0.3154173811959448,False
ELS_RN_1,168,2.1784077380952387,7.678050595238095,0.5297619047619048,1.228775894146583,0.21915584194169546,0.3154173811959448,False
SALVTION_GEN,168,2.2257440476190484,8.05202380952381,0.5,1.2286254774086107,0.21921225866659133,0.3154173811959448,False
HORSECRK_RN,168,2.2257440476190484,8.05202380952381,0.5,1.2286254774086107,0.21921225866659133,0.3154173811959448,False
OYST_SLR_RN,168,2.164062500000001,7.704211309523809,0.5059523809523809,1.2263470403356307,0.2200681064110377,0.316241829007121,False
MDWPK_RN,168,2.232842261904763,7.785877976190475,0.5059523809523809,1.2197931301618294,0.22254330631688324,0.3193882111197375,False
VERAWIND_ALL,168,2.2056547619047624,8.044761904761904,0.5,1.2166509065452082,0.22373706526782078,0.3202791792182121,False
TRUSGILL_RN,168,2.2056547619047624,8.044761904761904,0.5,1.2166509065452082,0.22373706526782078,0.3202791792182121,False
FAGUSSLR_RN,168,2.219077380952382,8.27767857142857,0.5119047619047619,1.2144565022712448,0.2245734504291801,0.32076789584051646,False
ENDPARK_ESS1,168,2.2681994047619054,8.200074404761905,0.5,1.2128278617517774,0.22519564069235043,0.32076789584051646,False
FLUVANNA_1_2,168,2.2681994047619054,8.200074404761905,0.5,1.2128278617517774,0.22519564069235043,0.32076789584051646,False
MLB_SLR_RN,168,2.199464285714286,8.040386904761904,0.5,1.21274817115803,0.22522611648909252,0.32076789584051646,False
MIDP_SLR_RN,168,2.179583333333334,9.449761904761905,0.5357142857142857,1.210843600805961,0.2259553513207918,0.321393592943693,False
AZSP_SLR_RN,168,1.983258928571429,7.566770833333335,0.5238095238095238,1.2095068903389712,0.22646816553234417,0.321393592943693,False
BUZI_SLR_RN,168,2.2234970238095246,8.332098214285715,0.5119047619047619,1.2093514213206116,0.2265278633628176,0.321393592943693,False
PORTSL_UNIT1,168,2.189538690476191,7.904479166666666,0.49404761904761907,1.2047145852550598,0.2283135035021272,0.3235164726430649,False
SHANNONW_RN,168,2.2040476190476195,7.93922619047619,0.49404761904761907,1.2028990059436064,0.229015405074651,0.32363408405400035,False
DSWL_BES1,168,2.160863095238096,7.722797619047618,0.5178571428571429,1.202519818013824,0.22916219252498393,0.32363408405400035,False
MISAE_GEN_RN,168,2.2005654761904774,8.2775,0.5119047619047619,1.2022545182434425,0.2292649325319931,0.32363408405400035,False
MDANP_CT1_2,168,2.156324404761906,7.7223065476190484,0.5178571428571429,1.198707413889412,0.2306417342302668,0.32516703514431056,False
FTWIND_UNIT1,168,2.3312202380952383,8.106755952380952,0.48214285714285715,1.1944387642707652,0.23230638095750222,0.32710142809885073,False
MCSES_UNIT6,168,2.5081250000000006,10.81502976190476,0.5773809523809523,1.1863300284272766,0.23549199245648933,0.33050833599688656,False
MCSES_UNIT8,168,2.5081250000000006,10.81502976190476,0.5773809523809523,1.1863300284272766,0.23549199245648933,0.33050833599688656,False
GRIF_TRL_RN,168,2.15514880952381,8.022559523809523,0.5,1.1860239794310985,0.23561282986540122,0.33050833599688656,False
AJAXWIND_RN,168,2.137142857142858,7.931160714285714,0.5,1.1733095486579366,0.24067169450065617,0.33683799651646296,False
LON_RN1,168,1.7291220238095242,6.927693452380952,0.5119047619047619,1.1729518828226455,0.24081510195945788,0.33683799651646296,False
NOVA2S_UNIT1,168,2.1532886904761908,8.086354166666668,0.5,1.1703509140570432,0.24185978050949908,0.33683799651646296,False
NOVA1SLR_ALL,168,2.1532886904761908,8.086354166666668,0.5,1.1703509140570432,0.24185978050949908,0.33683799651646296,False
TGCCS_ALL,168,2.0057291666666677,7.636919642857143,0.5238095238095238,1.167163586201913,0.24314431315244667,0.33683799651646296,False
TGCCS_CC1,168,2.0057291666666677,7.636919642857143,0.5238095238095238,1.167163586201913,0.24314431315244667,0.33683799651646296,False
WHCCS2_CC2,168,2.164880952380953,7.772470238095239,0.5,1.166420919887186,0.24344430443415788,0.33683799651646296,False
WHCCS2_4,168,2.164880952380953,7.772470238095239,0.5,1.166420919887186,0.24344430443415788,0.33683799651646296,False
WHCCS2_5_6,168,2.164880952380953,7.772470238095239,0.5,1.166420919887186,0.24344430443415788,0.33683799651646296,False
WHCCS_CC1,168,2.1644494047619056,7.77311011904762,0.5,1.1656881479001482,0.24374055382989135,0.33683799651646296,False
WHCCS_CT1_ST,168,2.1644494047619056,7.77311011904762,0.5,1.1656881479001482,0.24374055382989135,0.33683799651646296,False
WHCCS_CT2,168,2.1644494047619056,7.77311011904762,0.5,1.1656881479001482,0.24374055382989135,0.33683799651646296,False
SPARTA_ALL,168,1.8786607142857146,7.42125,0.5059523809523809,1.1604681896322837,0.24585823783628957,0.3379474851662507,False
FOXTROT_ALL,168,1.8786607142857146,7.42125,0.5059523809523809,1.1604681896322837,0.24585823783628957,0.3379474851662507,False
CPSES_UNIT1,168,2.153764880952382,7.770104166666665,0.49404761904761907,1.1600493107252356,0.2460287301712889,0.3379474851662507,False
CPSES_UNIT2,168,2.153764880952382,7.770104166666665,0.49404761904761907,1.1600493107252356,0.2460287301712889,0.3379474851662507,False
CARRIZO_ESR1,168,3.325059523809525,13.005505952380954,0.5476190476190477,1.1599853078718216,0.24605478794752067,0.3379474851662507,False
MONT_WND_RN,168,2.1068898809523815,8.002604166666666,0.5,1.156963372662603,0.24728732513995988,0.3392235944864726,False
ERKA_SLR_RN,168,1.803958333333334,7.530833333333334,0.5119047619047619,1.1460169779544067,0.25178812719037724,0.34497441936132567,False
FOARDCTY_ALL,168,2.081994047619048,7.991398809523808,0.5,1.1410946740201495,0.2538305274103594,0.3473470375089129,False
BRTSW_BCW1,168,2.1654910714285722,8.069598214285714,0.5059523809523809,1.1383897894619621,0.25495775571886903,0.34829596092265297,False
DC_N,168,2.0699553571428573,7.913497023809524,0.5,1.1378016512308304,0.2552033153279242,0.34829596092265297,False
NRTN_SLR_RN,168,2.5536904761904755,9.252142857142857,0.48214285714285715,1.1371906949846569,0.2554585759897813,0.34829596092265297,False
ELECTRAW_1_2,168,2.0691369047619053,7.918035714285715,0.5,1.136417646225788,0.2557818139973894,0.3483118977455315,False
MIAM1_G1_G2,168,2.0908035714285718,8.277529761904763,0.5119047619047619,1.1328797587852115,0.2572647512320204,0.34947994152782363,False
SLTFRK_UN1_2,168,2.0908035714285718,8.277529761904763,0.5119047619047619,1.1328797587852115,0.2572647512320204,0.34947994152782363,False
MLSES_UNIT2,168,1.9351339285714289,7.606502976190476,0.5238095238095238,1.1241756137955088,0.2609385326450713,0.3531831470910287,False
MLSES_UNIT3,168,1.9351339285714289,7.606502976190476,0.5238095238095238,1.1241756137955088,0.2609385326450713,0.3531831470910287,False
MLSES_UNIT1,168,1.9351339285714289,7.606502976190476,0.5238095238095238,1.1241756137955088,0.2609385326450713,0.3531831470910287,False
PH2_U1_U2,168,2.066994047619048,8.278125000000001,0.5059523809523809,1.117840000276071,0.26363533424979435,0.3559713812696499,False
PH1_UNIT1_2,168,2.066994047619048,8.278125000000001,0.5059523809523809,1.117840000276071,0.26363533424979435,0.3559713812696499,False
BLSMT1_5_A_6,168,2.0188839285714293,7.931145833333333,0.5,1.1051681880157826,0.2690867184960074,0.36231812992823886,False
BRISCOE_WIND,168,2.0445386904761915,8.283586309523809,0.5059523809523809,1.102845410277014,0.2700943040828462,0.36231812992823886,False
LHORN_N_U1_2,168,2.0445386904761915,8.283586309523809,0.5059523809523809,1.102845410277014,0.2700943040828462,0.36231812992823886,False
GOODNIT1_ALL,168,2.0428720238095246,8.27953869047619,0.5059523809523809,1.1024894472356075,0.27024894377257114,0.36231812992823886,False
GRANDVW1_A_B,168,2.0420982142857147,8.277782738095238,0.5059523809523809,1.1024173990787958,0.270280250769366,0.36231812992823886,False
ROUTE66_RN,168,2.0420982142857147,8.277782738095238,0.5059523809523809,1.1024173990787958,0.270280250769366,0.36231812992823886,False
HB_PAN,168,2.0319494047619058,8.248794642857144,0.5059523809523809,1.0983655331228763,0.27204490648101487,0.3637193495724563,False
SAH_RN,168,1.9519791666666673,8.661889880952382,0.4642857142857143,1.0977778252212784,0.2723015166298264,0.3637193495724563,False
JAR_RN,168,1.9519791666666673,8.661889880952382,0.4642857142857143,1.0977778252212784,0.2723015166298264,0.3637193495724563,False
SPLAIN2_RN,168,2.030833333333334,8.296755952380952,0.5059523809523809,1.0933721988079708,0.2742304148319954,0.36498762355020337,False
COTPLNS_RN,168,2.030833333333334,8.296755952380952,0.5059523809523809,1.0933721988079708,0.2742304148319954,0.36498762355020337,False
SPLAIN1_RN,168,2.030833333333334,8.296755952380952,0.5059523809523809,1.0933721988079708,0.2742304148319954,0.36498762355020337,False
CTW_RN,168,1.657291666666667,6.957916666666666,0.5059523809523809,1.0899299173782568,0.2757440167455538,0.36648066539680474,False
MDANP_CT3_4,168,2.0463839285714296,7.904627976190476,0.5,1.0822572803167083,0.27913822256293663,0.36648066539680474,False
MDANP_CT5_6,168,2.0463839285714296,7.904627976190476,0.5,1.0822572803167083,0.27913822256293663,0.36648066539680474,False
INGLCO_PUN2,168,1.644672619047619,7.584375,0.4880952380952381,1.08050544342184,0.2799171641158801,0.36648066539680474,False
LGE_CC1,168,1.644672619047619,7.584375,0.4880952380952381,1.08050544342184,0.2799171641158801,0.36648066539680474,False
LGE_LGE_STG,168,1.644672619047619,7.584375,0.4880952380952381,1.08050544342184,0.2799171641158801,0.36648066539680474,False
LGE_LGE_GT2,168,1.644672619047619,7.584375,0.4880952380952381,1.08050544342184,0.2799171641158801,0.36648066539680474,False
LGE_LGE_GT1,168,1.644672619047619,7.584375,0.4880952380952381,1.08050544342184,0.2799171641158801,0.36648066539680474,False
INGLCO_PUN3,168,1.644672619047619,7.584375,0.4880952380952381,1.08050544342184,0.2799171641158801,0.36648066539680474,False
INGLCO_PUN1,168,1.644672619047619,7.584375,0.4880952380952381,1.08050544342184,0.2799171641158801,0.36648066539680474,False
INGLCOSW_STG,168,1.6446130952380953,7.584434523809524,0.4880952380952381,1.0804509840581342,0.27994140272707624,0.36648066539680474,False
INGLCOSW_CC1,168,1.6446130952380953,7.584434523809524,0.4880952380952381,1.0804509840581342,0.27994140272707624,0.36648066539680474,False
INGLCOS_CTG2,168,1.6446130952380953,7.584434523809524,0.4880952380952381,1.0804509840581342,0.27994140272707624,0.36648066539680474,False
INGLCOS_CTG1,168,1.6446130952380953,7.584434523809524,0.4880952380952381,1.0804509840581342,0.27994140272707624,0.36648066539680474,False
FRYE_SLR_ALL,168,1.998035714285714,8.279464285714287,0.5059523809523809,1.0746156715718842,0.2825468325418983,0.3694588991600495,False
SSPURT_WIND1,168,1.9844642857142867,8.274553571428571,0.5059523809523809,1.06696119414038,0.28598935967377437,0.3717673282189105,False
BVE_UNIT3,168,1.656428571428572,7.3708928571428585,0.48214285714285715,1.0656119257237973,0.28659910596504523,0.3717673282189105,False
BVE_UNIT2,168,1.656428571428572,7.3708928571428585,0.48214285714285715,1.0656119257237973,0.28659910596504523,0.3717673282189105,False
RAB_G1-8,168,1.656428571428572,7.3708928571428585,0.48214285714285715,1.0656119257237973,0.28659910596504523,0.3717673282189105,False
BVE_CC1,168,1.656428571428572,7.3708928571428585,0.48214285714285715,1.0656119257237973,0.28659910596504523,0.3717673282189105,False
BVE_UNIT1,168,1.656428571428572,7.3708928571428585,0.48214285714285715,1.0656119257237973,0.28659910596504523,0.3717673282189105,False
WAP_WAP_G8,168,1.657068452380953,7.370997023809523,0.48214285714285715,1.065521667641933,0.2866399256929346,0.3717673282189105,False
HLSES_UNIT5,168,2.265014880952382,8.338318452380953,0.49404761904761907,1.0644920325965912,0.2871058618167671,0.3719401547058466,False
HLSES_UNIT3,168,2.2609375000000007,8.34388392857143,0.49404761904761907,1.0624254825125277,0.2880425704492168,0.37272175203961155,False
FTR_CC1,168,1.8874851190476196,7.800729166666667,0.5297619047619048,1.058972798693212,0.28961216795901956,0.37361013117322056,False
FTR_FTR_G1_4,168,1.8874851190476196,7.800729166666667,0.5297619047619048,1.058972798693212,0.28961216795901956,0.37361013117322056,False
BKSL_RN,168,1.9543601190476196,8.0215625,0.5,1.0572445259765797,0.2904000035684514,0.37361013117322056,False
WAKEWE_ALL,168,1.9543601190476196,8.0215625,0.5,1.0572445259765797,0.2904000035684514,0.37361013117322056,False
DKNS_ESS_RN,168,1.9543601190476196,8.0215625,0.5,1.0572445259765797,0.2904000035684514,0.37361013117322056,False
CN_BRKS_UNT1,168,1.9584672619047625,8.273258928571428,0.5059523809523809,1.051154258750328,0.2931877473835639,0.3767631052584189,False
CNTRY_RN,168,2.0741517857142866,8.057872023809525,0.4880952380952381,1.0398142899025316,0.29842618879276384,0.3830545109877267,False
LMO_ESR_RN,168,1.8439880952380958,7.755624999999999,0.5178571428571429,1.037042756353643,0.299715931269961,0.3842688201374041,False
ASTRA_RN,168,1.9261160714285719,8.27248511904762,0.49404761904761907,1.0314842383425546,0.30231379580293627,0.38627065566592317,False
HRFDWIND_ALL,168,1.9261160714285719,8.27248511904762,0.49404761904761907,1.0314842383425546,0.30231379580293627,0.38627065566592317,False
MARIAH_ALL,168,1.9261160714285719,8.27248511904762,0.49404761904761907,1.0314842383425546,0.30231379580293627,0.38627065566592317,False
HRNT_SLR_RN,168,1.913660714285715,8.273630952380952,0.49404761904761907,1.0237770288080668,0.3059406027071929,0.3904584404413718,False
LGD_LANGFORD,168,2.0944642857142863,8.320416666666668,0.47023809523809523,1.021510829605244,0.30701248089174693,0.39137965066929653,False
EXGNWTL_1,168,-2.2911011904761915,9.142470238095237,0.48214285714285715,-1.0166716273859948,0.3093096673506407,0.39341093071446676,False
CEDROHI_CHW1,168,-2.2911011904761915,9.142470238095237,0.48214285714285715,-1.0166716273859948,0.3093096673506407,0.39341093071446676,False
KEG_RN,168,1.7759970238095244,7.714181547619048,0.5,0.999842133424975,0.3173869120723458,0.40322564511009384,False
DRCK_SLR_RN,168,1.6972916666666673,7.494434523809523,0.5119047619047619,0.9878790812978258,0.323211871483881,0.410159900475572,False
CFLATS_UNIT,168,2.130907738095239,8.804181547619047,0.47023809523809523,0.9852720437803602,0.32449046095599565,0.4109498709590738,False
HLSES_UNIT4,168,1.9463392857142865,8.01907738095238,0.49404761904761907,0.9851110394688618,0.32456953135676403,0.4109498709590738,False
GRIM_SLR_RN,168,1.6628720238095245,7.732752976190476,0.5,0.9819546761387247,0.3261221775746155,0.4124486363443667,False
PAR_RN,168,1.768050595238095,7.835580357142858,0.5178571428571429,0.9685358330607445,0.33277683215143117,0.4203892636670057,False
HART_WND_RN,168,1.7929613095238102,8.275729166666666,0.4880952380952381,0.9515223904849645,0.3413392578499691,0.43071928925086395,False
BLUEJAY_RN,168,1.58077380952381,7.780982142857143,0.4880952380952381,0.9421903117336654,0.34609521319723213,0.4362282394075598,False
HWY6_RN,168,1.463497023809524,8.071770833333332,0.47023809523809523,0.8740309061573308,0.3821014228944296,0.4810691337792481,False
MIL_MILG345,168,1.4521726190476196,7.345357142857143,0.5238095238095238,0.8432653138355128,0.3990800772713544,0.5013163217858138,False
MIL_MILG1_2,168,1.4521726190476196,7.345357142857143,0.5238095238095238,0.8432653138355128,0.3990800772713544,0.5013163217858138,False
OUTP_SLR_RN,168,1.8729910714285718,8.446294642857143,0.5238095238095238,0.8329061752624841,0.4048976466563906,0.5080533882848987,False
TORT_ESS_RN,168,1.1889732142857146,7.729895833333333,0.49404761904761907,0.8262151257729755,0.4086820694066523,0.5105101157504327,False
ALVIN_RN,168,1.1889732142857146,7.729895833333333,0.49404761904761907,0.8262151257729755,0.4086820694066523,0.5105101157504327,False
BCNV2_ES_RN,168,1.1889732142857146,7.729895833333333,0.49404761904761907,0.8262151257729755,0.4086820694066523,0.5105101157504327,False
BCNV_RN,168,1.1889732142857146,7.729895833333333,0.49404761904761907,0.8262151257729755,0.4086820694066523,0.5105101157504327,False
WAP_WAP_G6,168,1.4014136904761907,8.111324404761906,0.4642857142857143,0.8194801196550564,0.41251253993945414,0.5135735185437748,False
HEN_RN,168,1.4014136904761907,8.111324404761906,0.4642857142857143,0.8194801196550564,0.41251253993945414,0.5135735185437748,False
BYP_RN,168,1.4014136904761907,8.111324404761906,0.4642857142857143,0.8194801196550564,0.41251253993945414,0.5135735185437748,False
WAP_WAP_G7,168,1.3980059523809527,8.114732142857143,0.4642857142857143,0.8172780962733646,0.41376952124232125,0.5145654335360569,False
MCSES_UNIT7,168,1.987738095238096,11.335416666666665,0.5773809523809523,0.8088866405577084,0.4185803539805032,0.5199698175002251,False
LZ_HOUSTON,168,1.4440029761904767,7.506324404761905,0.5,0.7985537430833741,0.4245492186339429,0.5267991414347927,False
DC_L,168,1.6756994047619047,8.117247023809524,0.5595238095238095,0.7662251587328394,0.4435423410076327,0.5497564714484848,False
HB_HOUSTON,168,1.3836011904761911,7.544702380952381,0.49404761904761907,0.7620858413749256,0.446008772635585,0.5522013375488195,False
LK_RN,168,1.4165029761904768,8.019122023809524,0.5,0.7550494201016393,0.4502193300665134,0.5567977997946482,False
LARDVFTN_G5,168,1.6290327380952383,8.097127976190476,0.5476190476190477,0.7468830710193892,0.45513414561665333,0.5605370924938123,False
LARDVFTN_G4,168,1.6290327380952383,8.097127976190476,0.5476190476190477,0.7468830710193892,0.45513414561665333,0.5605370924938123,False
THW_CC2,168,1.4312500000000004,8.075119047619047,0.5,0.7450340733221852,0.4562511217972891,0.5605370924938123,False
THW_1_CCU,168,1.4312500000000004,8.075119047619047,0.5,0.7450340733221852,0.4562511217972891,0.5605370924938123,False
THW_CC1,168,1.4312500000000004,8.075119047619047,0.5,0.7450340733221852,0.4562511217972891,0.5605370924938123,False
THW_2_CCU,168,1.4312500000000004,8.075119047619047,0.5,0.7450340733221852,0.4562511217972891,0.5605370924938123,False
TORR_ALL,168,1.681622023809524,8.502961309523808,0.5178571428571429,0.7187545075517269,0.47229219214251317,0.5796077615975079,False
CORAZON_RN,168,1.6794196428571433,8.500997023809523,0.5178571428571429,0.7175086150401627,0.4730603225922809,0.5799138603708005,False
THW_THWGT5X,168,1.37733630952381,8.145372023809525,0.5059523809523809,0.7034964984856776,0.48174638812078785,0.5899150732957731,False
SILASRAY_CC1,168,3.9486309523809533,14.90434523809524,0.43452380952380953,0.6976145108906947,0.485418304268289,0.5937611205382354,False
SEVNF_ES_RN,168,1.6165029761904768,8.31608630952381,0.5595238095238095,0.694984487804453,0.4870650229443301,0.5951242575429082,False
THW_THWGT_1,168,1.3427976190476192,8.068928571428572,0.5,0.6908550753509821,0.4896566204935022,0.5976376656241653,False
MU_RN,168,1.2628571428571433,7.380535714285713,0.5,0.6794605482877718,0.49684609671967783,0.6057512934924753,False
WFTANK_ESS1,168,1.4849255952380953,8.108973214285713,0.5416666666666666,0.6710071287231597,0.5022159882052624,0.611631236180265,False
ATK_ATKINSG7,168,1.1364583333333336,9.044910714285715,0.47619047619047616,0.6469236479577839,0.5176813599386405,0.6297799351593036,False
GZ_RN,168,1.2454910714285718,8.125729166666666,0.49404761904761907,0.6184325833525403,0.5362902249352024,0.6517092081277785,False
HV_BESS1_RN,168,1.2421577380952384,8.127842261904762,0.49404761904761907,0.6160795166778346,0.5378420402776416,0.6528853431383315,False
S_HILLS_RN,168,1.333497023809524,9.286205357142856,0.4880952380952381,0.5918339274308596,0.5539618017695683,0.6709995012195134,False
BORDAS_345,168,1.4309077380952384,8.560610119047618,0.5178571428571429,0.5918295930710042,0.5539647044951796,0.6709995012195134,False
WNDTS2_UNIT1,168,1.2854613095238094,9.423467261904761,0.4880952380952381,0.565194639035454,0.5719413826808444,0.6920243136766061,False
MASSENGL_G8,168,-1.3355952380952385,9.188958333333336,0.39285714285714285,-0.5617723100999147,0.5742711602423537,0.6940920617848123,False
PALE_ESS_EN,168,1.0712797619047618,8.057619047619047,0.4583333333333333,0.5508550495838792,0.5817330435267439,0.7008430949202837,False
AEEC,168,1.0712797619047618,8.057619047619047,0.4583333333333333,0.5508550495838792,0.5817330435267439,0.7008430949202837,False
CVC_CVC_G3,168,1.1316666666666677,8.090148809523809,0.4880952380952381,0.5481076360742068,0.5836179976482864,0.7008430949202837,False
CVC_CVC_G2,168,1.1316666666666677,8.090148809523809,0.4880952380952381,0.5481076360742068,0.5836179976482864,0.7008430949202837,False
CVC_CVCG1_5,168,1.1316666666666677,8.090148809523809,0.4880952380952381,0.5481076360742068,0.5836179976482864,0.7008430949202837,False
CVC_CC1,168,1.1316666666666677,8.090148809523809,0.4880952380952381,0.5481076360742068,0.5836179976482864,0.7008430949202837,False
CHEDPW_GT2,168,1.1232589285714292,8.101711309523811,0.4880952380952381,0.5429921526617044,0.587135205467446,0.7043102572023655,False
DANSBY_ALL,168,0.9712500000000004,9.521845238095239,0.47619047619047616,0.5313112004280288,0.595203145131616,0.7132230613688604,False
RELOJ_ALL,168,1.2822916666666668,8.606845238095238,0.5,0.5200706736997656,0.6030143174886609,0.7218094292851422,False
CHE_CC1,168,1.0737946428571432,8.165520833333332,0.49404761904761907,0.5133687798687888,0.6076933800634583,0.7266322983004774,False
TNSKA_CC1,168,0.9104464285714289,7.456815476190475,0.44642857142857145,0.5034571348180837,0.6146429103880207,0.7333732911566778,False
TNSKA_CCU,168,0.9104464285714289,7.456815476190475,0.44642857142857145,0.5034571348180837,0.6146429103880207,0.7333732911566778,False
CHE_LYD2,168,1.0469940476190476,8.197470238095239,0.49404761904761907,0.49782489702983396,0.6186074660445766,0.7344429131068557,False
CHE_PUN1,168,1.0469940476190476,8.197470238095239,0.49404761904761907,0.49782489702983396,0.6186074660445766,0.7344429131068557,False
CHE_LYD,168,1.0469940476190476,8.197470238095239,0.49404761904761907,0.49782489702983396,0.6186074660445766,0.7344429131068557,False
CHE_PUN2,168,1.0469940476190476,8.197470238095239,0.49404761904761907,0.49782489702983396,0.6186074660445766,0.7344429131068557,False
GBY_GT,168,1.048288690476191,8.279657738095239,0.48214285714285715,0.4975177444399656,0.6188239929755439,0.7344429131068557,False
RN_BY_ESR1,168,1.062886904761905,8.52,0.5,0.49070609196614107,0.6236343371570585,0.7393671144661627,False
ADL_RN,168,1.035178571428572,8.162708333333333,0.5,0.4866533511928292,0.6265040086983252,0.741982501827042,False
CHAMON_UN1,168,1.0266666666666668,8.184434523809525,0.5,0.4823890395909823,0.6295296057204816,0.743011961232365,False
CHAMON_UN2,168,1.0266666666666668,8.184434523809525,0.5,0.4823890395909823,0.6295296057204816,0.743011961232365,False
LIG_RN,168,1.0258482142857144,8.184806547619049,0.5,0.48184745760368947,0.6299143135254021,0.743011961232365,False
LHM_PUN2,168,1.0129613095238101,8.200699404761902,0.5,0.4734068272390375,0.6359229599703277,0.743011961232365,False
LHM_PUN1,168,1.0129613095238101,8.200699404761902,0.5,0.4734068272390375,0.6359229599703277,0.743011961232365,False
LHM_CVC_G4,168,1.0129613095238101,8.200699404761902,0.5,0.4734068272390375,0.6359229599703277,0.743011961232365,False
PSA_PUN2,168,1.0127827380952388,8.191473214285715,0.5,0.4730527056433258,0.6361755772922911,0.743011961232365,False
PSA_PSA_G7,168,1.0127827380952388,8.191473214285715,0.5,0.4730527056433258,0.6361755772922911,0.743011961232365,False
PSA_PUN1,168,1.0127827380952388,8.191473214285715,0.5,0.4730527056433258,0.6361755772922911,0.743011961232365,False
PSA_PUN5,168,1.0127827380952388,8.191473214285715,0.5,0.4730527056433258,0.6361755772922911,0.743011961232365,False
PSA_PSA_G6,168,1.0127827380952388,8.191473214285715,0.5,0.4730527056433258,0.6361755772922911,0.743011961232365,False
RN_RHN_ESR,168,1.0161458333333337,8.164479166666668,0.49404761904761907,0.4730149851078643,0.6362024882294883,0.743011961232365,False
JAD_RN,168,1.0133779761904764,8.170044642857142,0.5,0.47160267392302846,0.6372104177713076,0.743011961232365,False
CS_RN,168,1.0134672619047622,8.165729166666669,0.49404761904761907,0.4712058631744895,0.637493732136769,0.743011961232365,False
HLY_RN,168,1.0134672619047622,8.165729166666669,0.49404761904761907,0.4712058631744895,0.637493732136769,0.743011961232365,False
PSA_PSA_G5,168,1.0068898809523816,8.197247023809524,0.5,0.47048759768786613,0.6380066930081131,0.743011961232365,False
PSA_CC1,168,1.000714285714286,8.185238095238095,0.5,0.4653423916702893,0.6416862816927854,0.7465195243834902,False
PSA_PSA_G3,168,0.9838244047619051,8.185342261904761,0.49404761904761907,0.454983267822915,0.6491212764179117,0.7504835439867894,False
PSA_PSA_G1,168,0.9838244047619051,8.185342261904761,0.49404761904761907,0.454983267822915,0.6491212764179117,0.7504835439867894,False
PSA_PUN4,168,0.9838244047619051,8.185342261904761,0.49404761904761907,0.454983267822915,0.6491212764179117,0.7504835439867894,False
PSA_PUN3,168,0.9838244047619051,8.185342261904761,0.49404761904761907,0.454983267822915,0.6491212764179117,0.7504835439867894,False
PSA_PSA_G2,168,0.9838244047619051,8.185342261904761,0.49404761904761907,0.454983267822915,0.6491212764179117,0.7504835439867894,False
PSA_PSA_G4,168,0.9838244047619051,8.185342261904761,0.49404761904761907,0.454983267822915,0.6491212764179117,0.7504835439867894,False
BTE_CC1,168,0.9871875000000003,8.17328869047619,0.49404761904761907,0.4484308865657284,0.6538422550525779,0.750508871815998,False
BTE_PUN1,168,0.9871875000000003,8.17328869047619,0.49404761904761907,0.4484308865657284,0.6538422550525779,0.750508871815998,False
BTE_BTE_G2,168,0.9871875000000003,8.17328869047619,0.49404761904761907,0.4484308865657284,0.6538422550525779,0.750508871815998,False
BTE_BTE_G1,168,0.9871875000000003,8.17328869047619,0.49404761904761907,0.4484308865657284,0.6538422550525779,0.750508871815998,False
BTE_BTE_G3,168,0.9871875000000003,8.17328869047619,0.49404761904761907,0.4484308865657284,0.6538422550525779,0.750508871815998,False
BTE_PUN2,168,0.9871875000000003,8.17328869047619,0.49404761904761907,0.4484308865657284,0.6538422550525779,0.750508871815998,False
BTE_BTE_G4,168,0.9871875000000003,8.17328869047619,0.49404761904761907,0.4484308865657284,0.6538422550525779,0.750508871815998,False
BRPMAGNO_RN,168,0.88546130952381,7.646592261904762,0.5059523809523809,0.4426749678575697,0.6580008509865642,0.7545076424645937,False
CBY4_CC1,168,0.9673809523809526,8.204494047619047,0.4880952380952381,0.43543057409342506,0.6632499219948348,0.7583585437547853,False
CBY4_ALL,168,0.9673809523809526,8.204494047619047,0.4880952380952381,0.43543057409342506,0.6632499219948348,0.7583585437547853,False
MAINLAND_RN,168,0.8589285714285717,7.675535714285714,0.5119047619047619,0.43429743859437325,0.6640724636278487,0.7583585437547853,False
VERT_ESS_RN,168,0.8589285714285717,7.675535714285714,0.5119047619047619,0.43429743859437325,0.6640724636278487,0.7583585437547853,False
POTSVIL_RN,168,-2.3559077380952393,18.620907738095237,0.5,-0.43287855503932865,0.6651030002276666,0.7587603614842156,False
CBY_CBY_G1,168,0.9516517857142863,8.208497023809523,0.4880952380952381,0.42903962653530214,0.6678943871319507,0.7611681190759642,False
EXN_PUN3,168,0.929538690476191,8.219032738095237,0.49404761904761907,0.4183377545146759,0.6757001895746451,0.7638349969104684,False
EXN_8,168,0.929538690476191,8.219032738095237,0.49404761904761907,0.4183377545146759,0.6757001895746451,0.7638349969104684,False
EXN_4,168,0.929538690476191,8.219032738095237,0.49404761904761907,0.4183377545146759,0.6757001895746451,0.7638349969104684,False
EXN_1_3,168,0.929538690476191,8.219032738095237,0.49404761904761907,0.4183377545146759,0.6757001895746451,0.7638349969104684,False
EXN_9_13,168,0.929538690476191,8.219032738095237,0.49404761904761907,0.4183377545146759,0.6757001895746451,0.7638349969104684,False
EXN_PUN2,168,0.929538690476191,8.219032738095237,0.49404761904761907,0.4183377545146759,0.6757001895746451,0.7638349969104684,False
EXN_PUN1,168,0.929538690476191,8.219032738095237,0.49404761904761907,0.4183377545146759,0.6757001895746451,0.7638349969104684,False
EXN_14,168,0.929538690476191,8.219032738095237,0.49404761904761907,0.4183377545146759,0.6757001895746451,0.7638349969104684,False
CBY_CBY_G2,168,0.9219940476190477,8.23705357142857,0.4880952380952381,0.41189932220343106,0.6804132176167821,0.7683858356520832,False
PR_PR_ALL,168,0.893288690476191,8.286175595238095,0.5,0.40965121997392057,0.6820618180693208,0.7694703457129168,False
AZ_ALL,168,0.8863839285714289,8.247842261904761,0.49404761904761907,0.39540536425527345,0.6925437508356399,0.7805079772522635,False
DILEOS_UNIT1,168,0.8176190476190481,10.762916666666666,0.47023809523809523,0.39336627291359366,0.694048976307227,0.7814166722169987,False
RUSSEKST_RN,168,-1.4267410714285718,12.056741071428572,0.48214285714285715,-0.3883639189863125,0.6977467413309171,0.7847895943742105,False
BYNM_SLR_RN,168,-2.1498065476190487,19.846264880952383,0.49404761904761907,-0.38695733099427404,0.6987877968339107,0.7851452253734,False
CAL_CC1,168,0.8590029761904766,8.263169642857143,0.5,0.38224912348833173,0.7022765879905188,0.7851452253734,False
CAL_CALSTG1,168,0.8590029761904766,8.263169642857143,0.5,0.38224912348833173,0.7022765879905188,0.7851452253734,False
CAL_CALGT1,168,0.8590029761904766,8.263169642857143,0.5,0.38224912348833173,0.7022765879905188,0.7851452253734,False
CAL_PUN1,168,0.8590029761904766,8.263169642857143,0.5,0.38224912348833173,0.7022765879905188,0.7851452253734,False
CAL_PUN2,168,0.8590029761904766,8.263169642857143,0.5,0.38224912348833173,0.7022765879905188,0.7851452253734,False
PSG_PSG_ST1,168,0.8422172619047625,8.270342261904762,0.5,0.37417511294848294,0.7082740383829125,0.7886955925419284,False
PSG_CC1,168,0.8422172619047625,8.270342261904762,0.5,0.37417511294848294,0.7082740383829125,0.7886955925419284,False
PSG_PSG_GT3,168,0.8422172619047625,8.270342261904762,0.5,0.37417511294848294,0.7082740383829125,0.7886955925419284,False
PSG_PSG_GT2,168,0.8422172619047625,8.270342261904762,0.5,0.37417511294848294,0.7082740383829125,0.7886955925419284,False
ELSA_ESR_RN,168,-2.5780654761904773,18.057232142857142,0.5476190476190477,-0.363722360093779,0.7160653444420956,0.7933773384030702,False
DIB_PUN1,168,0.838690476190477,8.368482142857143,0.5,0.3609249981046099,0.7181555156206683,0.7933773384030702,False
DIB_PUN2,168,0.838690476190477,8.368482142857143,0.5,0.3609249981046099,0.7181555156206683,0.7933773384030702,False
DIB_DIB_G3,168,0.838690476190477,8.368482142857143,0.5,0.3609249981046099,0.7181555156206683,0.7933773384030702,False
DIB_DIB_G1,168,0.838690476190477,8.368482142857143,0.5,0.3609249981046099,0.7181555156206683,0.7933773384030702,False
DIB_DIB_G2,168,0.838690476190477,8.368482142857143,0.5,0.3609249981046099,0.7181555156206683,0.7933773384030702,False
DIB_DIB_G4,168,0.838690476190477,8.368482142857143,0.5,0.3609249981046099,0.7181555156206683,0.7933773384030702,False
DIB_CC1,168,0.838690476190477,8.368482142857143,0.5,0.3609249981046099,0.7181555156206683,0.7933773384030702,False
MV_VALV4_RN,168,-2.438080357142857,17.774241071428573,0.5535714285714286,-0.35163491396499347,0.7251120778100837,0.8002717699819087,False
CABEZON_ALL,168,0.9009226190476195,8.807886904761904,0.47619047619047616,0.34758214785192726,0.7281540152344143,0.8028364783353799,False
WZRD_ESS_RN,168,0.7753571428571435,8.047857142857143,0.5059523809523809,0.34595808446172477,0.7293742155865148,0.8033895300746045,False
BRP_DIKN_RN,168,0.7698660714285719,8.0559375,0.5,0.34327485488977333,0.731391695692898,0.8048188147486811,False
SP_RN,168,0.7672470238095239,8.400431547619048,0.4880952380952381,0.33169400356359685,0.7401203290503651,0.8115010073204184,False
TOPAZ_ALL,168,0.7416071428571432,8.171875,0.49404761904761907,0.3227244989679716,0.7469038966117323,0.8115010073204184,False
N_AL_BESS_RN,168,-2.040431547619048,16.653169642857144,0.5416666666666666,-0.32114086484770465,0.7481036433821588,0.8115010073204184,False
DDPEC_GT6,168,0.773184523809524,8.585565476190476,0.4880952380952381,0.3148185180266338,0.7528994507915452,0.8115010073204184,False
DDPEC_GT3,168,0.773184523809524,8.585565476190476,0.4880952380952381,0.3148185180266338,0.7528994507915452,0.8115010073204184,False
DDPEC_CC1,168,0.773184523809524,8.585565476190476,0.4880952380952381,0.3148185180266338,0.7528994507915452,0.8115010073204184,False
DDPEC_GT1,168,0.773184523809524,8.585565476190476,0.4880952380952381,0.3148185180266338,0.7528994507915452,0.8115010073204184,False
DDPEC_GT2,168,0.773184523809524,8.585565476190476,0.4880952380952381,0.3148185180266338,0.7528994507915452,0.8115010073204184,False
DDPEC_GT4,168,0.773184523809524,8.585565476190476,0.4880952380952381,0.3148185180266338,0.7528994507915452,0.8115010073204184,False
DDPEC_ST1,168,0.773184523809524,8.585565476190476,0.4880952380952381,0.3148185180266338,0.7528994507915452,0.8115010073204184,False
TXCTY_CTA,168,0.7268005952380957,8.249270833333334,0.49404761904761907,0.310598950354644,0.7561055252454517,0.8115010073204184,False
TXCTY_CTB,168,0.7268005952380957,8.249270833333334,0.49404761904761907,0.310598950354644,0.7561055252454517,0.8115010073204184,False
TXCTY_CC1,168,0.7268005952380957,8.249270833333334,0.49404761904761907,0.310598950354644,0.7561055252454517,0.8115010073204184,False
TXCTY_CTC,168,0.7268005952380957,8.249270833333334,0.49404761904761907,0.310598950354644,0.7561055252454517,0.8115010073204184,False
TXCTY_ST,168,0.7268005952380957,8.249270833333334,0.49404761904761907,0.310598950354644,0.7561055252454517,0.8115010073204184,False
BRHEIGHT_RN,168,0.7268005952380957,8.249270833333334,0.49404761904761907,0.310598950354644,0.7561055252454517,0.8115010073204184,False
UCC_UCC_C_2,168,0.726666666666667,8.249910714285715,0.49404761904761907,0.31045590257446587,0.7562142885177738,0.8115010073204184,False
UCC_COG_PUN2,168,0.726666666666667,8.249910714285715,0.49404761904761907,0.31045590257446587,0.7562142885177738,0.8115010073204184,False
AMOCO_PUN1,168,0.7212351190476196,8.277455357142857,0.49404761904761907,0.3062214477040848,0.7594360433875065,0.8115010073204184,False
AMO_AMOCO_5,168,0.7212351190476196,8.277455357142857,0.49404761904761907,0.3062214477040848,0.7594360433875065,0.8115010073204184,False
AMO_AMOCO_1,168,0.7212351190476196,8.277455357142857,0.49404761904761907,0.3062214477040848,0.7594360433875065,0.8115010073204184,False
AMOCO_PUN2,168,0.7212351190476196,8.277455357142857,0.49404761904761907,0.3062214477040848,0.7594360433875065,0.8115010073204184,False
AMO_AMOCO_S2,168,0.7212351190476196,8.277455357142857,0.49404761904761907,0.3062214477040848,0.7594360433875065,0.8115010073204184,False
AMOCOOIL_CC2,168,0.7212351190476196,8.277455357142857,0.49404761904761907,0.3062214477040848,0.7594360433875065,0.8115010073204184,False
AMO_AMOCO_G1,168,0.7212351190476196,8.277455357142857,0.49404761904761907,0.3062214477040848,0.7594360433875065,0.8115010073204184,False
AMOCOOIL_CC1,168,0.7212351190476196,8.277455357142857,0.49404761904761907,0.3062214477040848,0.7594360433875065,0.8115010073204184,False
AMO_AMOCO_S1,168,0.7212351190476196,8.277455357142857,0.49404761904761907,0.3062214477040848,0.7594360433875065,0.8115010073204184,False
AMO_AMOCO_G2,168,0.7212351190476196,8.277455357142857,0.49404761904761907,0.3062214477040848,0.7594360433875065,0.8115010073204184,False
AMO_AMOCO_G3,168,0.7212351190476196,8.277455357142857,0.49404761904761907,0.3062214477040848,0.7594360433875065,0.8115010073204184,False
AMO_AMOCO_2,168,0.7212351190476196,8.277455357142857,0.49404761904761907,0.3062214477040848,0.7594360433875065,0.8115010073204184,False
SJS_SJS_G2,168,0.750952380952381,8.57889880952381,0.4880952380952381,0.30457289942735555,0.7606914630338091,0.8115010073204184,False
SJS_SJS_G1,168,0.750952380952381,8.57889880952381,0.4880952380952381,0.30457289942735555,0.7606914630338091,0.8115010073204184,False
HDNLAKES_RN,168,0.71327380952381,8.347261904761904,0.5059523809523809,0.2976095929673858,0.7660011520537165,0.8143750101657444,False
EVLN_ESS_RN,168,0.71327380952381,8.347261904761904,0.5059523809523809,0.2976095929673858,0.7660011520537165,0.8143750101657444,False
SE_EDINB_RN,168,-1.7275000000000007,15.559910714285712,0.5297619047619048,-0.2975124491348376,0.7660753050188704,0.8143750101657444,False
GUNR_RN,168,-1.6153720238095248,15.143050595238094,0.5416666666666666,-0.28850980200854054,0.77295652844489,0.8143750101657444,False
MIRAGE_G1,168,0.715684523809524,8.688690476190475,0.4880952380952381,0.2832376701163415,0.7769946535515895,0.8143750101657444,False
DUKE_GT2_CCU,168,-1.4871428571428573,14.667976190476192,0.5416666666666666,-0.277303528806725,0.7815470501810375,0.8143750101657444,False
DUKE_CC1,168,-1.4871428571428573,14.667976190476192,0.5416666666666666,-0.277303528806725,0.7815470501810375,0.8143750101657444,False
DUKE_GST1CCU,168,-1.4871428571428573,14.667976190476192,0.5416666666666666,-0.277303528806725,0.7815470501810375,0.8143750101657444,False
FRONT_EC_RN3,168,-1.2934821428571432,13.466488095238095,0.5,-0.27705801945156877,0.7817355560435592,0.8143750101657444,False
FRONT_EC_RN1,168,-1.2934821428571432,13.466488095238095,0.5,-0.27705801945156877,0.7817355560435592,0.8143750101657444,False
FRONT_EC_CC1,168,-1.2934821428571432,13.466488095238095,0.5,-0.27705801945156877,0.7817355560435592,0.8143750101657444,False
FRONT_EC_RN2,168,-1.2934821428571432,13.466488095238095,0.5,-0.27705801945156877,0.7817355560435592,0.8143750101657444,False
BYU_CC1,168,0.7045089285714284,8.722127976190476,0.4880952380952381,0.27674855357476125,0.7819731869750446,0.8143750101657444,False
BYU_BYU_34,168,0.7045089285714284,8.722127976190476,0.4880952380952381,0.27674855357476125,0.7819731869750446,0.8143750101657444,False
BYU_PUN4,168,0.7045089285714284,8.722127976190476,0.4880952380952381,0.27674855357476125,0.7819731869750446,0.8143750101657444,False
BYU_BYU_12,168,0.7045089285714284,8.722127976190476,0.4880952380952381,0.27674855357476125,0.7819731869750446,0.8143750101657444,False
BYU_PUN2,168,0.7045089285714284,8.722127976190476,0.4880952380952381,0.27674855357476125,0.7819731869750446,0.8143750101657444,False
BYU_PUN3,168,0.7045089285714284,8.722127976190476,0.4880952380952381,0.27674855357476125,0.7819731869750446,0.8143750101657444,False
BYU_G4_RN,168,0.7045089285714284,8.722127976190476,0.4880952380952381,0.27674855357476125,0.7819731869750446,0.8143750101657444,False
BYU_PUN1,168,0.7045089285714284,8.722127976190476,0.4880952380952381,0.27674855357476125,0.7819731869750446,0.8143750101657444,False
BYU_BYU_1,168,0.7045089285714284,8.722127976190476,0.4880952380952381,0.27674855357476125,0.7819731869750446,0.8143750101657444,False
RN_BYU_G8,168,0.7043898809523812,8.721532738095238,0.4880952380952381,0.27672754418621437,0.7819893202851446,0.8143750101657444,False
PALMVIEW_RN,168,-1.308511904761905,13.593511904761906,0.5,-0.27571564321573927,0.7827664796354044,0.8143750101657444,False
CITRUSCY_RN,168,-1.3423511904761907,13.861398809523811,0.5,-0.2735502338069037,0.7844302832048512,0.8143750101657444,False
POTEETS_RN,168,-0.6976190476190479,11.80315476190476,0.4166666666666667,-0.27305855831113846,0.7848082022207513,0.8143750101657444,False
MOORE_FL_RN,168,-1.3687202380952381,14.072857142857142,0.5059523809523809,-0.27185405878501173,0.7857342370069166,0.8143750101657444,False
GOODWIN_ESR,168,-1.249791666666667,13.362589285714286,0.5,-0.27182503237499145,0.7857565566329805,0.8143750101657444,False
NEDIN_RN,168,-1.4132142857142858,14.442678571428571,0.5416666666666666,-0.26923782291120907,0.7877466760190814,0.8143750101657444,False
NED_NEDIN_G2,168,-1.4132142857142858,14.442678571428571,0.5416666666666666,-0.26923782291120907,0.7877466760190814,0.8143750101657444,False
NED_NEDIN_G3,168,-1.4132142857142858,14.442678571428571,0.5416666666666666,-0.26923782291120907,0.7877466760190814,0.8143750101657444,False
REDGATE_RN,168,-1.4132142857142858,14.442678571428571,0.5416666666666666,-0.26923782291120907,0.7877466760190814,0.8143750101657444,False
NEDIN_CC1,168,-1.4132142857142858,14.442678571428571,0.5416666666666666,-0.26923782291120907,0.7877466760190814,0.8143750101657444,False
NED_NEDIN_G1,168,-1.4132142857142858,14.442678571428571,0.5416666666666666,-0.26923782291120907,0.7877466760190814,0.8143750101657444,False
CONTINEN_RN,168,-1.062752976190477,13.013229166666665,0.5238095238095238,-0.26788405325546094,0.7887885688894277,0.8143750101657444,False
BRP_ZPT2_RN,168,0.8976041666666669,10.301979166666666,0.5297619047619048,0.26629622669051245,0.7900110788856436,0.8143750101657444,False
BRP_ZPT1_RN,168,0.8976041666666669,10.301979166666666,0.5297619047619048,0.26629622669051245,0.7900110788856436,0.8143750101657444,False
EXGNSND_RN,168,0.8962351190476194,10.301443452380951,0.5297619047619048,0.26587288629155337,0.7903371073612099,0.8143750101657444,False
LV5_UNIT1,168,-1.1253422619047615,12.981770833333334,0.5,-0.25462039979181406,0.7990163016260771,0.8225600600533648,False
LV4_UNIT_1,168,0.6539136904761907,8.968467261904761,0.48214285714285715,0.2442998519318659,0.8069985981429159,0.8292503977240624,False
MESTENO_RN,168,0.6539136904761907,8.968467261904761,0.48214285714285715,0.2442998519318659,0.8069985981429159,0.8292503977240624,False
BAC_RN_ALL,168,0.6300744047619052,8.794151785714286,0.5,0.24096790387638853,0.8095799926182812,0.8311390557825881,False
CARA_ESS_RN,168,-1.235654761904763,14.384255952380954,0.5416666666666666,-0.23846689582819236,0.8115189881187019,0.8323653474465218,False
N_MRD_ESR_RN,168,-1.2911160714285717,15.362991071428572,0.5535714285714286,-0.2323861996775903,0.8162380666320328,0.8359155634953555,False
RIOG_ESR2_RN,168,-0.931889880952381,12.916532738095238,0.5238095238095238,-0.2311177125036192,0.8172233550093234,0.8359155634953555,False
RIOG_ESR_RN,168,-0.931889880952381,12.916532738095238,0.5238095238095238,-0.2311177125036192,0.8172233550093234,0.8359155634953555,False
CR_RN,168,0.5986607142857141,9.659613095238095,0.5178571428571429,0.22710667088585446,0.8203407969559954,0.8383373043846462,False
LV3_RN,168,0.5820684523809531,9.015342261904763,0.48214285714285715,0.2154662752549242,0.8294038029921971,0.8468250700870104,False
TYSN_SLR_RN,168,0.39407738095238115,7.813571428571428,0.4226190476190476,0.21076809943880886,0.8330682323061968,0.8492242039853628,False
GKS_BESS_RN,168,0.6657440476190476,10.740535714285713,0.5476190476190477,0.21050600487507354,0.8332727654489651,0.8492242039853628,False
LOWR_ESS_RN,168,-1.579122023809524,19.032752976190473,0.5535714285714286,-0.20882281348490703,0.8345865613488291,0.8497885023570045,False
GODY_SLR_RN,168,0.36565476190476176,7.836339285714287,0.4226190476190476,0.1952501940219011,0.8451970859899305,0.8598092285138692,False
FALFUR_RN2,168,0.4920089285714289,9.694627976190478,0.5416666666666666,0.18849019011714202,0.8504924048470127,0.8636244401625434,False
FALFUR_RN,168,0.4920089285714289,9.694627976190478,0.5416666666666666,0.18849019011714202,0.8504924048470127,0.8636244401625434,False
MYRY_BES2_RN,168,-0.8195684523809528,13.255788690476189,0.5238095238095238,-0.1793450664070369,0.8576667625787124,0.8693304084886677,False
MYRY_ESR_RN,168,-0.8195684523809528,13.255788690476189,0.5238095238095238,-0.1793450664070369,0.8576667625787124,0.8693304084886677,False
ANEM_ESS_RN,168,0.4728571428571429,9.087440476190476,0.48214285714285715,0.17258795111430353,0.8629753233899606,0.873127974253372,False
MIRASOLE_GEN,168,0.4728571428571429,9.087440476190476,0.48214285714285715,0.17258795111430353,0.8629753233899606,0.873127974253372,False
RPUBRDS_RN,168,0.3501934523809521,11.406622023809522,0.47023809523809523,0.15443757792922116,0.8772647261599037,0.8862795879894743,False
OLNEYTN_RN,168,0.4255952380952381,13.461130952380952,0.5357142857142857,0.1519698256132472,0.8792107348614598,0.8862795879894743,False
OLNEYTN_AGR1,168,0.4255952380952381,13.461130952380952,0.5357142857142857,0.1519698256132472,0.8792107348614598,0.8862795879894743,False
BRP_LOP1_RN,168,0.5872470238095238,11.341889880952381,0.5357142857142857,0.15165695189581788,0.8794575117495427,0.8862795879894743,False
VENADO_ALL,168,0.5854910714285719,11.350133928571427,0.5357142857142857,0.15104819905857844,0.8799376946943795,0.8862795879894743,False
GARC_BESS_RN,168,-0.5907142857142855,12.236607142857142,0.5059523809523809,-0.14206045202740503,0.8870322560014431,0.8926211181004621,False
MONTECR1_RN,168,0.362157738095238,9.161026785714286,0.47619047619047616,0.130326104614842,0.8963084277016434,0.9011446242539904,False
FAL_FALCONG3,168,0.42982142857142863,11.877857142857144,0.5357142857142857,0.1039741084086916,0.917189895680286,0.9196576711843585,False
FAL_FALCONG1,168,0.42982142857142863,11.877857142857144,0.5357142857142857,0.1039741084086916,0.917189895680286,0.9196576711843585,False
FAL_FALCONG2,168,0.42982142857142863,11.877857142857144,0.5357142857142857,0.1039741084086916,0.917189895680286,0.9196576711843585,False
STAR_SLR_RN,168,0.353020833333333,12.140907738095239,0.5357142857142857,0.08282864496944213,0.933987791989531,0.9356616052368241,False
DC_R,168,0.09099702380952321,13.18608630952381,0.5952380952380952,0.01984624268271975,0.9841660288102095,0.9842386660086168,False
MADERO_RN,168,0.0905803571428567,13.185907738095239,0.5952380952380952,0.01975518760687362,0.9842386660086168,0.9842386660086168,False
