location,n,mean_dart,mean_dart_raw,median_dart,abs_dart,share_da_rich,t_hac,p,p_bh,discovery
PALACIOS_RN,12699,5.432275805181524,7.282977399795261,1.6899999999999977,8.846350000000013,0.681549728325065,7.371536492954195,1.6867257718187791e-13,1.6175700151742092e-10,True
RHESS2_ESS1,12699,5.434077486416257,-7.431561146546971,0.384999999999998,10.210783660130721,0.5988660524450744,6.912131955024065,4.774234336507981e-12,2.2892453643555767e-09,True
NF_BRP_RN,12699,2.5385148633750694,-4.59597547050949,0.370000000000001,6.457479348767619,0.5972911252854556,6.090264519833445,1.1272427740055612e-09,2.9771159364292177e-07,True
MEDILA_RN,12699,1.8385911213481383,2.08940054334987,0.384999999999998,5.091658465233483,0.5891015040554375,6.074756699864063,1.2417584719204246e-09,2.9771159364292177e-07,True
CSC_CSECG1_2,12699,1.354687562012757,0.8966857626584771,0.32500000000000284,5.276610177966768,0.5519332230884322,5.967939877715114,2.4026786361713436e-09,4.608337624176637e-07,True
GWEC_G1,12699,1.0195222812819913,-0.031069769273171212,0.13000000000000256,3.6003139577919527,0.5392550594535003,5.790210080529052,7.029844187675538e-09,1.0926727811489592e-06,True
WEC_WECG1,12699,1.748123706591071,0.04571600125994206,0.9400000000000048,5.579997633671942,0.6373730214977558,5.747805183182316,9.040932050824092e-09,1.0926727811489592e-06,True
X443ESRN,12699,1.6234668320340189,2.0246810772501775,0.297500000000003,4.438805827230491,0.5782345066540673,5.746423179008208,9.115101406873487e-09,1.0926727811489592e-06,True
FOXTROT_ALL,12699,-2.0617093590046456,-3.190637058036066,-0.3774999999999995,6.375611713520751,0.4217654933459328,-5.653093636084921,1.5758540091836763e-08,1.3898526780338283e-06,True
SPARTA_ALL,12699,-2.0617093590046456,-3.190637058036066,-0.3774999999999995,6.375611713520751,0.4217654933459328,-5.653093636084921,1.5758540091836763e-08,1.3898526780338283e-06,True
RDCAN_RDCNY1,12699,1.239116906843059,0.7488402630128357,0.43249999999999744,5.110728159697614,0.5661863138829829,5.634837028049528,1.7522396264871484e-08,1.3898526780338283e-06,True
LEONLCPCT1_2,12699,1.3718846208362867,1.7015259075517755,0.3299999999999983,4.364913646743838,0.582801795416962,5.610779805155368,2.0141691797285432e-08,1.3898526780338283e-06,True
LEONLCPCT3_4,12699,1.3718846208362867,1.7015259075517755,0.3299999999999983,4.364913646743838,0.582801795416962,5.610779805155368,2.0141691797285432e-08,1.3898526780338283e-06,True
POTSVIL_RN,12699,2.655828352626194,0.7263418379399952,0.5649999999999977,8.534655504370425,0.5772895503582959,5.609511767855221,2.0289820117282164e-08,1.3898526780338283e-06,True
BRAZ_WND_ALL,12699,1.2507281911961585,0.7319088117174579,0.47999999999999865,5.12738761319789,0.5708323490038586,5.593468140036611,2.2257808440538578e-08,1.423015886298433e-06,True
PAD1_ESS_RN,12699,1.2403550712654545,1.3671663123080555,0.2724999999999973,4.199479624379872,0.5729585006693441,5.300210781353565,1.1566906319293709e-07,6.932914475126666e-06,True
CALAVER_OWS1,12699,1.1418680801637924,1.2901303252224583,0.2625000000000002,4.058093247499803,0.5704386172139538,5.19871109890826,2.0067513635473174e-07,1.1320438574363985e-05,True
LZ_CPS,12699,1.1550502992361606,1.3244771241830064,0.2699999999999996,4.061264174344437,0.5742971887550201,5.1473114405961065,2.6424640484808626e-07,1.407846123607304e-05,True
CALAVER_OWS2,12699,1.1384348531380426,1.2973726277659658,0.2600000000000051,4.054113292385227,0.5705173635719348,5.129080213911812,2.9116126757364836e-07,1.4695981873848883e-05,True
CALAVER_JTD1,12699,1.1445264312150567,1.3221428852665567,0.254999999999999,4.072436644617686,0.5696511536341444,5.053288915759722,4.3426621692164027e-07,1.9831490572754904e-05,True
CALAVER_JTD2,12699,1.1445264312150567,1.3221428852665567,0.254999999999999,4.072436644617686,0.5696511536341444,5.053288915759722,4.3426621692164027e-07,1.9831490572754904e-05,True
BUCHAN_ALL,12699,1.371236723364045,0.5068530986691868,0.259999999999998,4.860914524765731,0.5676824946846208,4.9679201879051655,6.767480337210322e-07,2.9500062015384997e-05,True
MWEC_G1,12699,1.0450489487361225,0.5736467438380977,0.34250000000000114,5.032039774785418,0.5582329317269076,4.91707422730371,8.78472488990774e-07,3.634899875218494e-05,True
BRP_RN_UNIT1,12699,1.0542006181589108,1.2884575557130484,0.27500000000000213,3.954375592566344,0.5717773052996299,4.9102351235384,9.096725443716773e-07,3.634899875218494e-05,True
CALAVER_JKS2,12699,1.1487902472635647,1.4988894794865737,0.2325000000000017,4.353752015906765,0.5624852350578786,4.86537927624793,1.1423752413325442e-06,4.216811783563486e-05,True
CALAVER_JKS1,12699,1.146707799826759,1.487821875738247,0.2325000000000017,4.349738314040476,0.5624852350578786,4.865228918203345,1.1432440706220088e-06,4.216811783563486e-05,True
BR_VHB6CT5_6,12699,0.9710739664540523,1.1011353256161902,0.26000000000000156,3.9919128829041663,0.5705173635719348,4.812796426224778,1.488328775439622e-06,5.198748766733316e-05,True
KARAKAW2_1,12699,-1.5508715331915894,-2.313554807465155,-0.4299999999999997,6.127068493582172,0.420033073470352,-4.801846362509516,1.57209295344386e-06,5.198748766733316e-05,True
KARAKAW1_1,12699,-1.5508715331915894,-2.313554807465155,-0.4299999999999997,6.127068493582172,0.420033073470352,-4.801846362509516,1.57209295344386e-06,5.198748766733316e-05,True
NUE_NUECESG7,12699,-1.535904240491376,-1.9030594928734546,-0.46000000000000085,6.703577049373969,0.4217654933459328,-4.792101305698277,1.6504352371646636e-06,5.275891308136374e-05,True
RN_OCI_ALAMO,12699,1.0996771596188686,1.6508831404047564,0.24749999999999872,4.080325856366644,0.5671312701787542,4.782102761138244,1.7347095488784022e-06,5.366407927014154e-05,True
BRAUNIG_VHB1,12699,0.9966840814237348,1.249398377825026,0.25000000000000355,3.9719855697299002,0.567446255610678,4.751206118808186,2.022068808674096e-06,6.059887460995181e-05,True
BRAUNIG_VHB2,12699,0.9554805968973947,1.1136128829041658,0.24749999999999872,3.9515719269233807,0.5662650602409639,4.728568819870546,2.2610798704477284e-06,6.570835138664762e-05,True
BR_VHB6CT7_8,12699,0.9459471100086637,1.0794607843137254,0.259999999999998,3.988334683833374,0.5698086463501063,4.703615422720721,2.555944908729848e-06,7.209268139623307e-05,True
MOZART_WIND1,12699,1.4778045869753527,0.6718973934955511,1.1325000000000003,6.20547640365383,0.6419403102606505,4.678708994240565,2.8868682026003595e-06,7.910018875124986e-05,True
BRAUNIG_VHB3,12699,1.0384914481455263,1.4896779273958585,0.2575000000000003,4.019531435546109,0.5705173635719348,4.64915448256953,3.3329851393938742e-06,8.878702079663125e-05,True
EBNY_ESS_RN,12699,0.9680579415702029,0.9152240333884557,0.20750000000000313,3.9502532719111745,0.5608315615402788,4.630304113893714,3.651290632109081e-06,9.463750584304347e-05,True
INKS_INKS_G1,12699,1.643036432002521,0.7196119773210486,0.36999999999999744,6.094329100716592,0.5772895503582959,4.524357126344508,6.057935925281941e-06,0.0001528831724301416,True
ALGOD_ALL_RN,12699,-1.4031802149775547,-2.0607640365383104,-0.43250000000000455,6.068872852193088,0.4195605953224663,-4.511678191599273,6.431671818420314e-06,0.0001581531608683354,True
AUSTPL_ALL,12699,0.9628102685250822,0.7696684778329003,0.21750000000000114,4.154072832506499,0.5649263721552878,4.370801169902989,1.23791479893298e-05,0.000296790073044182,True
MAR_MARSFOG1,12699,0.9527176628080956,0.7872865973698718,0.21000000000000085,4.212994275139774,0.5639026695015356,4.352522822013197,1.3457985755016874e-05,0.0003147855692453947,True
MAR_MARSFOG2,12699,0.9521315064178287,0.7861557996692654,0.21000000000000085,4.21190374832664,0.5641389085754784,4.344914041117992,1.393302117703332e-05,0.0003169700897396772,True
MAR_MARSFOG3,12699,0.9510203953067178,0.7842257264351525,0.21000000000000085,4.211763973541224,0.5640601622174974,4.340553540984887,1.421242321043391e-05,0.0003169700897396772,True
JUNG_SLR_RN,12699,1.2696951256004414,-1.589569454287739,0.08749999999999858,4.850305425624065,0.5295692574218442,4.244004140072751,2.1956629781932416e-05,0.00047855472638348153,True
SANDHSYD3_4,12699,0.9068899559020407,0.7484774391684386,0.19750000000000156,4.023241991495394,0.5620915032679739,4.210756918891407,2.545164910275427e-05,0.0005085027393654447,True
SANDHSYD6_7,12699,0.9068899559020407,0.7484774391684386,0.19750000000000156,4.023241991495394,0.5620915032679739,4.210756918891407,2.545164910275427e-05,0.0005085027393654447,True
SANDHSYD_5AC,12699,0.9068899559020407,0.7484774391684386,0.19750000000000156,4.023241991495394,0.5620915032679739,4.210756918891407,2.545164910275427e-05,0.0005085027393654447,True
SANDHSYD1_2,12699,0.9068899559020407,0.7484774391684386,0.19750000000000156,4.023241991495394,0.5620915032679739,4.210756918891407,2.545164910275427e-05,0.0005085027393654447,True
JKLP_SLR_RN,12699,-1.1792184108984962,-2.037462595479959,-0.3299999999999983,5.863278045515395,0.4408221119773211,-4.1854808971932655,2.8456300072256553e-05,0.0005569304442713068,True
DECKER_GT,12699,0.8847549413339643,0.7132736829671629,0.20249999999999702,4.023122363965667,0.5621702496259549,4.159106323833427,3.1949516294681624e-05,0.0006034865850520144,True
SGM_SIGNALMT,12699,2.348557350972518,1.1769170800850461,2.327500000000004,12.366660414205842,0.6600519725962675,4.15807792261769,3.209365572226562e-05,0.0006034865850520144,True
KELAMSL_U1,12699,0.6384575635876845,0.21706000472478157,0.25,3.4935306165839837,0.5524057012363178,4.121863473832702,3.758199185090994e-05,0.0006930986574042814,True
LZ_LCRA,12699,0.958045995747697,0.125990826049295,0.23749999999999716,4.348407725017718,0.5690999291282778,4.111567331647944,3.9298223168435055e-05,0.0007110753965760229,True
COTTON_PAP2,12699,-1.1545315261044176,-1.9172936845420898,-0.322499999999998,5.853725722497835,0.4387747066698165,-4.086857924729186,4.372546975403672e-05,0.0007624279669453324,True
PAP1_PAP1,12699,-1.1545331010315774,-1.9172952594692496,-0.322499999999998,5.853602878179383,0.4387747066698165,-4.086853426486663,4.372631718664576e-05,0.0007624279669453324,True
BLACKJAK_RN,12699,-1.1075742066304433,-1.5771592251358375,-0.34999999999999787,5.610300657532089,0.43153004173556975,-4.028512691708981,5.613083104574693e-05,0.0009072560088087434,True
CRANELL_ALL,12699,-1.1075742066304433,-1.5771592251358375,-0.34999999999999787,5.610300657532089,0.43153004173556975,-4.028512691708981,5.613083104574693e-05,0.0009072560088087434,True
WHITE_PT_UN1,12699,-1.1280328647925024,-1.940916607606898,-0.32500000000000284,5.838047613985354,0.44027088747145443,-4.028453963380627,5.614485191911725e-05,0.0009072560088087434,True
PERE_SLR_RN,12699,-1.121972978187258,-1.6157366721789115,-0.3450000000000024,5.586887420269314,0.4321600125994173,-4.021719424550031,5.777485277484724e-05,0.0009072560088087434,True
BRAUNIG_CC1,12699,0.8414689424364125,1.085964052287582,0.20499999999999474,4.10959688951886,0.5560280337034412,4.018162653605025,5.865370548002642e-05,0.0009072560088087434,True
BRA_AVR_CST1,12699,0.8414681549728327,1.085963264824002,0.20499999999999474,4.10959767698244,0.5560280337034412,4.018158593505401,5.865471589795839e-05,0.0009072560088087434,True
BRA_AVR1_CT2,12699,0.8414681549728327,1.085963264824002,0.20499999999999474,4.10959767698244,0.5560280337034412,4.018158593505401,5.865471589795839e-05,0.0009072560088087434,True
B_DAVIS_CC1,12699,-1.1945389007008416,-1.8359530277974645,-0.307500000000001,6.238016080006301,0.4423970391369399,-3.9970144554212004,6.414638529984809e-05,0.0009764505317865764,True
ELMCRK_RN,12507,2.0749932757655762,0.06727192772047652,0.5325000000000024,7.623556912129211,0.5953466059006957,3.9862340739115227,6.713028794547044e-05,0.0009944043086294032,True
SANDHSYD_CC1,12699,0.8712898574690935,0.7097011575714622,0.1875,4.037138018741634,0.559177888022679,3.985283288050397,6.739966638259771e-05,0.0009944043086294032,True
TANZ_ESS_RN,12699,0.642901815103552,0.21197535238995197,0.16750000000000043,3.554135809906292,0.5377588786518623,3.9809030785750577,6.865394011398886e-05,0.0009975625540805352,True
LZ_AEN,12699,0.8555725529569279,0.6886672178911724,0.20250000000000057,4.114528620363809,0.5621702496259549,3.957364852498416,7.578113703189436e-05,0.0010767358761546485,True
OXY_PUN1,12699,-1.139448310890621,-1.6823519568469958,-0.3000000000000007,5.98563935742972,0.4440507126545397,-3.9555827309800535,7.634832072837965e-05,0.0010767358761546485,True
ASCK_SLR_RN,12699,0.8452502401763919,0.7505801637924246,-0.08750000000000213,4.971563319946452,0.4697220253563273,3.9278225292312743,8.57184250729565e-05,0.0011823291578637709,True
AQUI_ALL,12699,0.8449179305457124,0.750247854161745,-0.08750000000000213,4.971624742105678,0.4697220253563273,3.9261916602915305,8.630139838421685e-05,0.0011823291578637709,True
OXY_PUN2,12699,-1.1217913812111189,-1.671107764390897,-0.2875000000000014,5.97594344042838,0.4470430742578156,-3.907616870126789,9.321095782185222e-05,0.0012428182859421518,True
MERCURY_ALL,12699,0.8404537995117728,0.7437646665091738,-0.08999999999999986,4.974327317111584,0.46964327899834635,3.907340082224924,9.331776460815292e-05,0.0012428182859421518,True
OXY_OXY_CCG1,12699,-1.1207446452476575,-1.6691676509961413,-0.28749999999999787,5.976515729585007,0.44712182061579653,-3.90402878831542,9.460452020206161e-05,0.0012428182859421518,True
B_DAVIS_3,12699,-1.157086345381525,-1.798500472478148,-0.3049999999999997,6.213124356248525,0.44318450271674936,-3.893354420749123,9.886754322827454e-05,0.001247767128299501,True
B_DAVIS_4,12699,-1.156743995590203,-1.798174659422002,-0.3049999999999997,6.213043444365699,0.44318450271674936,-3.892815529874018,9.908749798577535e-05,0.001247767128299501,True
B_D_B_DAVIG1,12699,-1.156065398850302,-1.7974960626821006,-0.3049999999999997,6.212418001417436,0.44318450271674936,-3.890400018611374,0.00010007910619354795,0.001247767128299501,True
B_D_B_DAVIG2,12699,-1.1559909835420104,-1.7974216473738094,-0.3049999999999997,6.212435719347981,0.44318450271674936,-3.8901417513906225,0.0001001856818342665,0.001247767128299501,True
WLTC_ESR_RN,12699,-1.1146141270966214,-1.7353476651704856,-0.2974999999999959,6.045498330577211,0.44334199543271124,-3.884442383160754,0.00010256501091358935,0.0012610236598222075,True
ANDMDSLR_ALL,12699,0.9086468028978683,0.8908065595716199,-0.3775000000000013,5.533720824474369,0.4334199543271124,3.8565309679642032,0.00011500753394237738,0.001396104114566328,True
AMADEUS_ALL,12699,0.8673849712575794,0.8430652019844082,-0.3500000000000014,5.309236243011262,0.4343649106228837,3.8510438472770363,0.00011761543645918472,0.001409915044554477,True
FALFUR_RN,12699,-1.358624092448224,-1.7207547838412471,-0.42500000000000027,7.827641991495394,0.43869596031183555,-3.846250413415695,0.00011993918543322431,0.0014200207263020015,True
NUECES_B_CC1,12699,-1.1557792148988106,-1.5988693991652883,-0.39249999999999474,6.360804807465156,0.4307425781557603,-3.838434217460908,0.00012382137654061388,0.0014431533361454114,True
WIR_WIRTZ_G2,12699,1.2370168635325642,0.546780848885739,0.26000000000000156,5.466299751948975,0.5641389085754784,3.8326461033610726,0.0001267722624306965,0.0014431533361454114,True
WIR_WIRTZ_G1,12699,1.2370042641152872,0.546768249468462,0.26000000000000156,5.466296602094655,0.5641389085754784,3.832607017924045,0.00012679241235826207,0.0014431533361454114,True
DERMOTT_ALL,12699,0.9596781951334765,0.9589772816757224,-0.40250000000000696,5.86192861642649,0.43011260729191275,3.8304436131696606,0.00012791244376679872,0.0014431533361454114,True
JADE_SLR_ALL,12699,0.9449861563902675,0.9473858177809277,-0.41000000000000014,5.845549389715726,0.429797621859989,3.8046323087558482,0.00014201498751009755,0.0015836322444439947,True
BAIRDWND_ALL,12699,0.6008487676194978,0.537979171588314,-0.1700000000000017,3.87065998897551,0.4563351444995669,3.7801547185121827,0.0001567309341487974,0.0017149381170987797,True
CMPD_SLR_RN,12699,0.7986687258839285,0.6995637451767855,-0.10000000000000853,5.166086459563746,0.4681470981967084,3.7791468793610545,0.00015736658425932493,0.0017149381170987797,True
RRC_WIND_ALL,12699,0.6057736278447131,0.5706921804866525,-0.19000000000000483,3.9902554768091987,0.44901173320733917,3.762946820614543,0.0001679229196091444,0.0017893119989463276,True
SHEEPCRK_1,12699,0.6057736278447131,0.5706921804866525,-0.19000000000000483,3.9902554768091987,0.44901173320733917,3.762946820614543,0.0001679229196091444,0.0017893119989463276,True
FLTCK_SSI,12699,0.7879423340420507,0.328004567288763,0.2874999999999943,4.2985732656114655,0.559099141664698,3.729846575549927,0.0001915964007484498,0.0020191313001952016,True
SUNVASLR_ALL,12699,0.8294873612095447,0.7325872115914638,-0.0899999999999963,5.004078911725334,0.4702732498621939,3.7210754897402345,0.0001983761211677736,0.0020678554369553794,True
ABINDUST_RN,12507,1.3045101942911985,0.004271807787638723,0.48749999999999716,6.001369329175663,0.5895098744702967,3.6735102034842253,0.00023924111928593062,0.0024670132623140586,True
NUE_NUECESG8,12699,-1.0660357744704283,-1.673839278683361,-0.30500000000000327,6.092081045751637,0.44247578549492084,-3.667777197755464,0.00024466823802021603,0.0024961365985253954,True
MARBFA,12699,1.128668599889756,0.538356366643043,0.16750000000000043,5.32475097645484,0.549492085991023,3.6447854076742794,0.0002676150048185079,0.002687142318240092,True
NUE_NUECESG9,12699,-1.0589826639892908,-1.6718816442239546,-0.3049999999999997,6.098437644696434,0.4425545318529018,-3.638568947016718,0.00027415723462691433,0.002687142318240092,True
FALFUR_RN2,12507,-1.2919646358039472,-1.6606236507555767,-0.422500000000003,7.830204389541859,0.4385544095306628,-3.629372528807132,0.00028411098457186063,0.002687142318240092,True
LACASAWD_RN,12699,0.9090362784471231,0.3811380817387196,0.03500000000000014,4.772535380738642,0.5079140089770848,3.626786245680706,0.0002869706626396214,0.002687142318240092,True
NOVA1SLR_ALL,12699,0.8422349082604934,0.8451348531380424,-0.41499999999999915,5.574876100480353,0.4285376801322939,3.624784109787106,0.0002892029380642158,0.002687142318240092,True
CCEC_PUN2,12699,-1.054616268997559,-1.6640808331364674,-0.2950000000000017,6.125868328214819,0.4438144735805969,-3.6204527733055225,0.00029408792869291153,0.002687142318240092,True
CCEC_GT1,12699,-1.054616268997559,-1.6640808331364674,-0.2950000000000017,6.125868328214819,0.4438144735805969,-3.6204527733055225,0.00029408792869291153,0.002687142318240092,True
CCEC_ST1,12699,-1.054616268997559,-1.6640808331364674,-0.2950000000000017,6.125868328214819,0.4438144735805969,-3.6204527733055225,0.00029408792869291153,0.002687142318240092,True
CCEC_CC1,12699,-1.054614694070399,-1.664079258209308,-0.2950000000000017,6.12586990314198,0.4438144735805969,-3.6204466146302767,0.00029409492930530535,0.002687142318240092,True
CCEC_GT2,12699,-1.0545855579179462,-1.6640501220568549,-0.2950000000000017,6.125899039294434,0.4438144735805969,-3.6203430612583767,0.00029421266258103195,0.002687142318240092,True
CCEC_PUN1,12699,-1.0545855579179462,-1.6640501220568549,-0.2950000000000017,6.125899039294434,0.4438144735805969,-3.6203430612583767,0.00029421266258103195,0.002687142318240092,True
NOVA2S_UNIT1,12699,0.837665997322624,0.8408984959445627,-0.41749999999999954,5.58118609339318,0.428380187416332,3.601330002265314,0.0003165934093044554,0.0028642743351223843,True
SAN_SANMIGG1,12699,-0.8644693558547916,-1.5535894558626664,-0.10999999999999943,4.42050993385306,0.4677533664068037,-3.5942234876912407,0.00032536047543084694,0.002916081270450301,True
OGS_SLR_RN,12699,-0.9266445192534848,-1.225771911174108,-0.2575000000000003,5.754676529648004,0.447830537837625,-3.5754046229265466,0.0003496866447511074,0.0031050878918177038,True
CARN_ESS_RN,12507,-1.0269112656912127,-2.189579235628048,-0.2749999999999986,6.064982042056449,0.449908051491165,-3.5599574786903365,0.00037091484791529426,0.0032633700839519927,True
BRIGHTSD_U1,12699,-0.9551881132372626,-1.4700590597684857,-0.1474999999999973,4.960180860697693,0.4619261359162139,-3.547237275127933,0.0003892938113906213,0.0033939342283964163,True
T_CK_GT2_RN,12699,1.5105319867706135,0.3803134105047643,0.41249999999999787,10.432422804945272,0.5545318529018033,3.5313024460303457,0.000413518626381727,0.0035407532383935378,True
T_CK_GT3_RN,12699,1.5105319867706135,0.3803134105047643,0.41249999999999787,10.432422804945272,0.5545318529018033,3.5313024460303457,0.000413518626381727,0.0035407532383935378,True
OLNEYTN_AGR1,12699,1.1238043113630998,-0.11828057327348632,0.060000000000002274,6.503319548783368,0.5114575950862272,3.4776435048938277,0.0005058421965022793,0.004255286547769175,True
OLNEYTN_RN,12699,1.1238043113630998,-0.11828057327348632,0.060000000000002274,6.503319548783368,0.5114575950862272,3.4776435048938277,0.0005058421965022793,0.004255286547769175,True
JC_BAT_RN,12699,1.029680270100013,0.6168320340184267,0.24250000000000327,5.12171102842744,0.5623277423419167,3.4750320782791424,0.0005107922655383102,0.004259563327402083,True
WHMESA_U1,12699,1.0637945428773932,0.9303775887865187,0.7274999999999991,7.115715560280338,0.5842979762185999,3.4620726419467336,0.0005360324558008027,0.004386633509380874,True
HICK_G1_G2,12699,1.0637898180959144,0.9303728640050396,0.7274999999999991,7.115718710134657,0.5842979762185999,3.462054855824609,0.0005360678815779475,0.004386633509380874,True
CEDROHI_CHW1,12699,-1.4901102094653123,-1.724116268997559,-0.6450000000000031,10.034211059925978,0.42523033309709424,-3.4583257755116685,0.000543543698587721,0.004386633509380874,True
EXGNWTL_1,12699,-1.4900015394912987,-1.7240075990235453,-0.6450000000000031,10.03436855264194,0.42523033309709424,-3.4579379257429634,0.0005443267858355829,0.004386633509380874,True
SHAFFER_ALL,12699,-1.101955189384991,-1.5400376013859358,-0.4200000000000017,6.549831801716669,0.43011260729191275,-3.43726338284674,0.0005876238914431707,0.0046960942657833385,True
FILESSLR_PV1,12699,0.7298833530199231,0.6363221513505,-0.10000000000000142,4.968038207732892,0.46940703992440347,3.424529190462105,0.0006158656794535902,0.004881117244594983,True
INGLCO_PUN1,12699,-0.999143751476494,-1.642189739349555,-0.3099999999999987,6.193582376565085,0.44373572722261595,-3.401595138241622,0.000669938054088426,0.0052661524087770535,True
LGE_LGE_GT2,12699,-0.995032600992204,-1.6377923458540042,-0.3049999999999997,6.1921738010867005,0.44412945901252066,-3.3819995806582517,0.0007196025446741828,0.005476974923353502,True
LGE_LGE_GT1,12699,-0.995032600992204,-1.6377923458540042,-0.3049999999999997,6.1921738010867005,0.44412945901252066,-3.3819995806582517,0.0007196025446741828,0.005476974923353502,True
LGE_CC1,12699,-0.995032600992204,-1.6377923458540042,-0.3049999999999997,6.1921738010867005,0.44412945901252066,-3.3819995806582517,0.0007196025446741828,0.005476974923353502,True
LGE_LGE_STG,12699,-0.995032600992204,-1.6377923458540042,-0.3049999999999997,6.1921738010867005,0.44412945901252066,-3.3819995806582517,0.0007196025446741828,0.005476974923353502,True
GREGORY_RN,12699,-0.984191983620756,-4.728968619576344,-0.21249999999999858,6.037363091582015,0.4612174186943854,-3.338011289905452,0.0008438032079998634,0.006371710838361173,True
ANSON1_ALL,12699,0.554853590833925,0.5412686038270731,-0.16499999999999915,3.969487451767857,0.45940625246082367,3.3208031468356864,0.0008975882202742192,0.006724899244085751,True
INRT_W_ALL,12699,0.6046920269312547,0.6132662020631546,-0.27250000000000085,4.417849338530593,0.443656980864635,3.3152565455662586,0.0009155905482773713,0.00680659950231007,True
AZURE_RN,12699,0.571967021025278,0.5568997558862903,-0.2550000000000008,4.277767973856209,0.4420033073470352,3.2244602572243046,0.0012621037356706168,0.009310442173139396,True
TRENT_TRENT,12699,1.4171392589967726,0.06128888101425301,0.8500000000000014,7.717169607843138,0.6170564611386723,3.2040019971560354,0.0013553153651888396,0.009921736146687765,True
STWF_T1,12699,1.415601842664778,0.05975116150878016,0.8500000000000014,7.716803937317899,0.6170564611386723,3.200618213574015,0.0013713310384656828,0.009962927771883257,True
WFTANK_ESS1,12699,-1.3670206906055595,-1.502876210725254,-0.6500000000000057,10.217349039294433,0.42192298606189466,-3.1654216883592188,0.0015485834110894807,0.011112417078426681,True
ANCHOR_ALL,12699,0.4644555831167815,0.3547048980234665,-0.19250000000000256,3.5627803015985515,0.4448381762343492,3.1645175275278397,0.001553403054288791,0.011112417078426681,True
HI_LONE_ALL,12699,1.0658440192141119,0.893400661469407,0.8775000000000013,7.955921852114341,0.5922513583746751,3.1624803092481404,0.0015643131445126192,0.011112417078426681,True
HI_LONEB_RN1,12699,1.0649974958658168,0.892554138121112,0.875,7.955204472793135,0.5921726120166942,3.160152106461929,0.0015768679375524615,0.01111923788318243,True
SANTACRU_ALL,12699,-1.0519863926293396,-1.5060162217497441,-0.4324999999999992,6.699654413733367,0.42830144105835105,-3.1498326253546938,0.0016336402482974744,0.011435481738082322,True
HORSECRK_RN,12699,0.5753000905583135,0.5857868729821245,-0.28749999999999964,4.519687900622098,0.44318450271674936,3.144005377990087,0.0016665237696040906,0.011497815072304482,True
SALVTION_GEN,12699,0.5753000905583135,0.5857868729821245,-0.28749999999999964,4.519687900622098,0.44318450271674936,3.144005377990087,0.0016665237696040906,0.011497815072304482,True
FERGCC_GT2_3,12699,1.001638672336413,0.40364556264272794,0.135,5.517031829277904,0.536813922356091,3.131759782444136,0.0017376198338034542,0.011818341678995634,True
FERGCC_GT1_1,12699,1.0016156390267037,0.40362252933301856,0.135,5.517011945822514,0.536813922356091,3.131710939417673,0.001737908910591668,0.011818341678995634,True
OLIN_OLING_1,12699,0.5813577604535789,-0.2571029214898812,0.15749999999999886,4.00650108669974,0.5316954090873297,3.1296826264492927,0.0017499525739493014,0.011818341678995634,True
FERGCC_CC1,12699,1.0001999763761014,0.40207772265532754,0.1349999999999998,5.5164054020001645,0.5366564296401292,3.127316804639847,0.0017640972201248197,0.0118305540846133,True
HEARN_RD_RN,12507,-0.9116989285999838,-1.545746581914128,-0.22500000000000142,6.075621851763013,0.4542256336451587,-3.124877125293037,0.0017787934589698683,0.011846270327445164,True
PIRATE_RN,12507,-0.8197813064683772,-1.358694331174542,-0.21499999999999986,5.462667961941313,0.455584872471416,-3.119949156265124,0.0018088225859525292,0.011963178344334312,True
FERGCC_ST1_5,12699,0.9966501929285853,0.39922513583746777,0.1349999999999998,5.516251350500047,0.5365776832821482,3.115775026130422,0.0018346218052929192,0.012050700762163764,True
APPALOSA_ALL,12699,3.1133325064965756,2.7343383337270653,2.045,22.451692700212615,0.6056382392314356,3.1058443684031283,0.001897365482224614,0.012378051003084386,True
VERAWIND_ALL,12699,0.5685237223403428,0.5892302543507362,-0.29999999999999716,4.56061643830223,0.44066461926135914,3.0995820013057678,0.0019379392487643935,0.012420084255393555,True
TRUSGILL_RN,12699,0.5685213599496033,0.5892278919599968,-0.29999999999999716,4.560618800692969,0.44066461926135914,3.099569705287818,0.0019380196921905954,0.012420084255393555,True
FLUVANNA_1_2,12699,0.960902846680843,1.033980037798252,-0.5899999999999999,6.96066945822506,0.40908732971100087,3.096891731851979,0.001955612849389392,0.012420084255393555,True
ENDPARK_ESS1,12699,0.960902846680843,1.033980037798252,-0.5899999999999999,6.96066945822506,0.40908732971100087,3.096891731851979,0.001955612849389392,0.012420084255393555,True
RANCHERO_ALL,12699,0.9840634183794001,0.8405094889361366,0.8000000000000007,7.541244393259312,0.5875265768958186,3.0633961385040442,0.0021884015536754145,0.013807086118254753,True
GRIF_TRL_RN,12699,0.5586722970312631,0.5736882825419324,-0.3049999999999997,4.562248066776912,0.43971966296558784,3.0502950981922345,0.0022861661658425884,0.014329629758451257,True
SHAMROCK_RN,12699,0.9626192613591635,0.8209473186865107,0.7500000000000036,7.384558721159147,0.5861091424521616,3.0276320272927855,0.0024647801841105603,0.015348858419233944,True
JUNCTION_RN,12699,5.294537975431139,2.056986376880069,2.102499999999999,25.35307760847311,0.6506024096385542,3.0126927632444573,0.002589409258136839,0.015755600851339705,True
BKSL_RN,12699,0.6534543546735971,0.7020560674068824,-0.4175000000000004,5.362414186156391,0.431136309945665,3.0119430080614586,0.0025958132789485645,0.015755600851339705,True
DKNS_ESS_RN,12699,0.6534543546735971,0.7020560674068824,-0.4175000000000004,5.362414186156391,0.431136309945665,3.0119430080614586,0.0025958132789485645,0.015755600851339705,True
WAKEWE_ALL,12699,0.6534543546735971,0.7020560674068824,-0.4175000000000004,5.362414186156391,0.431136309945665,3.0119430080614586,0.0025958132789485645,0.015755600851339705,True
OLIN_OLING_4,12699,0.5582110559886604,-0.28006772186786366,0.125,3.998946161115048,0.5265768958185684,3.0039382778812787,0.0026650938561576486,0.015874753054557253,True
OLIN_OLING_2,12699,0.5582108591227655,-0.2800679187337586,0.125,3.998945964249153,0.5265768958185684,3.0039370596378356,0.0026651045274074217,0.015874753054557253,True
OLIN_OLING_3,12699,0.5582108591227655,-0.2800679187337586,0.125,3.998945964249153,0.5265768958185684,3.0039370596378356,0.0026651045274074217,0.015874753054557253,True
VORT_ALL_RN,12699,0.5242430939444056,0.5188932199385777,-0.2574999999999985,4.166422462398615,0.44153082919914954,2.994059692376384,0.0027529207979717116,0.01629661139046217,True
JUNORTH_RN,12699,5.09924616505237,1.8905342940389005,2.0749999999999957,25.17577629340893,0.6504449169225923,2.9723831692350684,0.002954976480507888,0.017385413771822483,True
LILY_RN,12699,0.5121813567997486,0.15023210489014896,0.024999999999991473,3.6282394558626665,0.5053153791637137,2.9634021424757315,0.0030425878671760027,0.017791718076962112,True
MONT_WND_RN,12699,0.5363670485865034,0.5550507914008977,-0.3200000000000003,4.592295468147099,0.4387747066698165,2.9341908624166777,0.0033441849711241356,0.01943680840792755,True
SWT_BESS_RN,12699,1.2766588825891847,0.11766064257028098,1.2899999999999991,8.441494751555243,0.6352468698322703,2.91258206165474,0.0035845400215758993,0.02070827638970655,True
PITSDD_UNIT1,12699,0.6749087211591527,0.43957142294668883,-0.030000000000001137,4.183598948736128,0.4857075360264588,2.8927487334493747,0.0038188666956279604,0.02192989916830667,True
COL_COLETOG1,12699,-0.7929235687849401,-1.0124076698952673,-0.2975000000000012,5.559723088432165,0.4376722576580833,-2.8698920004329116,0.004106120187657969,0.023439102737880902,True
FOARDCTY_ALL,12699,0.5240766989526733,0.5410004724781479,-0.3299999999999912,4.620863823923144,0.4374360185841405,2.8590808011440405,0.004248705487227567,0.0241095181198298,True
ETCCS_CCU,12699,0.5215724151507994,0.8303643987715568,-0.04749999999999588,3.6504428931411925,0.48224269627529726,2.842522043835635,0.004475813578573465,0.025151704243033368,True
NED_NEDIN_G3,12699,-1.2573526852508048,-1.6219147176943065,-0.3424999999999976,8.839321241830067,0.44956295771320576,-2.8418812718557365,0.004484819004753604,0.025151704243033368,True
CISC_RN,12699,1.1455294432632528,-0.03484231041814302,0.4400000000000013,6.7058637294275165,0.5879203086857233,2.82855879870746,0.004675811086941986,0.025990969540722924,True
NEDIN_CC1,12699,-1.2425584770454363,-1.534631860776439,-0.3325000000000031,8.80854968107725,0.4501929285770533,-2.8276794190952677,0.004688673337377545,0.025990969540722924,True
DRYFRIO_RN,12699,0.6610042011181986,0.7495186628868415,0.6750000000000007,6.006277521852115,0.5926450901645799,2.818095366944327,0.004830945870137592,0.026625730399206612,True
SCES_UNIT1,12699,0.38345282699425204,0.3267934483030159,-0.062499999999998224,3.2241894125521697,0.472871879675565,2.7993068713446263,0.005121244167330406,0.028064418036970625,True
YNG_WND_ALL,12699,0.4846745176785574,0.4945434679896056,-0.2325000000000017,4.079294338136862,0.44373572722261595,2.7823465612917233,0.005396737746240255,0.02940608806047957,True
ANTL_ESS_ES1,12507,1.8490817462221185,0.7538726313264571,1.6900000000000013,15.664638026705047,0.5880706804189654,2.764952556350444,0.0056931075361663485,0.030845706933240274,True
PAULN_RN,12699,0.4315353649893698,0.24273978266005194,-0.005000000000002558,3.4323979919678718,0.496574533427829,2.7338284922882177,0.0062602643315635975,0.03372059278272265,True
FERMI_ALL,12699,1.8524640326009922,0.7499696826521776,1.6450000000000031,15.901752204898024,0.585636664304276,2.7320561239455428,0.006294041822843956,0.03372059278272265,True
INGLCO_PUN2,12699,-0.8121400858335297,-1.460743168753445,-0.28749999999999787,6.256712619103867,0.44751555240570123,-2.7224073448581967,0.006480820397107043,0.03449566970269998,True
TNS_SLR_ALL,12699,0.3399509843294749,0.3278571147334436,-0.07249999999999623,3.022441156783999,0.46917080085046065,2.720889453757589,0.006510652988726482,0.03449566970269998,True
LZ_SOUTH,12699,-0.6660717143082132,-1.46072269470037,-0.03249999999999709,4.746639278683362,0.4912197810851248,-2.709373547223512,0.006741039609859317,0.03552009332887409,True
INGLCOSW_STG,12699,-0.8022544649184971,-1.4461798173084495,-0.2850000000000019,6.263026305220884,0.4476730451216631,-2.680496195771759,0.007351310004922959,0.037902722014629665,True
INGLCOSW_CC1,12699,-0.8022544649184971,-1.4461798173084495,-0.2850000000000019,6.263026305220884,0.4476730451216631,-2.680496195771759,0.007351310004922959,0.037902722014629665,True
INGLCOS_CTG2,12699,-0.8022544649184971,-1.4461798173084495,-0.2850000000000019,6.263026305220884,0.4476730451216631,-2.680496195771759,0.007351310004922959,0.037902722014629665,True
INGLCOS_CTG1,12699,-0.8022544649184971,-1.4461798173084495,-0.2850000000000019,6.263026305220884,0.4476730451216631,-2.680496195771759,0.007351310004922959,0.037902722014629665,True
ROSELAND_ALL,12699,0.34165011811953716,0.31990333884557837,-0.07000000000000028,3.068785994960234,0.47003701078825105,2.677077762864707,0.007426739571277339,0.03808686229334207,True
S_HILLS_RN,12699,0.4796731632412001,0.4190711867076148,-0.09499999999999886,4.324756870619734,0.4757854949208599,2.6723663933133115,0.00753183609081676,0.03842037665475145,True
WH_WIND_ALL,12699,0.49212535632727006,0.431429640129144,-0.06499999999999773,4.380115284668085,0.4824789353492401,2.653855050377981,0.007957800256207676,0.04037846796668339,True
DC_N,12699,0.4481131467044656,0.41439266871407193,-0.2599999999999998,4.2629103197102145,0.44554689345617765,2.652003194297527,0.008001578489974763,0.04038691458887261,True
FAGUSSLR_RN,12507,0.5776230351003442,0.5867288318541617,-0.40749999999999886,5.49652018069881,0.43367714080115133,2.6406509772634363,0.008274691508355548,0.04154674951053911,True
ELECTRAW_1_2,12699,0.44411472163162574,0.4147096228049453,-0.2699999999999996,4.270725879990552,0.44475942987636824,2.6333384687211407,0.008455004284392623,0.04223098494131523,True
INGLCO_PUN3,12699,-0.7903862075753997,-1.4325994172769507,-0.2825000000000024,6.269104736593433,0.4482242696275297,-2.6292564260823,0.008557180857005605,0.04251987793714184,True
DENISON_G1_2,12699,0.3833616111504846,0.009431451295377695,-0.0224999999999973,3.285931585164186,0.4894086148515631,2.586290205489868,0.009701520964877018,0.04795751858410856,True
BLSMT1_5_A_6,12699,0.45310830380344935,0.44631703283723134,-0.3125,4.47084462162375,0.43814473580596897,2.5790126081084783,0.00990831702116136,0.04871929100194648,True
MISAE_GEN_RN,12699,0.5573438026616281,0.5689680289786596,-0.40249999999999986,5.472269064493269,0.43428616426490274,2.5773111535682682,0.009957227358062055,0.04871929100194648,True
PANDA_S_ST1,12699,0.39061554059374776,0.0300761871013466,-0.025000000000000355,3.3651597330498464,0.48869989762973465,2.5713640477968243,0.010129877950291997,0.0488168490167338,True
PANDA_S_CT2,12699,0.39061554059374776,0.0300761871013466,-0.025000000000000355,3.3651597330498464,0.48869989762973465,2.5713640477968243,0.010129877950291997,0.0488168490167338,True
PANDA_S_CT1,12699,0.39061554059374776,0.0300761871013466,-0.025000000000000355,3.3651597330498464,0.48869989762973465,2.5713640477968243,0.010129877950291997,0.0488168490167338,True
JAG_SLR_RN,12507,0.48730646038218683,0.3992460222275526,-0.08750000000000036,4.193433205404974,0.46957703685935875,2.5696049792626052,0.010181453811613261,0.04882007102668559,True
FPPYD_FPP_G3,12699,-0.3985655405937471,-0.40706394204268054,-0.052500000000009095,3.1077415229545635,0.4773604220804788,-2.536718201304752,0.011189698565097406,0.05338766628820106,False
BRANDON_RN,12699,0.6440478187258853,0.6558272304905897,-0.379999999999999,6.143493688479409,0.4490904795653201,2.518109582288388,0.011798660664872052,0.05601443355253613,False
FENCESLR_ALL,12699,0.38756508386487415,0.2512008819592093,-0.024999999999991473,3.341398102212776,0.48767619497598236,2.515114939446556,0.011899358294087952,0.056214209872070674,False
FRONT_EC_CC1,12699,-1.119213339633039,-1.356211118985747,-0.3924999999999983,8.785080959130644,0.4453106543822348,-2.5110448133268344,0.012037441486827697,0.05658777640131256,False
PANDA_S_CC1,12699,0.382056598944799,0.02151724545239786,-0.029999999999997584,3.3702172178911725,0.488148673123868,2.5066757724678883,0.012187244570261418,0.05701252459941805,False
FPPYD_FPP_G2,12699,-0.3918300417355697,-0.3977006063469565,-0.05249999999999977,3.1087532797858097,0.47838412473423103,-2.495062856591165,0.01259348196431037,0.058343715960259154,False
FPPYD_FPP_G1,12699,-0.3918300417355697,-0.3977006063469565,-0.05249999999999977,3.1087532797858097,0.47838412473423103,-2.495062856591165,0.01259348196431037,0.058343715960259154,False
SIL_SILAS_10,12699,1.1459493109693693,-4.261355618552643,-0.10500000000000398,9.600652886054021,0.48547129695251595,2.4860773179183675,0.0129159900542036,0.05944639164750859,False
PANDA_T1_CC1,12699,0.35899188125049225,0.6012034412158438,-0.03249999999999531,3.320557240727616,0.482557681707221,2.476238063031604,0.013277501234176894,0.05944639164750859,False
PANDA_T1_ST1,12699,0.35899109378691246,0.601202653752264,-0.03249999999999531,3.320556453264037,0.482557681707221,2.4762330727568034,0.013277686832282047,0.05944639164750859,False
PANDA_T1_CT2,12699,0.35899109378691246,0.601202653752264,-0.03249999999999531,3.320556453264037,0.482557681707221,2.4762330727568034,0.013277686832282047,0.05944639164750859,False
PANDA_T1_CT1,12699,0.35899109378691246,0.601202653752264,-0.03249999999999531,3.320556453264037,0.482557681707221,2.4762330727568034,0.013277686832282047,0.05944639164750859,False
HHGT_KENDAL,12699,0.5803743562485241,0.8533329396015433,0.14999999999999858,4.480028722734074,0.5366564296401292,2.4756586099225895,0.013299067565852488,0.05944639164750859,False
BR_ARROW_ALL,12699,0.3912840105520125,-0.00101622174974409,-0.007500000000000284,3.728458567603749,0.49649578706984804,2.474068969385555,0.013358390560006496,0.05944639164750859,False
DIBOL_RN,12699,0.3245030711079618,0.12380443341995437,0.0,3.1054101661548157,0.4995668950311048,2.473308684511202,0.0133868458408596,0.05944639164750859,False
SIL_SILAS_9,12699,1.139868517206081,-4.2679813371131585,-0.10999999999999943,9.605989526734389,0.48531380423655407,2.471589880148335,0.013451373292501944,0.05944639164750859,False
SIL_SILAS_6,12699,1.139868517206081,-4.2679813371131585,-0.10999999999999943,9.605989526734389,0.48531380423655407,2.471589880148335,0.013451373292501944,0.05944639164750859,False
CARBN_BSP_1,12699,1.2692676431215075,0.33901193007323405,2.1850000000000023,11.66231761556028,0.6554059374753918,2.4621494009823777,0.013810712437772859,0.06060417554134704,False
CHIL_SLR,12699,0.3323469052681318,0.5536648555004332,-0.030000000000001137,3.2099621426884024,0.4846838333727065,2.4602245144320345,0.013885012450115412,0.06060417554134704,False
FIVEWSLR_ALL,12699,0.3322961138672341,0.5536140640995355,-0.030000000000001137,3.2100129340892996,0.4846838333727065,2.4597614511318,0.013902939123145306,0.06060417554134704,False
HALO_RN1,12699,0.3295658477045445,0.5777061185920151,-0.0600000000000005,3.1782932041893073,0.4753130167729743,2.4517902061323142,0.014214751133914324,0.06168301510146532,False
CANYONWD_ALL,12699,0.4734401212693915,0.4309654303488464,-0.042499999999996874,4.598551988345539,0.4873612095440586,2.4494332544458404,0.014308122552214498,0.061808511385467134,False
CBEC_CC2,12699,0.43726752893928694,0.706631624537365,-0.08000000000000185,3.2854594968107733,0.47003701078825105,2.4426058508451884,0.014581652806160045,0.06215259230868707,False
CBEC_ALL,12699,0.4372651665485476,0.7066292621466258,-0.08000000000000185,3.2854602842743525,0.47003701078825105,2.442592216745789,0.014582203617783722,0.06215259230868707,False
CBEC_CC1,12699,0.4372651665485476,0.7066292621466258,-0.08000000000000185,3.2854602842743525,0.47003701078825105,2.442592216745789,0.014582203617783722,0.06215259230868707,False
ETCCS_CC1,12699,0.45588701866288706,0.7591839908654223,-0.052499999999994884,3.6937454248366013,0.4806677691156784,2.4369046100573626,0.014813586533890229,0.06285942250442801,False
GPASTURE_ALL,12699,0.46863230175604575,0.3965266950153556,-0.20250000000000412,4.371413292385229,0.45294905110638634,2.4334523815865166,0.014955602455787491,0.06290536296096581,False
VERTIGO_UN1,12699,0.46863230175604575,0.3965266950153556,-0.20250000000000412,4.371413292385229,0.45294905110638634,2.4334523815865166,0.014955602455787491,0.06290536296096581,False
JACKCNTY_STG,12699,0.6335586030396108,0.1418316402866366,-0.042500000000000426,5.114406228836917,0.4851563115205922,2.4307153309315392,0.015069048853210126,0.0631057548044913,False
BOCO_ESS_RN,12699,0.8032968777069064,0.42690310260650455,0.2150000000000034,7.984736660366957,0.5296480037798252,2.418679577752814,0.015576954733134075,0.06474006331094824,False
LGDRAW_S_ALL,12699,0.8031834829514138,0.426789707851012,0.2150000000000034,7.984888247106071,0.5295692574218442,2.418274174060608,0.015594321819425489,0.06474006331094824,False
AJAXWIND_RN,12699,0.3970463382943539,0.3664178281754468,-0.24250000000000327,4.144994231829278,0.447830537837625,2.4135364263468015,0.015798548610429338,0.06530520740259368,False
SRWE1_UNIT1,12699,0.7974505512245061,0.42105677612410436,0.21250000000000213,7.9773886408378605,0.5294117647058824,2.400867857703317,0.016356241775624208,0.06732032559151765,False
MESQCRK_ALL,12699,0.7951188715646905,0.4187250964642886,0.21749999999999936,7.975927895897314,0.5294905110638632,2.394624891426831,0.016637376284647426,0.06795823645086001,False
PHILLWND_ALL,12699,0.39149751555240725,0.3481423734152295,-0.07249999999999801,3.543334534215294,0.47058823529411764,2.3924192311914156,0.016737711611666636,0.06795823645086001,False
TAHOKA_ALL,12699,0.7469757343097913,0.29932829356642254,0.13250000000000028,8.170116359555873,0.5216946216237499,2.391980306815338,0.016757741507558058,0.06795823645086001,False
HOPKNSLR_ALL,12699,0.38009328687298205,-0.01702830931569421,-0.004999999999999005,3.7264657728955037,0.49673202614379086,2.391171973715888,0.01679468408639606,0.06795823645086001,False
AURO_SLR_RN,12699,0.29766040239389,0.5440719741711946,-0.07499999999999574,3.0225693794786994,0.46901330813449876,2.3767358871101174,0.017466589452693564,0.07038008102997112,False
WAP_WAP_G7,12699,-0.3293996062682104,-0.07667395070477989,-0.2699999999999996,2.851544507441531,0.4099535396487912,-2.3735384883826427,0.017618556720556316,0.07069538031386405,False
STP_STP_G1,12699,-0.4211196787148593,0.006363886920229989,-0.4200000000000017,3.5402842507284045,0.3790062209622805,-2.3697553713293074,0.01779985803926381,0.07102006249954534,False
E_BLACK_RN,12699,0.4409162099377905,0.608487873060871,0.120000000000001,3.6829012402551387,0.5442948263642806,2.3687453577700013,0.017848537356053032,0.07102006249954534,False
SLCN_ESS_ALL,12699,0.4536025435073631,0.4705732734861014,0.13000000000000256,3.817082376565084,0.545239782660052,2.367233074865076,0.017921642465995802,0.07102006249954534,False
STP_STP_G2,12699,-0.41951323726277645,0.007977990392944348,-0.41999999999999815,3.5390301992282867,0.37916371367824236,-2.3610255462807537,0.018224475145168437,0.07192292865932728,False
STAM_SLR_ALL,12699,0.3757958106937556,-0.024195212221434767,-0.005000000000000782,3.7266258839278685,0.49673202614379086,2.3553628720635755,0.018504625464356876,0.0727292451652387,False
JUNO_ALL,12699,0.7804667336010711,0.4040729585006694,0.20000000000000107,7.9857509134577525,0.5283093156941492,2.3507958515278413,0.01873330866868348,0.07332752250313247,False
NED_NEDIN_G1,12699,-0.9906731868651071,-1.2465727616347748,-0.30500000000000327,8.699222867942357,0.45420899283408145,-2.3458150273462888,0.01898552691012186,0.07357132062772541,False
SAMSON_ALL,12699,0.3742058272304906,-0.02691176470588243,-0.0050000000000003375,3.7263129301519804,0.4966532797858099,2.3422861367135472,0.01916601472106996,0.07357132062772541,False
TTRSW_RN,12699,0.3742058272304906,-0.02691176470588243,-0.0050000000000003375,3.7263129301519804,0.4966532797858099,2.3422861367135472,0.01916601472106996,0.07357132062772541,False
ELB_ELBCREEK,12699,0.8487747381683599,0.37382352941176467,0.3324999999999996,9.35550350421293,0.5428773919206237,2.340995670414544,0.019232390140720014,0.07357132062772541,False
PC_SOUTH_ALL,12699,0.8486221670997717,0.3736709583431766,0.3324999999999996,9.35569623592409,0.5428773919206237,2.3405396607292364,0.019255893094430737,0.07357132062772541,False
PC_NORTH_1,12699,0.8486221670997717,0.3736709583431766,0.3324999999999996,9.35569623592409,0.5428773919206237,2.3405396607292364,0.019255893094430737,0.07357132062772541,False
KEECHI_U1,12699,0.6080915898889683,0.12111859201511924,-0.04499999999999993,5.126366257185606,0.4847625797306875,2.3331544015513677,0.01964004307511297,0.07403353192785582,False
CAMWIND_RN,12699,-0.8505420269312541,-3.768919009370816,-0.49249999999999616,8.445141294590126,0.43389243247499804,-2.332855719041359,0.019655719116617634,0.07403353192785582,False
JACKCNTY_CT1,12699,0.6075616268997566,0.12058862902590743,-0.04499999999999993,5.125991818253406,0.4846838333727065,2.330855081136009,0.01976100253592988,0.07403353192785582,False
JACKCNTY_CT2,12699,0.6075545397275384,0.12058154185368915,-0.04499999999999993,5.1259847310811875,0.4846838333727065,2.330828794267213,0.01976238915173704,0.07403353192785582,False
JACKCNTY_CC1,12699,0.6075521773367987,0.12057917946294973,-0.04499999999999993,5.125982368690448,0.4846838333727065,2.3308198401570595,0.019762861494818654,0.07403353192785582,False
MAND_SLR_RN,12699,0.2948189148751872,0.5364829907866763,-0.06999999999999851,3.0572636900543353,0.47058823529411764,2.327164648419468,0.01995650376777494,0.07417852392542883,False
PEY_RN,12699,-0.3886347822663192,0.025690211827702942,-0.41000000000000014,3.3853653279785823,0.38034490904795654,-2.3248394443155,0.02008054697891608,0.07417852392542883,False
PCT_RN,12699,-0.38850878809354966,0.02581620600047248,-0.41000000000000014,3.38524878336877,0.38034490904795654,-2.3241695190828913,0.02011641027215697,0.07417852392542883,False
NED_NEDIN_G2,12699,-0.9803855264194027,-1.235851444995669,-0.29499999999999815,8.700144357823453,0.4553114418458146,-2.3228550995316106,0.020186937911439527,0.07417852392542883,False
GKS_BESS_RN,12699,-0.8511992322230081,-1.0917137176155602,-0.4075000000000024,7.852749511772583,0.4430270100007875,-2.322829461924487,0.020188315687734017,0.07417852392542883,False
TRSES_UNIT6,12699,0.32909670052760126,0.16120068509331445,-0.02500000000000213,3.2237343255374444,0.4883849121978108,2.3207576957515723,0.02029992488589376,0.074303923532718,False
TTWEC_G1,12699,0.7249547602173402,0.12739881092999453,0.32499999999999907,6.298595676824947,0.5493345932750611,2.3171998251293613,0.020492849056957706,0.07446937093457695,False
PHOENIX_RN,12699,0.35536519410977285,-0.02513642806520201,-0.009999999999999787,3.4476691156784,0.49492085991022916,2.31572001629857,0.020573560789842533,0.07446937093457695,False
PALMWI_UNIT1,12699,-0.8432136703677453,-3.680814237341523,-0.4774999999999956,8.41222850618159,0.4347586424127884,-2.3156372212713796,0.020578084773371107,0.07446937093457695,False
TGS_GT01,12699,0.4103292267107652,0.6241776911567839,-0.09999999999999787,3.284325517757304,0.4657059610992992,2.294865034694515,0.021740860172982077,0.07838152220259328,False
CALLAHA_WND1,12699,-0.7386587408457354,-0.592792739585794,0.09499999999999886,6.084999381841091,0.5201196944641311,-2.2824131294855468,0.022464960908628064,0.08068875472424837,False
EBELLS_UNIT1,12699,0.27409259784235,0.5142430506339082,-0.08000000000000185,2.923668706197338,0.4668871564690133,2.2727758477407796,0.023039691213630063,0.08244426818608667,False
LMAJADAS_ALL,12699,-0.7839477006063464,-1.1124234191668634,-0.49749999999999517,7.975299153476653,0.4303488463658556,-2.2668878804904917,0.02339707577249822,0.08341187979860891,False
SLTFRK_UN1_2,12699,0.5164286912355313,0.5837138751082763,-0.45250000000000057,5.805530140168518,0.42971887550200805,2.2616791822170614,0.02371723184691508,0.08392924480144488,False
MIAM1_G1_G2,12699,0.5164286912355313,0.5837138751082763,-0.45250000000000057,5.805530140168518,0.42971887550200805,2.2616791822170614,0.02371723184691508,0.08392924480144488,False
JAR_RN,12699,-0.34689961020552607,0.00944720056697369,-0.31249999999999645,3.0494527797464395,0.40066146940703995,-2.257882306178832,0.023952998019700467,0.08420164486542527,False
ESTONIAN_ALL,12699,0.35381638711709607,-0.015035238995196463,-0.010000000000001563,3.5928477360422075,0.4935821718245531,2.2576127779561452,0.023969811312055365,0.08420164486542527,False
LGD_LANGFORD,12699,0.8885022954563359,0.6540995353964879,0.5750000000000064,8.876284994881487,0.5594928734546027,2.251761851779521,0.024337325629428655,0.0851806397030003,False
LAUR_BESS_RN,12699,-0.8620899755886275,-1.7938365225608315,-0.5225000000000009,9.058432963225453,0.431215056303646,-2.2385572635216353,0.025184737568277077,0.08782604846537352,False
DC_E,12699,0.359549673202615,-0.04165209859044014,-0.0025000000000048317,3.7232438774706678,0.49751948972360027,2.235537461439488,0.025382085099107582,0.08800209339830364,False
RN_APOGEE,12699,0.4364890621308777,0.421132372627766,-0.13999999999999702,4.280588361288292,0.4638947948657375,2.2349786783702927,0.025418748562388016,0.08800209339830364,False
LZ_RAYBN,12699,0.3450509252697067,-0.018647925033467197,0.03500000000000014,3.4385964012914405,0.5080715016930467,2.2317304802852056,0.02563278146381604,0.08842387562517837,False
REDGATE_RN,12699,-0.9341069218048662,-1.183537483266399,-0.28000000000000114,8.676175777620285,0.45696511536341444,-2.2287020695311206,0.02583373447525222,0.08879767513178094,False
HB_PAN,12699,0.512311256791875,0.6002882116702102,-0.46999999999999886,5.85652985668163,0.4289314119221986,2.2249090177463944,0.02608734652853735,0.08934916186024043,False
CHALUP_ALL,12699,-0.8212899992125366,-1.5531866682415938,-0.509999999999998,8.605386802110402,0.4321600125994173,-2.2215990822828275,0.02631041195765278,0.08979247354942711,False
TYNAN_RN,12699,-0.5281159028269934,-1.0443070320497676,-0.10000000000000142,5.1819658280179555,0.475706748562879,-2.2184023033106457,0.02652741422297362,0.09021202212706278,False
WND_WHITNEY,12699,0.39319013701866357,0.29237400582723044,-0.019999999999999574,3.6640737026537527,0.4901173320733916,2.21105785731772,0.02703183077509917,0.09160256435802157,False
CONIGLIO_RN,12699,0.3414525986298143,-0.037628750295298774,-0.00999999999999801,3.4888832545869755,0.4961808016379243,2.208119512405995,0.02723594315263979,0.09196925874430124,False
PH1_UNIT1_2,12699,0.5092876643830231,0.5867213953854634,-0.46250000000000036,5.879944290889047,0.42885266556421764,2.1983012282717493,0.027927646942154556,0.09364550145988187,False
PH2_U1_U2,12699,0.5092876643830231,0.5867213953854634,-0.46250000000000036,5.879944290889047,0.42885266556421764,2.1983012282717493,0.027927646942154556,0.09364550145988187,False
PTLBES_BESS1,12699,0.688773005748485,0.9155171667060401,0.4999999999999982,6.228228490432318,0.5802031656035909,2.193301854838954,0.028285638101775243,0.0945154248766636,False
LV1A_LV1B,12699,-0.7653385384675941,-1.0860583510512638,-0.46999999999999975,8.080323978266007,0.43286872982124575,-2.1889151494334906,0.028603007759785675,0.09524404320011966,False
PANDA_T2_CC1,12699,0.3120447791164663,0.5556703283723128,-0.03500000000000014,3.296504964957871,0.48169147176943067,2.183459498746,0.029001988442066556,0.09525248132365824,False
PANDA_T2_ST1,12699,0.3120432041893067,0.5556687534451532,-0.03500000000000014,3.296504964957871,0.48169147176943067,2.1834479098671156,0.02900284102868426,0.09525248132365824,False
PANDA_T2_CT1,12699,0.3120432041893067,0.5556687534451532,-0.03500000000000014,3.296504964957871,0.48169147176943067,2.1834479098671156,0.02900284102868426,0.09525248132365824,False
PANDA_T2_CT2,12699,0.3120432041893067,0.5556687534451532,-0.03500000000000014,3.296504964957871,0.48169147176943067,2.1834479098671156,0.02900284102868426,0.09525248132365824,False
LNCRK_ALL,12699,0.39746025277581043,0.42633219151114266,-0.05000000000000071,3.7914466454051508,0.4823214426332782,2.1754739410161434,0.029594618837393387,0.09672509413577238,False
LFSTH_RN,12699,0.2842977596661156,0.08517521064650768,-0.012500000000002842,3.0931755531931646,0.49350342546657217,2.174695416994628,0.029652948567171097,0.09672509413577238,False
L_FRE_ESR_RN,12699,-0.8041011969446406,-5.084652728561304,-0.5599999999999987,8.647589707851013,0.4261752893928656,-2.1543394389758093,0.031213562125683825,0.1004459890651443,False
ECLIPSE_UN1,12699,-0.8337435742971882,-0.8613567997480116,0.7800000000000011,9.463485790219703,0.5664225529569258,-2.1532505482871698,0.03129899296314284,0.1004459890651443,False
SPLAIN2_RN,12699,0.5219492400976479,0.6314367273013622,-0.5100000000000016,6.189135057878576,0.42633278210882747,2.153016744427151,0.03131736259695323,0.1004459890651443,False
COTPLNS_RN,12699,0.5219492400976479,0.6314367273013622,-0.5100000000000016,6.189135057878576,0.42633278210882747,2.153016744427151,0.03131736259695323,0.1004459890651443,False
SPLAIN1_RN,12699,0.5219492400976479,0.6314367273013622,-0.5100000000000016,6.189135057878576,0.42633278210882747,2.153016744427151,0.03131736259695323,0.1004459890651443,False
WAP_WAP_G6,12699,-0.29655431923773473,-0.04546125679187338,-0.2575000000000003,2.833557492715962,0.4133396330419718,-2.150700911936732,0.03149981434784428,0.10069440653194223,False
LPCCS_UNIT1,12699,0.31472812426175323,-0.07055516182376566,-0.007500000000000284,3.429662079691315,0.49586581620600045,2.144226203146023,0.032014766507015964,0.10200053515026017,False
RN_SR_WIND1,12699,-0.8085383691629257,-5.8455413812111185,-0.5300000000000011,8.918218021104025,0.43176628080951257,-2.134940756456118,0.03276584964477213,0.10404784705078303,False
GRANDVW1_A_B,12699,0.49839065280730843,0.5881856839121189,-0.4750000000000001,5.945815347665171,0.4282226947003701,2.1290489590695936,0.033250209981794,0.10489128740967253,False
ROUTE66_RN,12699,0.49839065280730843,0.5881856839121189,-0.4750000000000001,5.945815347665171,0.4282226947003701,2.1290489590695936,0.033250209981794,0.10489128740967253,False
GOODNIT1_ALL,12699,0.49665629970863956,0.5898110087408456,-0.47749999999999915,5.960631612725412,0.42814394834238917,2.118678688885292,0.03411763056663174,0.10727477938819618,False
SROSA_ESR_RN,12699,-0.8710473383731,-1.4274305063390818,-0.2700000000000031,8.316469347980156,0.4560989054256241,-2.11212587516434,0.03467565417432028,0.1086730469057946,False
HWF_HWFG1,12699,0.37454120009449904,0.3838353413654619,-0.06749999999999545,3.7221672415150833,0.47625797306874557,2.106688657242502,0.03514457605405022,0.10978387112649564,False
TKWSW_CHAMP,12699,0.4210737617135211,0.4951055201196945,-0.01249999999999929,4.469195920938657,0.4953933380581148,2.0933867706202944,0.03631464241374341,0.11167998776317203,False
IND_INADALE1,12699,0.4210737617135211,0.4951055201196945,-0.01249999999999929,4.469195920938657,0.4953933380581148,2.0933867706202944,0.03631464241374341,0.11167998776317203,False
TKWSW_ROSCOE,12699,0.4210737617135211,0.4951055201196945,-0.01249999999999929,4.469195920938657,0.4953933380581148,2.0933867706202944,0.03631464241374341,0.11167998776317203,False
PYR_PYRON1,12699,0.4210737617135211,0.4951055201196945,-0.01249999999999929,4.469195920938657,0.4953933380581148,2.0933867706202944,0.03631464241374341,0.11167998776317203,False
LHORN_N_U1_2,12699,0.49228436491062366,0.5936457595086229,-0.48999999999999844,5.99859578313253,0.4274352311205607,2.0918683010711554,0.036450298404455524,0.11167998776317203,False
BRISCOE_WIND,12699,0.49228436491062366,0.5936457595086229,-0.48999999999999844,5.99859578313253,0.4274352311205607,2.0918683010711554,0.036450298404455524,0.11167998776317203,False
MUSTNGCK_ALL,12699,0.5415209386565873,0.6340747302937239,0.22500000000000142,4.966041105598866,0.5516182376565084,2.0878880549178693,0.03680793394146616,0.11225684518317461,False
LPCCS_UNIT2,12699,0.3061961532404129,-0.07908713284510585,-0.00999999999999801,3.4256190448066777,0.49507835262619104,2.0869239407831426,0.03689501039962061,0.11225684518317461,False
LPCCS_CT12,12699,0.30604692889203905,-0.07923635719347974,-0.00999999999999801,3.425585577604536,0.4949996062682101,2.0858772612637417,0.036989742521254615,0.11225684518317461,False
EL_RAYO_ALL,12699,-0.7134481100874075,-0.9929575163398694,-0.485000000000003,7.9762463855421695,0.43208126624143633,-2.0762526663274143,0.03787058858814359,0.11456749039757005,False
STEA_STEAM_1,12699,0.3392615757146241,-0.26310870934719277,0.09499999999999886,3.6924700409481073,0.5217733679817308,2.073202030799781,0.038153481482517106,0.11506034195513808,False
WILDWIND_ALL,12699,0.3590564650759905,0.1274700763839672,-0.10000000000000142,3.8813206512323806,0.46964327899834635,2.0678330950304167,0.03865572047810496,0.11620951704859768,False
SWTWN4_WND45,12699,0.41268394361760824,0.5237345460272463,0.03500000000000014,4.36530547287188,0.5105913851484369,2.045367441323364,0.04081864633954063,0.12088485180262344,False
SWEETWN2_2_4,12699,0.4126705567367515,0.5237211591463895,0.03500000000000014,4.365318859752737,0.5105913851484369,2.045298977507714,0.0408253914647058,0.12088485180262344,False
SWEETWND_1,12699,0.4126705567367515,0.5237211591463895,0.03500000000000014,4.365318859752737,0.5105913851484369,2.045298977507714,0.0408253914647058,0.12088485180262344,False
SWEETWN3_3,12699,0.4126705567367515,0.5237211591463895,0.03500000000000014,4.365318859752737,0.5105913851484369,2.045298977507714,0.0408253914647058,0.12088485180262344,False
TNP_TNP_O_1,12699,0.23537742735648556,0.4749966532797858,-0.09000000000000163,2.816452834868888,0.4646822584455469,2.0451387556346883,0.04084118037961417,0.12088485180262344,False
RIONOG_CT3,12699,0.30846619812583786,0.16234841326088678,0.10000000000000142,3.28975107095047,0.5327978580990629,2.037579291153005,0.04159202481589632,0.12123632765484671,False
RIONOG_CT1,12699,0.30846619812583786,0.16234841326088678,0.10000000000000142,3.28975107095047,0.5327978580990629,2.037579291153005,0.04159202481589632,0.12123632765484671,False
RIONOG_ST1,12699,0.30846619812583786,0.16234841326088678,0.10000000000000142,3.28975107095047,0.5327978580990629,2.037579291153005,0.04159202481589632,0.12123632765484671,False
RIONOG_CT2,12699,0.30846619812583786,0.16234841326088678,0.10000000000000142,3.28975107095047,0.5327978580990629,2.037579291153005,0.04159202481589632,0.12123632765484671,False
RIONOG_CC1,12699,0.30846619812583786,0.16234841326088678,0.10000000000000142,3.28975107095047,0.5327978580990629,2.037579291153005,0.04159202481589632,0.12123632765484671,False
GIGA_ESS_RN,12699,0.3548767501378062,0.32876368217969915,0.11500000000000199,3.583750795338215,0.542404913772738,2.0350109535890284,0.041849770842166505,0.12156859763202937,False
DUKE_GT2_CCU,12699,-0.8571985550043304,-1.1043359713363254,-0.2624999999999922,8.767496090243327,0.45972123789274744,-2.0339211389357827,0.041959547253599294,0.12156859763202937,False
SSPURT_WIND1,12699,0.4825358335301995,0.5906821403260097,-0.4825000000000017,6.074687971493818,0.42735648476257976,2.0082829923901953,0.04461322814786697,0.12886772829459164,False
TRUENO_ALL,12699,-0.6880802740373249,-0.9676474525553193,-0.475000000000005,7.96520251200882,0.4331049688951886,-2.006374407461123,0.04481631672491334,0.12889587681301448,False
TNP_TNP_O_2,12699,0.22820351602488412,0.4675183085282306,-0.09000000000000163,2.802681159933854,0.46460351208756595,2.0023496704509807,0.04524713740195365,0.12889587681301448,False
STEA_STEAM_2,12699,0.32700987085597366,-0.2744109772423027,0.07750000000000057,3.6956243523112065,0.5175998110087409,1.9968473479352629,0.0458417683088096,0.12889587681301448,False
STEA_STEAM_3,12699,0.32700987085597366,-0.27441137097409257,0.07750000000000057,3.6956239585794166,0.5175998110087409,1.996847216407225,0.04584178260122716,0.12889587681301448,False
STEAM_ENG123,12699,0.3270073115993392,-0.2744145208284118,0.07750000000000057,3.695621793054572,0.5175998110087409,1.9968329913167462,0.04584332838455126,0.12889587681301448,False
KMCHI_CC2,12699,0.2911508583353023,-0.08318214032600992,-0.015000000000004121,3.3572555122450587,0.4919284983069533,1.9941318141427749,0.04613765129263834,0.12889587681301448,False
KMCHI_CC1,12699,0.2911508583353023,-0.08318214032600992,-0.015000000000004121,3.3572555122450587,0.4919284983069533,1.9941318141427749,0.04613765129263834,0.12889587681301448,False
TGW_T1_T2,12699,-0.6815849043231703,-1.0536300102370266,-0.375,7.928266517048591,0.44475942987636824,-1.993772379996494,0.04617693528668055,0.12889587681301448,False
BAFFIN_ALL,12699,-0.6815849043231703,-1.0536300102370266,-0.375,7.928266517048591,0.44475942987636824,-1.993772379996494,0.04617693528668055,0.12889587681301448,False
PENA_ALL,12699,-0.6815849043231703,-1.0536300102370266,-0.375,7.928266517048591,0.44475942987636824,-1.993772379996494,0.04617693528668055,0.12889587681301448,False
STELLA_RN,12699,-0.6815211197732057,-1.053570163004961,-0.375,7.928273604220809,0.44475942987636824,-1.9935692738358783,0.04619914602256683,0.12889587681301448,False
VLSES_UNIT3,12699,0.29102250177179334,-0.08331049688951886,-0.015000000000004121,3.357312997086385,0.4919284983069533,1.993233800266077,0.046235851536680896,0.12889587681301448,False
RVRVLYS_ALL,12699,0.3670502244271201,0.7704455075202773,0.08999999999999986,3.5602109772423027,0.5331915898889676,1.9850075492757073,0.04714363158761271,0.1310456309928133,False
FRYE_SLR_ALL,12699,0.47610603197102186,0.5891060319710214,-0.5,6.096164824001891,0.4262540357508465,1.9822112647647088,0.04745560042987772,0.13153156304119287,False
TEN_CC1,12699,0.3147506063469563,-0.0460427986455625,-0.014999999999997016,3.1959309748799116,0.49184975194897235,1.9663894723017474,0.049253638589968333,0.1357321295724768,False
TEN_CT1_STG,12699,0.3147498188833765,-0.046043586109142325,-0.014999999999997016,3.1959317623434917,0.49184975194897235,1.9663845787370209,0.0492542034319311,0.1357321295724768,False
NBOHR_RN,12699,0.59662271438696,0.22694897236002826,0.3399999999999963,7.848281159933853,0.545161036302071,1.961154465860391,0.04986100672471326,0.13701061733237827,False
LARDVFTN_G5,12699,-1.0827912670288993,-1.3116471769430662,-0.4450000000000074,12.446083486888734,0.44735805968973935,-1.9572908245795113,0.0503132856500402,0.13768150959169986,False
LARDVFTN_G4,12699,-1.0822664225529564,-1.3111223324671233,-0.4450000000000074,12.445501157571462,0.4472793133317584,-1.9566188772629483,0.05039229391729578,0.13768150959169986,False
MIL_MILG345,12699,0.3544620127569103,-0.022140916607606937,0.049999999999998934,3.8401292542719903,0.5119300732341129,1.9500398727837636,0.05117136681437131,0.13809834812422134,False
MIL_MILG1_2,12699,0.3544620127569103,-0.022140916607606937,0.049999999999998934,3.8401292542719903,0.5119300732341129,1.9500398727837636,0.05117136681437131,0.13809834812422134,False
DUKE_CC1,12699,-0.8183915426411514,-1.0712363178203008,-0.2575000000000003,8.788012686038272,0.4601149696826522,-1.949091013934209,0.05128455661882189,0.13809834812422134,False
BBREEZE_1_2,12699,-0.7100564493267173,-1.0630102763997165,-0.44250000000000256,8.778617485628791,0.439483423891645,-1.9476253390662128,0.05145980953778833,0.13809834812422134,False
ELSAUZ_ALL,12699,-0.7100501496180787,-1.063003976691078,-0.44250000000000256,8.778617485628791,0.439483423891645,-1.9476079900035927,0.05146188698905267,0.13809834812422134,False
SNY_BESS_RN,12699,0.5952597842349803,0.04822328529805491,0.9849999999999994,6.83030442554532,0.6113079770060634,1.9469422969768093,0.05154165296924799,0.13809834812422134,False
DUKE_GST1CCU,12699,-0.8175068273092355,-1.0704441294590124,-0.2575000000000003,8.79041681234743,0.46003622332467126,-1.9468486987946279,0.05155287656774894,0.13809834812422134,False
DUP_PUN4,12699,-0.5067508543979838,-0.5215142924639736,-0.06999999999999851,5.472984219229861,0.4819277108433735,-1.9393495132975775,0.0524587936458504,0.13831288362653182,False
DUP_PUN1,12699,-0.5067508543979838,-0.5215142924639736,-0.06999999999999851,5.472984219229861,0.4819277108433735,-1.9393495132975775,0.0524587936458504,0.13831288362653182,False
VICTPORT_RN,12699,-0.5067508543979838,-0.5215142924639736,-0.06999999999999851,5.472984219229861,0.4819277108433735,-1.9393495132975775,0.0524587936458504,0.13831288362653182,False
DUP_PUN3,12699,-0.5067508543979838,-0.5215142924639736,-0.06999999999999851,5.472984219229861,0.4819277108433735,-1.9393495132975775,0.0524587936458504,0.13831288362653182,False
DUP_PUN2,12699,-0.5067508543979838,-0.5215142924639736,-0.06999999999999851,5.472984219229861,0.4819277108433735,-1.9393495132975775,0.0524587936458504,0.13831288362653182,False
MCSES_UNIT6,12699,0.30138566422553026,-0.14941747381683596,0.019999999999999574,3.569730329159777,0.5041341837939995,1.935587909738158,0.05291819231388025,0.13831288362653182,False
MCSES_UNIT7,12699,0.30138566422553026,-0.15630187416331995,0.019999999999999574,3.569730329159777,0.5041341837939995,1.935587909738158,0.05291819231388025,0.13831288362653182,False
FRMR_BS2_RN1,12699,0.2996150287424217,-0.12607488778643997,0.0024999999999995026,3.513842952200962,0.5001968658949524,1.9354834367803888,0.05293099926062271,0.13831288362653182,False
FRMRSVLW_RN,12699,0.2996150287424217,-0.12607488778643997,0.0024999999999995026,3.513842952200962,0.5001968658949524,1.9354834367803888,0.05293099926062271,0.13831288362653182,False
CN_BRKS_UNT1,12699,0.468766509173951,0.5927462792345852,-0.4924999999999997,6.129646594220017,0.4260177966769037,1.932586515863603,0.053287154841348404,0.13886516710014435,False
MCSES_UNIT8,12699,0.30064859831482865,-0.14847547050948895,0.019999999999999574,3.570196901330814,0.5040554374360185,1.9307981988360143,0.05350801319848696,0.13906283104972628,False
FTDUNCAN_RN,12699,-0.9067200488227389,-0.9526478462871093,0.8300000000000018,10.730075281518232,0.5684699582644303,-1.9265557980667019,0.05403501175630637,0.13937227940802263,False
TNSKA_CCU,12699,0.3106942239546421,-0.04283703441215848,-0.02750000000000341,3.698835975273644,0.4879911804079061,1.9263360439585193,0.05406242759609148,0.13937227940802263,False
TNSKA_CC1,12699,0.3106934364910623,-0.042838609339318094,-0.02750000000000341,3.698836762737224,0.4879911804079061,1.9263308639918353,0.054063073972663626,0.13937227940802263,False
BOSQ_BSQS_34,12699,0.3480597015513053,0.2561424127884087,-0.045000000000001705,3.7529984447594313,0.48058902275769744,1.9189691436675815,0.05498823901157937,0.1409992545778198,False
BOSQUESW_CC1,12699,0.3480597015513053,0.2561424127884087,-0.045000000000001705,3.7529984447594313,0.48058902275769744,1.9189691436675815,0.05498823901157937,0.1409992545778198,False
TIMPP_RN2,12507,0.3163424962021277,0.10654313584392738,0.10000000000000853,3.4798840489325986,0.5334612616934516,1.9139465883860571,0.055626980735004404,0.14187838969380112,False
TIMPP_RN1,12507,0.3163424962021277,0.10654313584392738,0.10000000000000853,3.4798840489325986,0.5334612616934516,1.9139465883860571,0.055626980735004404,0.14187838969380112,False
DC_L,12699,-1.053680636270572,-1.2917125364201902,-0.45250000000000057,12.457670548862115,0.44712182061579653,-1.9079562205294598,0.0563968749159775,0.14346048552897195,False
NACPW_UNIT1,12699,0.2435352114339714,-0.05768584140483504,0.0,3.0916703480589023,0.4987794314512954,1.9021589513731783,0.05715037744681567,0.14499262426321752,False
MNWL_BESS_RN,12699,0.34922658870777307,-0.16785691786754858,0.010000000000001563,3.9392253602645884,0.5022442712024568,1.8918521134941468,0.05851068756416865,0.14805210916632647,False
SC2SES_UNIT1,12699,0.24400389794472058,-0.06336660366958026,-0.019999999999999574,3.0922526734388542,0.49200724466493423,1.888126146326602,0.05900901751972261,0.1489201257931947,False
PLATINUM_RN,12507,0.2788411369633002,-0.10123750699608218,-0.02499999999999858,3.3898926281282487,0.4893259774526265,1.8822563145190632,0.05980122282791498,0.1505232879054343,False
VICTORIA_CC1,12699,-0.5036278407748641,-0.34527541538703826,-0.13750000000000284,5.4713046499724385,0.46586345381526106,-1.871781827868617,0.06123679334434098,0.15373320632780887,False
WFCOGEN_24,12699,0.32465959130640343,0.2742761241042602,-0.2275000000000027,4.136360725253958,0.4488542404913773,1.864658218714411,0.062229326744622955,0.1550092094611105,False
WFCOGEN_13,12699,0.32465959130640343,0.2742761241042602,-0.2275000000000027,4.136360725253958,0.4488542404913773,1.864658218714411,0.062229326744622955,0.1550092094611105,False
WFCOGEN_CC1,12699,0.3246588038428236,0.2742761241042602,-0.2275000000000027,4.136363087644697,0.4488542404913773,1.8646535997237657,0.06222997460117574,0.1550092094611105,False
SBE_RN_1,12699,0.27599738168360016,0.48862626978502244,-0.07249999999999801,2.9134804354673633,0.47058823529411764,1.8481394928967108,0.06458216587271484,0.16045154681848064,False
LGW_UNIT_ALL,12699,0.3600502204898031,0.1898241987558075,-0.045000000000001705,4.083056630443343,0.48003779825183085,1.8463636135368442,0.0648394267886937,0.1606744451947216,False
SCSES_UNIT2,12699,0.23864353098669258,-0.07456118592015115,-0.019999999999999574,3.091495976061108,0.4919284983069533,1.8450732772561245,0.06502687988678184,0.16072365415315407,False
BUCKTHRN_RN,12699,0.3453577447043076,0.06377569099929123,0.13000000000000256,3.9083845027167494,0.5307504527915584,1.8417121131342618,0.06551727142010941,0.1614416525569498,False
BELM_SLR_RN,12699,0.28729744468068386,0.2068851878100639,-0.0400000000000027,3.4631558744783053,0.48058902275769744,1.839901753232739,0.06578266258618451,0.1614416525569498,False
WAP_WAP_G8,12699,-0.3116531026065036,0.018059492873454628,-0.2875000000000014,3.3729059571619824,0.4094810615009056,-1.8396311715006655,0.06582240474428298,0.1614416525569498,False
GRAN_SLR_RN,12699,0.3046927750216573,0.7107417906921806,0.0625,3.2641048232144283,0.5248444759429877,1.8364116651767934,0.06629679562209118,0.16219037500404448,False
GRSES_UNIT2,12699,0.29865088983384586,0.26231730844948425,-0.13000000000000078,3.68937593905032,0.4627135994960233,1.814059006144222,0.06966864190994652,0.1698831912724295,False
IMP_RN1,12699,0.2794169147176947,-0.09869989762973458,-0.00999999999999801,3.5756823844397205,0.4952358453421529,1.8132349151025937,0.06979559683142568,0.1698831912724295,False
DAG_ALL,12699,0.2985955587054118,0.5416393023072684,-0.13999999999999702,3.035972052917555,0.44916922592330105,1.8118095146893047,0.0700156344435815,0.1699873251427713,False
TUL_SLR_ALL,12699,-0.382019284983068,-0.5822635640601622,-0.09749999999999659,4.5545855421686765,0.474289314119222,-1.8064910363667261,0.07084167302273538,0.1715584960323314,False
LPCCS_CC1,12699,0.26805450822899485,-0.11466729663753045,-0.014999999999997016,3.466181297739981,0.49200724466493423,1.8033244858322455,0.07133726932692913,0.17232352968394216,False
BLVN_RN,12507,0.27985391380826763,0.19665427360678023,-0.057500000000000995,3.4629853442072442,0.4759734548652754,1.7951245200787582,0.07263386288707474,0.1750147600721223,False
TGCCS_ALL,12699,0.26858509331443553,0.1507364753130167,-0.06749999999999723,3.3479271438695974,0.47547050948893615,1.7836493489874914,0.07448066137578269,0.17806585976585906,False
TGCCS_CC1,12699,0.2685835183872759,0.15073490038585707,-0.06749999999999723,3.347928718796757,0.47547050948893615,1.7836388532580518,0.07448236794314414,0.17806585976585906,False
LPCCS_CT22,12699,0.27824029844869685,-0.0756667847862036,-0.010000000000001563,3.5694436924167254,0.4931884400346484,1.7827004621083944,0.07463507609250973,0.17806585976585906,False
LPCCS_CT21,12699,0.2782330144105836,-0.07567406882431683,-0.010000000000001563,3.569443101819041,0.4931884400346484,1.7826528456271444,0.07464283172666876,0.17806585976585906,False
AMISTAD_ALL,12699,1.1048842310418252,-0.4900460666194188,1.4800000000000004,13.19166105598867,0.5946137491141035,1.7789364121380589,0.075250187592787,0.1790693049664584,False
BULLCRK_1_2,12699,0.5956149933065604,0.2841064257028112,0.725000000000001,7.599135467359636,0.5854004252303331,1.776702285052081,0.07561723614853268,0.17949735016446247,False
CNLY_ESS_RN,12699,0.7816449759823616,0.4757244664934246,-0.08500000000000085,7.807104736593433,0.4723206551696984,1.7747869845701338,0.07593306620451222,0.17980200121019066,False
TV_RN,12699,-0.3007749429088904,-0.24473068745570528,-0.15000000000000213,3.068702220647295,0.44877549413339635,-1.7721947679549472,0.07636223183460734,0.1799137671436126,False
WAP_WAPGT_1,12699,-0.24754157807701369,-0.09480490589810213,-0.15000000000000213,2.7466469722025355,0.4480667769115678,-1.7714767590207616,0.07648145412284951,0.1799137671436126,False
ASTRA_RN,12699,0.43368177021812904,0.5799751948972359,-0.5124999999999993,6.228180841011105,0.4236554059374754,1.767704473182777,0.07711032179511826,0.1799137671436126,False
MARIAH_ALL,12699,0.43368177021812904,0.5799751948972359,-0.5124999999999993,6.228180841011105,0.4236554059374754,1.767704473182777,0.07711032179511826,0.1799137671436126,False
HRFDWIND_ALL,12699,0.43368177021812904,0.5799751948972359,-0.5124999999999993,6.228180841011105,0.4236554059374754,1.767704473182777,0.07711032179511826,0.1799137671436126,False
CITYVICT_ALL,12699,-0.47285407906134347,-0.312755728797543,-0.13750000000000018,5.417518210095283,0.4654697220253563,-1.767089084287258,0.07721331030346114,0.1799137671436126,False
WAP_WAP_G4,12699,-0.24640898495944547,-0.09921824553114413,-0.15000000000000213,2.7280384045987875,0.4470430742578156,-1.7665249975810624,0.0773078115560772,0.1799137671436126,False
WAP_WAP_G2,12699,-0.24653657768328188,-0.09379990550437037,-0.15000000000000213,2.747199574769667,0.4480667769115678,-1.7643798653589096,0.07766804575799849,0.1799137671436126,False
WAP_WAP_G1,12699,-0.24618753445153133,-0.09344928734546022,-0.15000000000000213,2.747472234034176,0.4480667769115678,-1.7617848947962174,0.07810564781474241,0.1799137671436126,False
WAP_WAP_G5,12699,-0.24609225135837443,-0.09518544767304513,-0.15000000000000213,2.7477947003701084,0.44790928419560594,-1.7617686648686468,0.07810839104692882,0.1799137671436126,False
PNPI_GT2_RN,12699,-0.2461574139696036,-0.09342074179069208,-0.15000000000000213,2.747499992125364,0.44814552326954876,-1.761557873262853,0.07814402681696206,0.1799137671436126,False
WAP_WAP_G3,12699,-0.2457582408063609,-0.09986829671627687,-0.15000000000000213,2.729464406646194,0.4468855815418537,-1.761040586580722,0.07823153378403176,0.1799137671436126,False
CFLATS_UNIT,12699,1.2484776557209234,-0.09947673045121638,0.010000000000001563,12.496904783841249,0.5017717930545712,1.759120511493418,0.07855704169724295,0.18023015068817222,False
CLO_RN,12699,-0.33839797228128143,-0.3772615954012125,-0.16249999999999432,3.3661882549807074,0.4466493424679109,-1.7537923796403574,0.07946608929023256,0.18148683473785016,False
DMA_RN,12699,0.28691025277581195,0.5395550830774077,-0.14000000000000057,3.020157413969607,0.447830537837625,1.75369206879317,0.0794832852866497,0.18148683473785016,False
RPUBRDS_RN,12699,0.2412899047169084,0.3760498858177808,-0.02500000000000213,2.77886746987952,0.48547129695251595,1.750366997288954,0.08005500697624683,0.18235808002427722,False
VIC_VICTORG6,12699,-0.46806630049610193,-0.3079671627687218,-0.1325000000000074,5.421440172454525,0.4663359319631467,-1.7483410452807535,0.08040498986022789,0.18241958258097177,False
BAKE_RN_ALL,12699,0.2645531813528629,-0.11120718166784783,-0.015000000000002345,3.495359457437594,0.492400976454839,1.7480091465562484,0.08046244362017838,0.18241958258097177,False
FTWIND_UNIT1,12699,0.27167619891330064,0.24077132057642334,-0.09249999999999758,3.6200387943932597,0.46720214190093706,1.7459091302038168,0.08082674311574913,0.18262525033650545,False
RBN_BESS1,12699,-0.2044526104417672,0.016823765650838665,-0.1374999999999975,2.3606180014174347,0.4474368060477203,-1.7452921569285862,0.08093402647863902,0.18262525033650545,False
HRNT_SLR_RN,12699,0.4282241948184891,0.5822836443814474,-0.5174999999999983,6.252781915898891,0.4235766595794945,1.7404485774360352,0.08178028201942968,0.18410162079021844,False
LPCCS_CT11,12699,0.2714183045909128,-0.08248877864398767,-0.010000000000001563,3.5701553626269784,0.4929522009607056,1.7346679587551832,0.08279963470743229,0.18595983532652827,False
TURQ_BESS1,12699,0.26741780455153963,-0.2572901409559808,0.04999999999999716,3.5530085282305692,0.5102763997165131,1.7323518417051509,0.08321093689157993,0.1864469356986569,False
VIC_VICTORG5,12699,-0.4599754941333946,-0.2924421214268839,-0.13249999999999318,5.400046531222932,0.4664934246791086,-1.7252380665239144,0.08448457812971095,0.18885946486338648,False
RIPPEY_ALL,12699,0.6077799472399407,0.2725635876840698,-0.08750000000000213,6.407470584297977,0.47224190881171746,1.7159156665029585,0.08617747887998664,0.19219581917652834,False
RSK_RN,12699,0.5247798251830856,-0.21669363729427518,0.3399999999999963,7.916744649184975,0.5449247972281281,1.7044029643986487,0.08830583049575194,0.19648559500098867,False
BOSQ_BSQSU_5,12699,0.30530155917788865,0.2343416804472793,-0.07500000000000284,3.9044934325537453,0.472871879675565,1.6983154404971095,0.08944824204210446,0.1981082312202729,False
BOSQ_BSQS_12,12699,0.30530155917788865,0.2343416804472793,-0.07500000000000284,3.9044934325537453,0.472871879675565,1.6983154404971095,0.08944824204210446,0.1981082312202729,False
LBRA_BES1,12699,0.26098120324435026,-0.0703937317899047,0.07750000000000057,3.2112903378218762,0.5254744468068352,1.6908287986274975,0.09086950521206551,0.20079229377504798,False
MRKM_SLR_RN,12699,0.28681230805575303,0.14901153634144415,-0.030000000000001137,3.851453996377668,0.4863375068903063,1.6878717086682151,0.09143585853275482,0.20157928352393534,False
SENATEWD_1,12699,0.27789851956847195,0.2702972675013781,-0.1550000000000047,3.734550885896529,0.45798881801716673,1.6809603237581827,0.09277062144870374,0.20405281185620847,False
MOORE_FL_RN,12699,-0.6761592645090109,-0.9290800456728875,-0.2674999999999983,8.525115450035441,0.4602724623986141,-1.6464722312821263,0.09966657260740164,0.2187190918318036,False
BRP_LOOP_RN,12699,-0.4197809512560031,-0.34285002756122507,-0.06750000000000078,5.322656776124105,0.48106150090558314,-1.6445796403521202,0.10005652830283743,0.2190735402795002,False
EIFSLR_UNIT1,12699,0.26510221277266033,-0.08468048665249236,-0.03249999999999886,3.6970839121190657,0.48688873139617295,1.6374109230298997,0.10154463741007434,0.2218253013126681,False
PORTSL_UNIT1,12699,0.2875990235451621,0.10177080872509647,-0.13750000000000284,4.158336932041894,0.458933774312938,1.6333751886759609,0.10239011200486246,0.22316390321059795,False
HAMI_BESS_RN,12699,1.0034140365383208,-0.5811760768564458,1.4299999999999997,13.12980894164896,0.592408851090637,1.6163888818647905,0.10601026065966457,0.23044717372693718,False
SILASRAY_CC1,12699,0.7507273249862205,-4.878618198283329,-0.20750000000000668,9.589573226238288,0.47318686510748875,1.6154542625811152,0.10621235744244654,0.23044717372693718,False
AGUAYO_UNIT1,12699,0.32005093708166005,0.2771383573509724,-0.045000000000001705,4.1114884754705106,0.4815339790534688,1.6089065155187376,0.107636784589889,0.23301055625666717,False
FORTMA_RN,12699,1.116715064178283,1.1252643908969209,0.4125000000000014,10.589764052287585,0.570359870855973,1.5975053518524678,0.1101531056682053,0.2379207845401101,False
WIG_BESS_RN,12699,0.2742572958500677,-0.2658083313646743,0.0,3.8199328608551855,0.4988581778092763,1.5902677562948142,0.11177446336375237,0.24088024801312027,False
LACY_CRK_ALL,12699,0.47577270257500626,0.1812855342940388,0.3050000000000015,7.511546637530515,0.5437436018584141,1.5788558104823411,0.11436913379721782,0.2459192809675603,False
CITRUSCY_RN,12699,-0.6379761122923013,-0.8958311678084887,-0.27500000000000036,8.465147094259397,0.4602724623986141,-1.5713979715492095,0.1160902368640171,0.24906160436821564,False
HOLSTEIN_ALL,12699,0.26448726277659873,0.21270100007874648,0.0024999999999977263,3.8883169501535577,0.500590597684857,1.55927619931674,0.11893102243853619,0.25458671990749154,False
CACH_ESS_RN,12507,0.2432119373151048,0.11695450547693294,0.09999999999999787,3.4282842488206615,0.5300231870152714,1.5570698163585068,0.11945391036901341,0.25513652571020906,False
HB_SOUTH,12699,-0.23042421450507722,-0.22854161745019294,-0.12500000000000355,3.0994003386093407,0.46003622332467126,-1.5448451351526424,0.12238372692090967,0.2608133202603386,False
FEGC_RN,12699,-0.2489399125915426,-0.15000708717221825,-0.13249999999996476,3.065403295535081,0.4541302464761005,-1.5411015725744297,0.1232920672010722,0.2621665020971802,False
HAYSEN3_4,12699,0.24023400267737655,0.12970706354831082,0.06999999999999673,3.39097187180093,0.5227183242775022,1.5209492458674638,0.1282725744297644,0.27215353734102665,False
HMNG_ESS_RN,12699,0.2730541144972047,0.08042148988109309,-0.12750000000000128,4.0746570359870855,0.46137491141034725,1.5161200308297045,0.129489004173555,0.2741279359877246,False
PRO_RN,12699,-0.24457913615245294,-0.14353590833923932,-0.13249999999996476,3.0628599850381923,0.4541302464761005,-1.5147021829710814,0.1298478413553103,0.2742821142285079,False
MASSENGL_G8,12699,-0.8393312504921642,-0.4631222930939444,-1.2200000000000006,11.988319517284825,0.37640759114890937,-1.5120553948178446,0.13051977091349629,0.274713239733119,False
NOBLESLR_ALL,12699,0.2722784628710924,0.07927336798173094,-0.12750000000000128,4.075435443735727,0.4614536577683282,1.5116424106009145,0.13062485643201488,0.274713239733119,False
BASTEN_CC1,12699,-0.309838251043388,-0.2851726513898732,0.010000000000001563,3.6412163438065988,0.5038979447200567,-1.5001733951489287,0.13356949293294632,0.27940620676685624,False
MASSENGL_G7,12699,0.399443865658714,0.5299224348373888,-0.4799999999999969,6.541643408929837,0.43593983778250256,1.499552363393816,0.13373039510530452,0.27940620676685624,False
MASSENGL_G6,12699,0.399443865658714,0.5299224348373888,-0.4799999999999969,6.541643408929837,0.43593983778250256,1.499552363393816,0.13373039510530452,0.27940620676685624,False
ANACACHO_ANA,12699,-0.5133720371682775,-0.6564658634538153,0.7600000000000016,8.663214623198682,0.5696511536341444,-1.4944632226422745,0.13505458758669436,0.2815594554253041,False
PRID_RN,12699,0.2820924482242702,0.2483575478384125,-0.040000000000000924,4.066861918261281,0.4820852035593354,1.4684974480939348,0.14196914891464654,0.2945633389610727,False
MADERO_RN,12699,-0.5820685487046204,-0.8373799118040791,-0.23499999999999943,8.36124237341523,0.4683045909126703,-1.4647292479356895,0.14299480187870456,0.2945633389610727,False
TC_PUN1,12699,-0.32409317662807996,-0.669970863847547,-0.1799999999999926,3.9499626939129073,0.4456256398141586,-1.464235330325537,0.1431296599893704,0.2945633389610727,False
TC_PUN2,12699,-0.3240917985668153,-0.6699694857862823,-0.1799999999999926,3.949958559729114,0.4456256398141586,-1.4642302415242074,0.14313104993152298,0.2945633389610727,False
TC_GTG2_RN,12699,-0.3240904205055506,-0.6699681077250177,-0.1799999999999926,3.9499599377903785,0.4456256398141586,-1.4642232273646907,0.14313296577805168,0.2945633389610727,False
TC_TCHP1,12699,-0.324088845578391,-0.669966532797858,-0.1799999999999926,3.9499615127175383,0.4456256398141586,-1.4642155853678702,0.143135053134369,0.2945633389610727,False
MYRY_BES2_RN,12699,-0.5800978777856498,-0.8404606661941884,-0.2524999999999977,8.323554323175056,0.46184738955823296,-1.4616378622685022,0.14384047317804985,0.29475002943963635,False
MYRY_ESR_RN,12699,-0.5800978777856498,-0.8404606661941884,-0.2524999999999977,8.323554323175056,0.46184738955823296,-1.4616378622685022,0.14384047317804985,0.29475002943963635,False
WL_RANCH_RN,12699,0.34863064020789075,0.29718895188597516,0.28249999999999886,5.496572068666825,0.5476809197574612,1.4580846042109363,0.14481722446992434,0.2961188022743229,False
HHOLLW3_WND1,12699,0.2566369792897081,0.17066225687061976,0.010000000000005116,4.108156256398142,0.503425466572171,1.4427304022606402,0.1490964314403104,0.3042201654282078,False
SHANNONW_RN,12699,0.24443411292227785,0.22965804394046765,-0.21000000000000085,3.973018284904324,0.447830537837625,1.4225205868512243,0.15487517944415027,0.31534033351791957,False
FRONT_EC_RN2,12699,-0.5652271989920443,-0.8367001338688085,-0.2799999999999976,8.404497157256479,0.45956374517678555,-1.406832460573293,0.1594770746516958,0.3226562441958349,False
FRONT_EC_RN1,12699,-0.5652264115284646,-0.8366993464052288,-0.2799999999999976,8.4044963697929,0.45956374517678555,-1.406830543953519,0.15947764311660662,0.3226562441958349,False
FRONT_EC_RN3,12699,-0.5652264115284646,-0.8366993464052288,-0.2799999999999976,8.4044963697929,0.45956374517678555,-1.406830543953519,0.15947764311660662,0.3226562441958349,False
BATCAVE_RN,12699,0.9779471296952529,0.9862581699346405,0.39000000000000057,10.549949814946059,0.5679974801165446,1.4022573914070897,0.16083839910430897,0.3247242626126996,False
DC_R,12699,-0.5540178832978955,-0.8079067249389715,-0.23000000000000043,8.360787187967558,0.4690920544924797,-1.3975332962273552,0.16225326124489192,0.3259896623557381,False
FAL_FALCONG2,12699,-0.5690457910071652,-0.9228411685959523,-0.18750000000000178,9.243454240491378,0.47326561146546975,-1.396116170262633,0.16267951515010126,0.3259896623557381,False
FAL_FALCONG3,12699,-0.5690308291991489,-0.9228262067879357,-0.18750000000000178,9.243469202299394,0.47326561146546975,-1.396079209855504,0.16269064367396202,0.3259896623557381,False
FAL_FALCONG1,12699,-0.5688591621387505,-0.9226545397275372,-0.18750000000000178,9.243464477517916,0.47326561146546975,-1.3956335703973604,0.16282486785025918,0.3259896623557381,False
DILEOS_UNIT1,12699,0.34333135286243166,-0.10131526104417668,-0.012500000000002842,4.607069111741084,0.49350342546657217,1.387142920945676,0.1653981863915599,0.33045179322813734,False
GRSES_UNIT1,12699,0.2444406488699902,0.21784215292542727,-0.11999999999999744,4.071257091109537,0.46838333727065123,1.370655027375106,0.17048252043026135,0.3399017403172986,False
BRTSW_BCW1,12699,0.23535548468383355,0.08265375226395774,-0.020000000000003126,4.029582156075281,0.49145602015906764,1.341932633790926,0.17961783941996057,0.35737242324427837,False
PSA_PUN4,12699,0.2229424364123165,0.441884203480589,-0.05000000000000071,3.3295065753208917,0.481218993621545,1.3287011443663204,0.18394658724165658,0.36522728191459347,False
SOLARA_UNIT1,12699,0.3021746672966387,0.09533191589888969,0.28000000000000114,4.78843255374439,0.5650838648712497,1.3185695742857042,0.18731305105825813,0.3711430081918792,False
RAT_RN_1,12699,0.44743924324749984,0.2195129537758879,0.024999999999995026,7.03768294747618,0.5042129301519804,1.3169816616441228,0.18784477160528168,0.37142914632879404,False
GUADG_CCU2,12699,0.20548673517599836,-0.07205232695487843,0.09000000000000341,3.344877663595559,0.5318529018032916,1.3109812053786125,0.1898641134605904,0.3738802562807108,False
GUADG_CCU1,12699,0.20548673517599836,-0.07205232695487843,0.09000000000000341,3.344877663595559,0.5318529018032916,1.3109812053786125,0.1898641134605904,0.3738802562807108,False
TAV_RN,12699,0.1934133868808576,0.4412282463186078,-0.1050000000000022,2.7939165209859054,0.46137491141034725,1.3009074648332994,0.19329013065707745,0.37984679364782226,False
GID_GIDEONG1,12699,0.2110045948499896,0.36243582171824545,0.09999999999999787,3.4480832624616125,0.5363414442082054,1.2889121260397458,0.1974286379112572,0.38718622445172934,False
OWF_OWF,12699,0.5697774785416181,-0.45633396330419723,1.1525000000000007,9.18181478856603,0.6061107173793212,1.2822068354440457,0.1997700990124056,0.39097862235285097,False
CRAWFISH_RN,12699,0.26401067800614675,0.6007809670052761,-0.010000000000001563,4.282027230490594,0.49405464997243875,1.2766849734324077,0.20171348862176097,0.39325266458289176,False
CRWN_SLR_UN1,12699,0.21420873297110055,0.1529492479722813,-0.045000000000001705,3.7132199228285696,0.4793290810300024,1.2754155025725442,0.2021622144310382,0.39325266458289176,False
GOLINDA_UN1,12699,0.21420873297110055,0.1529492479722813,-0.045000000000001705,3.7132199228285696,0.4793290810300024,1.2754155025725442,0.2021622144310382,0.39325266458289176,False
WCPP_CT2,12699,0.2414910898495946,0.2840335853216789,-0.1700000000000017,3.9193440152767933,0.4530277974643673,1.2666221795318768,0.20529041790961466,0.3961353938275223,False
WCPP_CT1,12699,0.2414910898495946,0.2840335853216789,-0.1700000000000017,3.9193440152767933,0.4530277974643673,1.2666221795318768,0.20529041790961466,0.3961353938275223,False
WCPP_ST1,12699,0.2414910898495946,0.2840335853216789,-0.1700000000000017,3.9193440152767933,0.4530277974643673,1.2666221795318768,0.20529041790961466,0.3961353938275223,False
WCPP_CC1,12699,0.2414879399952754,0.2840304354673596,-0.1700000000000017,3.919345590203953,0.4530277974643673,1.2666053319523907,0.20529644497630717,0.3961353938275223,False
BASTEN_CCU,12699,0.20250887865186315,0.2279740530750453,0.0799999999999983,3.3637401960784317,0.5309079455075203,1.2631647562000556,0.20652997584645638,0.3972944193345262,False
GID_GIDEONG2,12699,0.20678379006221106,0.35579140089770844,0.09750000000000014,3.4483931293802677,0.5357114733443579,1.2626203035622774,0.20672566762036348,0.3972944193345262,False
THW_CC2,12699,-0.17119675565005105,-0.020957161981258347,-0.11000000000000298,2.761927947082447,0.45735884715331915,-1.260462981523962,0.2075023939222881,0.39798959154294855,False
BAC_RN_ALL,12699,0.2727081344987798,0.24453874320812669,-0.019999999999999574,3.9828891645011417,0.49066855657925823,1.251297352107796,0.2108260111829986,0.40334926487429923,False
W_HRL_ESR_RN,12699,-0.8111145877628163,-1.3214457831325306,-0.030000000000001137,11.842644306638318,0.49531459170013387,-1.2504423879740676,0.2111379884952015,0.40334926487429923,False
ELSA_ESR_RN,12699,-0.6093590873297098,-0.9009987006850934,-0.11499999999999844,9.742995027167495,0.4803527836837546,-1.2440695727942275,0.21347395835577565,0.40700104585127006,False
LZ_HOUSTON,12699,-0.1619119576344591,0.01904716906843061,-0.10500000000000043,2.6941904913772743,0.4630285849279471,-1.233037983470405,0.2175615932542604,0.4139713649421343,False
BAYC_BESS_RN,12699,0.3285754547602179,0.6026476494212145,-0.1349999999999909,4.570661059925978,0.46444601937160407,1.219691047418838,0.2225820166649507,0.42224584074580496,False
BIGSTAR_ALL,12699,-0.18835349240097626,-0.35038684148358146,0.0050000000000001155,3.1216010315772897,0.5016143003386093,-1.2191406355420982,0.22279081899622244,0.42224584074580496,False
LV5_UNIT1,12699,-0.4775718442397038,-0.7674269627529727,-0.2699999999999996,8.26363219544846,0.45917001338688085,-1.2140473399011613,0.22472964724577216,0.425080338675928,False
BRP_PBL2_RN,12699,-0.56940466572171,-0.6019538940074022,0.942499999999999,10.763364670446494,0.5780770139381054,-1.2125041187028733,0.2253194669443792,0.4253570251961804,False
TRINITY_ALL,12699,0.20423428616426567,0.15805594928734543,-0.18999999999999773,3.8879780455153954,0.45058666036695805,1.2075251153449962,0.22722997877849893,0.4281209226887632,False
WIPOPA_3_4,12699,-0.17458363256949372,-0.10989822033230973,0.009999999999999787,3.0708346129616504,0.5025592566343806,-1.2025551534306405,0.22914851100227263,0.4290159798905965,False
WIPOPA_1_2,12699,-0.17458363256949372,-0.10989822033230973,0.009999999999999787,3.0708346129616504,0.5025592566343806,-1.2025551534306405,0.22914851100227263,0.4290159798905965,False
DOW_G37_G35,12699,-0.17854967713993214,0.18719072367902986,-0.31499999999999995,2.984793696354044,0.4027088747145445,-1.1946049182079321,0.2322414267758145,0.4290159798905965,False
DOW_61_2_63,12699,-0.1785496771399321,0.18719072367902984,-0.31499999999999995,2.9847936963540436,0.4027088747145445,-1.194604417672573,0.23224162242960744,0.4290159798905965,False
DOW_81_2_84,12699,-0.1785496771399321,0.18719072367902984,-0.31499999999999995,2.9847936963540436,0.4027088747145445,-1.194604417672573,0.23224162242960744,0.4290159798905965,False
DOW_G66_ST65,12699,-0.1785496771399321,0.18719072367902984,-0.31499999999999995,2.9847936963540436,0.4027088747145445,-1.194604417672573,0.23224162242960744,0.4290159798905965,False
DOW_G67,12699,-0.1785496771399321,0.18719072367902984,-0.31499999999999995,2.9847936963540436,0.4027088747145445,-1.194604417672573,0.23224162242960744,0.4290159798905965,False
DOW_64,12699,-0.1785496771399321,0.18719072367902984,-0.31499999999999995,2.9847936963540436,0.4027088747145445,-1.194604417672573,0.23224162242960744,0.4290159798905965,False
DOW_G96_ST95,12699,-0.1785496771399321,0.18719072367902984,-0.31499999999999995,2.9847936963540436,0.4027088747145445,-1.194604417672573,0.23224162242960744,0.4290159798905965,False
DOWGEN_PUN2,12699,-0.17842683282148186,0.18734664146783214,-0.31499999999999995,2.985053559335381,0.4027088747145445,-1.1937046991055515,0.23259350169410564,0.4290159798905965,False
DOWGEN_PUN3,12699,-0.17840025592566328,0.18734014489329867,-0.3150000000000013,2.9844166981652105,0.40263012835656353,-1.1936217182271125,0.232625974497508,0.4290159798905965,False
OR_BESS_RN,12699,-0.1345731553665639,0.029794078273879913,-0.10000000000000142,2.344353177415545,0.4609024332624616,-1.1880227844754299,0.23482443326445368,0.432239215932075,False
LASSO_GEN,12699,0.5380939640916619,0.29288093550673305,1.2150000000000034,10.963027187180092,0.584140483502638,1.185134732383029,0.2359641804520699,0.43350507481520123,False
HHOLLW4_WND1,12699,0.20393166784786526,0.16896606031971023,-0.009999999999999787,3.9333966572171075,0.49507835262619104,1.1827942465913424,0.23689070132379175,0.43437511007555696,False
DOWGEN_PUN1,12699,-0.17536488306165826,0.1909652334829514,-0.3125,2.968316517048587,0.4031026065044492,-1.175516722767849,0.23978805081516652,0.4388487418544746,False
JCKCNTY2_CT4,12699,0.2177385424049141,0.2576633986928104,-0.1799999999999926,3.897776561146547,0.4514528703047484,1.168493678106972,0.24260768782458697,0.44064549981322887,False
JCKCNTY2_ST2,12699,0.2177385424049141,0.2576641861563902,-0.1799999999999926,3.897776561146547,0.4514528703047484,1.168493678106972,0.24260768782458697,0.44064549981322887,False
JCKCNTY2_CT3,12699,0.2177385424049141,0.2576633986928104,-0.1799999999999926,3.897776561146547,0.4514528703047484,1.168493678106972,0.24260768782458697,0.44064549981322887,False
JCKCNTY2_CC1,12699,0.2177385424049141,0.2576633986928104,-0.1799999999999926,3.897774986219387,0.4514528703047484,1.1684935454723235,0.2426077412944576,0.44064549981322887,False
RN_TOSBATT,12699,0.4392099614142861,-0.4688816048507757,0.8200000000000021,7.7593141979683455,0.5914638947948657,1.1656911589134533,0.2437393360016632,0.4416265543298919,False
DAN_ALL,12699,-0.18551479250334632,0.1614042444286951,-0.31749999999999545,3.2329196354043623,0.4059374753917631,-1.1637399703024658,0.2445294059949662,0.4416265543298919,False
PLN_ALL,12699,-0.18551479250334632,0.1614042444286951,-0.31749999999999545,3.2329196354043623,0.4059374753917631,-1.1637399703024658,0.2445294059949662,0.4416265543298919,False
BVE_UNIT1,12699,-0.20240390975667233,0.1717999448775494,-0.2850000000000037,3.4458435742971902,0.4104260177966769,-1.1578885092270754,0.24690953735634247,0.4439997272779273,False
BVE_CC1,12699,-0.20203124261752753,0.1721726120166942,-0.2850000000000037,3.4473230214977573,0.4104260177966769,-1.1560919182962208,0.24764356136421994,0.4439997272779273,False
BRP_PBL1_RN,12699,-0.5454030277974636,-0.5791481612725412,0.9425000000000026,10.786492617528939,0.5782345066540673,-1.155946736775299,0.2477029440757753,0.4439997272779273,False
RAB_G1-8,12699,-0.2017666548547115,0.17243719977951016,-0.2850000000000037,3.4480888298291217,0.4104260177966769,-1.1545235268992697,0.24828559872726175,0.4439997272779273,False
BVE_UNIT3,12699,-0.20167353728639908,0.17253031734782265,-0.2850000000000037,3.4472232104890166,0.4104260177966769,-1.1541969617492307,0.24841942792344096,0.4439997272779273,False
BVE_UNIT2,12699,-0.20160424049137582,0.1725996141428459,-0.2850000000000037,3.447926415465786,0.4104260177966769,-1.1537045253105978,0.2486213279960865,0.4439997272779273,False
N_AL_BESS_RN,12699,-0.5288823686904479,-0.8066479644066461,-0.14499999999999957,9.320971399322781,0.47641546578470745,-1.1510096374651841,0.24972827072032588,0.4451476052431088,False
PSA_PSA_G2,12699,0.1890938735333494,0.40623474289314115,-0.06250000000000355,3.3050889046381613,0.47657295850066933,1.1353899577530755,0.2562119654209106,0.45585765276187995,False
FORMOSA_PUN1,12699,-0.2820133278210881,-0.6455512245058667,-0.08749999999999858,5.166028321127649,0.4777541538703835,-1.1302758851200037,0.25835999258266185,0.4588282090495791,False
PSA_PSA_G1,12699,0.18784290101582823,0.3965180329159776,-0.06249999999999645,3.303458941648949,0.477045436648555,1.1276704250330003,0.2594591323114359,0.45925960086556045,False
HB_NORTH,12699,0.13167773446728093,-0.0815955980785889,-0.05999999999999872,2.7290228088825894,0.4757854949208599,1.1274300685314904,0.25956069204289234,0.45925960086556045,False
SIG_SLR_RN,12699,0.1703605520119716,-0.31392570281124504,-0.010000000000001563,3.488155685487049,0.4947633671942673,1.1241361184418843,0.260955284826376,0.4597362118599891,False
RAYBURN_CC1,12699,-0.27576251279628095,-0.27464879124340486,-0.03249999999999531,5.2469288644775185,0.49066855657925823,-1.1126324768830578,0.26586630627261776,0.4597362118599891,False
THW_CC1,12699,-0.1518272344279075,-0.0006307583274273468,-0.09750000000000014,2.764997200566974,0.46200488227419484,-1.1101135326622507,0.26695010649072504,0.4597362118599891,False
GARC_BESS_RN,12699,-0.43644029844869525,-0.8937648633750688,-0.22000000000000242,8.307922635640603,0.4657847074572801,-1.1071278210425766,0.2682386685924186,0.4597362118599891,False
FORMOSA_PUN2,12699,-0.2753919403102605,-0.6389298369950391,-0.08500000000000085,5.166821296952516,0.4781478856602882,-1.1065400564620507,0.2684928363370763,0.4597362118599891,False
PSA_PUN3,12699,0.18378794393259354,0.40092881329238517,-0.06750000000000256,3.3068189621230024,0.47586424127884086,1.1032663274232346,0.2699115249433365,0.4597362118599891,False
FO_FORMOSA11,12699,-0.27393139223560886,-0.6374692889203875,-0.08500000000000085,5.168336967477754,0.47822663201826915,-1.1004668473269494,0.2711287667062904,0.4597362118599891,False
RAYB_G78910,12699,-0.27268116780848667,-0.2715674462556106,-0.030000000000001137,5.248073836522562,0.49129852744310576,-1.1004514756034305,0.27113546085053464,0.4597362118599891,False
FO_FORMOSG7,12699,-0.2738195724072759,-0.6373574690920546,-0.08500000000000085,5.168450362233247,0.47822663201826915,-1.1000048563123714,0.2713300059819719,0.4597362118599891,False
FORMOSA_CC2,12699,-0.2738187849436961,-0.6373566816284747,-0.08500000000000085,5.168449574769668,0.47822663201826915,-1.1000020051119852,0.2713312482577065,0.4597362118599891,False
FO_FORMOSG15,12699,-0.2738179974801163,-0.6373558941648949,-0.08500000000000085,5.168448787306088,0.47822663201826915,-1.099998706599163,0.2713326854335425,0.4597362118599891,False
FO_FORMOSG9,12699,-0.2738179974801163,-0.6373558941648949,-0.08500000000000085,5.168448787306088,0.47822663201826915,-1.0999986611803456,0.27133270522274766,0.4597362118599891,False
FO_FORMOSG5,12699,-0.2738179974801163,-0.6373551067013152,-0.08500000000000085,5.168448787306088,0.47822663201826915,-1.0999986611803456,0.27133270522274766,0.4597362118599891,False
FO_FORMOSG8,12699,-0.2738179974801163,-0.6373558941648949,-0.08500000000000085,5.168448787306088,0.47822663201826915,-1.0999986611803456,0.27133270522274766,0.4597362118599891,False
FO_FORMOSG14,12699,-0.2738179974801163,-0.6373558941648949,-0.08500000000000085,5.168448787306088,0.47822663201826915,-1.0999986611803456,0.27133270522274766,0.4597362118599891,False
FO_FORMOSG4,12699,-0.2738179974801163,-0.6373558941648949,-0.08500000000000085,5.168448787306088,0.47822663201826915,-1.0999986611803456,0.27133270522274766,0.4597362118599891,False
FO_FORMOSA12,12699,-0.2738179974801163,-0.6373558941648949,-0.08500000000000085,5.168448787306088,0.47822663201826915,-1.0999986611803456,0.27133270522274766,0.4597362118599891,False
FO_FORMOSG3,12699,-0.2738179974801163,-0.6373558941648949,-0.08500000000000085,5.168448787306088,0.47822663201826915,-1.0999986611803456,0.27133270522274766,0.4597362118599891,False
FO_FORMOSG2,12699,-0.2738179974801163,-0.6373558941648949,-0.08500000000000085,5.168448787306088,0.47822663201826915,-1.0999986611803456,0.27133270522274766,0.4597362118599891,False
FO_FORMOSG13,12699,-0.2738179974801163,-0.6373558941648949,-0.08500000000000085,5.168448787306088,0.47822663201826915,-1.0999986611803456,0.27133270522274766,0.4597362118599891,False
FO_FORMOSG10,12699,-0.2738179974801163,-0.6373558941648949,-0.08500000000000085,5.168448787306088,0.47822663201826915,-1.0999986611803456,0.27133270522274766,0.4597362118599891,False
FORMOSA_CC1,12699,-0.2738172100165365,-0.6373551067013151,-0.08500000000000085,5.168447999842508,0.47822663201826915,-1.0999956819128036,0.27133400330662627,0.4597362118599891,False
FO_FORMOSG1,12699,-0.27381721001653647,-0.6373551067013151,-0.08500000000000085,5.168451149696827,0.47822663201826915,-1.0999952041026957,0.2713342114916143,0.4597362118599891,False
FO_FORMOSG6,12699,-0.2738164225529567,-0.6373543192377353,-0.08500000000000085,5.168448787306088,0.47822663201826915,-1.099992363104162,0.2713354493355097,0.4597362118599891,False
PSA_PSA_G3,12699,0.1826872273407361,0.38846602094653115,-0.06749999999998835,3.303920647295063,0.47625797306874557,1.0964042947237593,0.27290188533550686,0.4608687789755047,False
SG_BES_BESS1,12699,0.4968407788014821,0.31923025435073626,1.082499999999996,10.824038526655643,0.5791007165918576,1.0962599454093889,0.2729650328030101,0.4608687789755047,False
GUNMTN_NODE,12699,0.9373950311048125,0.5719495629577132,2.1000000000000014,17.971364831876528,0.6470588235294118,1.0912481108944625,0.2751637232559455,0.46352198144896517,False
PSA_PSA_G4,12699,0.18107923064808296,0.39604968895188586,-0.06999999999999318,3.2880127450980394,0.4757854949208599,1.0901053814329578,0.2756667260473221,0.46352198144896517,False
REDFISH_ALL,12699,-0.4706224623986136,-0.6052384045987873,-0.16499999999999915,9.378372017481691,0.4733443578234507,-1.0893796585392692,0.27598649781789275,0.46352198144896517,False
TRIPBUT1_RN,12699,0.49069449956689676,0.31896763524686983,1.1174999999999997,10.881243408929837,0.5822505709110953,1.0843111942722439,0.2782268435904437,0.46646773252313894,False
RUSSEKST_RN,12699,1.9090414717694355,1.0538827860461448,4.272500000000001,35.495900019686594,0.6822584455468934,1.0770173732919064,0.28147250424486425,0.4710857444517012,False
WGU_RN,12699,-0.13720508307740537,0.08506417828175451,-0.13999999999999702,2.4925870344121606,0.45082289944090087,-1.069091010625297,0.2850286618751977,0.4762064228890498,False
N_MRD_ESR_RN,12699,-0.6509348058902269,-0.9839879124340501,-0.022500000000000853,11.54109198362076,0.49492085991022916,-1.0573276730831638,0.29036206785003305,0.47795664038584235,False
CNTRY_RN,12699,-0.14927257264351468,-0.3388302228521931,-0.08999999999999986,3.174855807543902,0.4693282935664225,-1.0569497658237734,0.2905345142273412,0.47795664038584235,False
AMO_AMOCO_2,12699,0.21732293881408055,0.25361583589258996,-0.02999999999999936,3.818537861248918,0.48806992676588706,1.049390756986899,0.2939983105229833,0.47795664038584235,False
AMO_AMOCO_1,12699,0.21732293881408055,0.25361583589258996,-0.02999999999999936,3.818537861248918,0.48806992676588706,1.049390756986899,0.2939983105229833,0.47795664038584235,False
AMO_AMOCO_5,12699,0.21732293881408055,0.25361583589258996,-0.02999999999999936,3.818537861248918,0.48806992676588706,1.049390756986899,0.2939983105229833,0.47795664038584235,False
AMO_AMOCO_G3,12699,0.2173221513505008,0.2536150484290102,-0.02999999999999936,3.8185417985668173,0.48806992676588706,1.0493872296879303,0.29399993328951946,0.47795664038584235,False
AMO_AMOCO_S1,12699,0.2173221513505008,0.2536150484290102,-0.02999999999999936,3.8185417985668173,0.48806992676588706,1.0493872296879303,0.29399993328951946,0.47795664038584235,False
AMO_AMOCO_S2,12699,0.2173221513505008,0.2536150484290102,-0.02999999999999936,3.8185417985668173,0.48806992676588706,1.0493872296879303,0.29399993328951946,0.47795664038584235,False
AMO_AMOCO_G2,12699,0.2173221513505008,0.2536150484290102,-0.02999999999999936,3.8185417985668173,0.48806992676588706,1.0493872296879303,0.29399993328951946,0.47795664038584235,False
AMO_AMOCO_G1,12699,0.2173221513505008,0.2536150484290102,-0.02999999999999936,3.8185417985668173,0.48806992676588706,1.0493872296879303,0.29399993328951946,0.47795664038584235,False
AMOCO_PUN2,12699,0.2173221513505008,0.2536150484290102,-0.02999999999999936,3.8185417985668173,0.48806992676588706,1.0493872296879303,0.29399993328951946,0.47795664038584235,False
AMOCO_PUN1,12699,0.2173221513505008,0.2536150484290102,-0.02999999999999936,3.8185417985668173,0.48806992676588706,1.0493872296879303,0.29399993328951946,0.47795664038584235,False
AMOCOOIL_CC2,12699,0.217321363886921,0.2536142609654304,-0.02999999999999936,3.818542586030397,0.48806992676588706,1.0493832593456713,0.29400175988940735,0.47795664038584235,False
AMOCOOIL_CC1,12699,0.21732136388692097,0.2536142609654304,-0.02999999999999936,3.818539436176078,0.48806992676588706,1.0493830284609493,0.29400186611071266,0.47795664038584235,False
KINGE_ALL,12699,0.4871575005905982,0.33169580281911976,1.1400000000000001,11.062565894952357,0.5858729033782187,1.0484026227597139,0.29445314568153547,0.47795664038584235,False
UCC_COG_PUN2,12699,0.21528892826206866,0.2543186471375698,-0.02999999999999936,3.8089133238837714,0.488148673123868,1.042730798671913,0.297072989418523,0.47795664038584235,False
UCC_UCC_C_2,12699,0.2152889282620687,0.25431864713756985,-0.02999999999999936,3.8089180486652503,0.488148673123868,1.04273036848927,0.2970731887112995,0.47795664038584235,False
BTE_BTE_G2,12699,0.17760159855106716,0.32907059610992995,-0.054999999999999716,3.412588274667297,0.48043153004173555,1.041963966341337,0.2974283854644042,0.47795664038584235,False
BTE_BTE_G1,12699,0.17760159855106716,0.32907059610992995,-0.054999999999999716,3.412588274667297,0.48043153004173555,1.041963966341337,0.2974283854644042,0.47795664038584235,False
BTE_CC1,12699,0.17760159855106716,0.32907059610992995,-0.054999999999999716,3.412588274667297,0.48043153004173555,1.041963966341337,0.2974283854644042,0.47795664038584235,False
BTE_BTE_G3,12699,0.17760159855106716,0.32907059610992995,-0.054999999999999716,3.412588274667297,0.48043153004173555,1.041963966341337,0.2974283854644042,0.47795664038584235,False
BTE_BTE_G4,12699,0.17760081108748732,0.3290698086463501,-0.054999999999999716,3.4125874872037167,0.48043153004173555,1.04195924932854,0.2974305724898322,0.47795664038584235,False
TXCTY_ST,12699,0.21443605795732026,0.2535599259784235,-0.02999999999999936,3.8092680289786602,0.488148673123868,1.0385063201397884,0.29903439440198687,0.47795664038584235,False
TXCTY_CTC,12699,0.21443605795732026,0.2535599259784235,-0.02999999999999936,3.8092680289786602,0.488148673123868,1.0385063201397884,0.29903439440198687,0.47795664038584235,False
TXCTY_CTA,12699,0.21443605795732026,0.2535599259784235,-0.02999999999999936,3.8092680289786602,0.488148673123868,1.0385063201397884,0.29903439440198687,0.47795664038584235,False
TXCTY_CTB,12699,0.21443605795732026,0.2535599259784235,-0.02999999999999936,3.8092680289786602,0.488148673123868,1.0385063201397884,0.29903439440198687,0.47795664038584235,False
BTE_PUN1,12699,0.17650387432081277,0.32761930073234113,-0.05749999999999744,3.4122496653279786,0.4801165446098118,1.0358567704958215,0.3002689679070668,0.47913134812458746,False
BTM_ALL,12699,-0.13102560437829755,0.11652354516103623,-0.14499999999999957,2.497379136152453,0.44838176234349164,-1.0334366829374724,0.30139958712222537,0.48013655157842877,False
BRHEIGHT_RN,12699,0.21204380659894526,0.25469367666745407,-0.030000000000001137,3.7997042838018746,0.488148673123868,1.029410266163606,0.30328692695360027,0.48234189543698613,False
TOPAZ_ALL,12699,0.2109747775415397,0.2553789668477833,-0.030000000000001137,3.7914319080242542,0.4875187022600205,1.025650052467816,0.3050565655729145,0.48435305692785596,False
HOUSEMTN_RN,12699,0.46252859280258335,0.21570005512245083,1.1600000000000001,10.886004614536578,0.5819355854791716,1.0213594830161454,0.3070841540457848,0.4867664524461283,False
TREB_SOLAR1,12699,-0.247321470194502,-0.447458855027955,-0.07249999999999801,5.185649236160329,0.48090400818962126,-1.012711286511855,0.3111980852555819,0.4910850807639874,False
THW_1_CCU,12699,-0.1364810300023623,0.013758563666430438,-0.09250000000000114,2.7457451767855736,0.4628710922119852,-1.0127042785925486,0.31120143358305696,0.4910850807639874,False
CALHOUN_ALL,12699,-0.2472474486179999,-0.44738483345145286,-0.07249999999999801,5.185699633829437,0.4809827545476022,-1.0124041211046038,0.31134486872211087,0.4910850807639874,False
BORDAS_345,12699,-0.4000675525631933,-0.5949094416883217,-0.34750000000000014,9.450684861012679,0.45373651468619575,-1.0086024081875027,0.3131653519377854,0.4931454392583517,False
H_HOLLO_WND1,12699,0.1734954366485585,0.14154224742105675,-0.014999999999998792,3.9729938459721272,0.492322230096858,1.0063452613544321,0.31424951513121346,0.49342433658698537,False
FREC_2_CCU,12699,0.11596528073076738,-0.544206827309237,-0.060000000000002274,2.748976943066385,0.47326561146546975,1.0060916162643558,0.3143715012040126,0.49342433658698537,False
THW_2_CCU,12699,-0.13537503740451992,0.014864556264272777,-0.09249999999999936,2.744695094101898,0.4628710922119852,-1.0046909657824774,0.31504567966974495,0.493674520920401,False
ERSL_RN,12699,-0.2542978895976058,-0.3477846680841012,0.18999999999999773,6.588602677376171,0.5293330183479014,-0.9933804172205917,0.3205246011528885,0.5014406076763785,False
PSA_CC1,12699,0.16052623041184416,0.3535400425230333,-0.06500000000000483,3.237223442790772,0.4764942121426884,0.9900423112285438,0.32215343854282186,0.5019141002873754,False
LAMESASLR_G,12699,0.6405076698952676,0.12638081738719553,1.5300000000000011,14.097804598787306,0.6182376565083865,0.9895433354706272,0.3223973782867813,0.5019141002873754,False
ALP_BESS_RN,12699,0.6405076698952676,0.12638081738719553,1.5300000000000011,14.097804598787306,0.6182376565083865,0.9895433354706272,0.3223973782867813,0.5019141002873754,False
INDNENR_2_RN,12699,0.47733983778250333,0.29294038900700814,1.2475000000000023,11.509668973934954,0.5900464603512088,0.981596793438065,0.32629852783467783,0.5063627191823178,False
RADN_SLR_ALL,12699,0.16139889755098832,0.13135305929600755,-0.03500000000000014,3.912813701866289,0.48806992676588706,0.9815716747013599,0.32631090766910575,0.5063627191823178,False
HB_BUSAVG,12699,0.03851955272068674,-0.04713934168044734,-0.03500000000000014,0.9568845105913854,0.4627135994960233,0.9776007916543391,0.32827180565940284,0.5085826520635983,False
CBY4_CC1,12699,0.1655755295692572,0.3085697692731711,-0.060000000000002274,3.4280310851248132,0.4791715883140405,0.9724665148592962,0.33081851552121033,0.5108811850639967,False
CBY4_ALL,12699,0.1655747421056774,0.30856819434601146,-0.060000000000002274,3.4280318725883934,0.4791715883140405,0.9724617766464728,0.33082087166292173,0.5108811850639967,False
WHTTAIL_WR1,12699,0.3410812071816688,-0.11272521458382549,-0.17999999999999972,6.620784010552012,0.4545239782660052,0.9678877225332145,0.33310044661237914,0.513574482799472,False
TXCTY_CC1,12699,0.19924273564847705,0.23836660366958023,-0.032500000000002416,3.817029270021263,0.4865737459642491,0.9637805624776904,0.33515595377167406,0.5159142209743747,False
CPSES_UNIT2,12699,0.13743742420663127,0.13858807780140173,-0.0850000000000044,3.091656787936058,0.47082447436806046,0.9568315184471963,0.3386523008993001,0.5204608278244052,False
PAVO_ESS_ALL,12699,0.43785206315457925,0.280821324513741,1.1525000000000034,10.952047487991182,0.5850854397984093,0.9543494103829425,0.33990680490795433,0.5215530014507651,False
GUADG_CC1,12699,0.1534077368296718,-0.11969859831482803,0.08499999999999996,3.3879268170722106,0.5298054964957871,0.9485518803926428,0.342848574529816,0.5238116679332283,False
DDPEC_GT1,12699,0.17720544137333707,0.35093019135364995,-0.07999999999999119,3.6946046302858493,0.47365934325537445,0.9432266718013687,0.34556497363412575,0.5238116679332283,False
DDPEC_ST1,12699,0.17720544137333707,0.35093019135364995,-0.07999999999999119,3.6946046302858493,0.47365934325537445,0.9432266718013687,0.34556497363412575,0.5238116679332283,False
DDPEC_GT6,12699,0.17720465390975723,0.3509294038900701,-0.07999999999999119,3.6946054177494294,0.47365934325537445,0.9432226616050919,0.3455670243982113,0.5238116679332283,False
DDPEC_CC1,12699,0.17720386644617747,0.35092861642649037,-0.07999999999999119,3.6946062052130086,0.47365934325537445,0.9432186398752813,0.34556908106819195,0.5238116679332283,False
DDPEC_GT3,12699,0.17720307898259766,0.3509278289629105,-0.07999999999999119,3.6946054177494294,0.47365934325537445,0.94321432777356,0.3455712862399558,0.5238116679332283,False
DDPEC_GT4,12699,0.17720307898259763,0.3509278289629105,-0.07999999999999119,3.694606992676589,0.47365934325537445,0.9432141548275516,0.3455713746832453,0.5238116679332283,False
DDPEC_GT2,12699,0.1771337821875744,0.3508585321678872,-0.07999999999999119,3.694532971100087,0.47365934325537445,0.9428679049402356,0.3457484732030589,0.5238116679332283,False
CORAZON_RN,12699,-0.38184693676667436,-0.5584859044019215,-0.3674999999999997,9.815314107410034,0.4505079140089771,-0.9344559523005989,0.3500687471606636,0.5287430907132892,False
TORR_ALL,12699,-0.3818233128592801,-0.5584622804945271,-0.3699999999999939,9.815262134813766,0.4505079140089771,-0.9343832835391046,0.35010621752131244,0.5287430907132892,False
CPSES_UNIT1,12699,0.13356802897866066,0.13607803764075918,-0.0850000000000044,3.0947694306638325,0.4707457280100795,0.9283899007008846,0.3532053553634087,0.531233299863175,False
WOODWRD2_RN,12699,0.4249508780218926,0.2637195842192299,1.1500000000000004,10.942272273407356,0.5850854397984093,0.9270025654777436,0.3539252022747065,0.531233299863175,False
WOODWRD1_RN,12699,0.4249508780218926,0.2637195842192299,1.1500000000000004,10.942272273407356,0.5850854397984093,0.9270025654777436,0.3539252022747065,0.531233299863175,False
KINGW_ALL,12699,0.4187702771871817,0.2466672572643515,1.105000000000004,10.808496310733132,0.5846129616505237,0.9258482851919302,0.3545248299399708,0.531233299863175,False
TBWF_ES_BES1,12699,0.4187702771871817,0.2466672572643515,1.105000000000004,10.808496310733132,0.5846129616505237,0.9258482851919302,0.3545248299399708,0.531233299863175,False
KEO_KEO_SM1,12699,0.4218509528309319,0.2635695724072759,1.1500000000000004,10.96114569257422,0.5848492007244664,0.9180506169276437,0.35859236679400064,0.5364899840178574,False
LV4_UNIT_1,12699,-0.33255359083392305,-0.6219300732341129,-0.28749999999999787,8.421856906055597,0.45680762264745256,-0.9159051804210545,0.3597166294622186,0.536498052339452,False
MESTENO_RN,12699,-0.33255359083392305,-0.6219300732341129,-0.28749999999999787,8.421856906055597,0.45680762264745256,-0.9159051804210545,0.3597166294622186,0.536498052339452,False
SPTX12B_RN,12699,0.40826875344515406,0.23648338451846587,1.1000000000000085,10.774959201511932,0.5847704543664856,0.9054145575427348,0.3652458063803219,0.5438986464576533,False
RELOJ_ALL,12699,-0.3463948303015953,-0.5590847704543666,-0.3249999999999993,9.130686506811562,0.45397275376013857,-0.9025213840191069,0.366779967212164,0.5450907866162871,False
LV3_RN,12699,-0.3251567446255597,-0.6289629104653908,-0.28500000000000014,8.344217694306641,0.4576738325852429,-0.9017622865248879,0.36718315761639353,0.5450907866162871,False
CASL_GAP_UN1,12699,0.4051629970863857,0.2333776281596975,1.1000000000000014,10.773673667217892,0.5846129616505237,0.8983341692735332,0.36900742113156093,0.5468057937764319,False
JAY_RN_1,12699,-0.12813109693676686,0.20820950468540833,-0.28000000000000114,2.9562203165603598,0.4071186707614773,-0.8960657278170092,0.3702176599906849,0.5468057937764319,False
PAVLOV_BT_RN,12699,0.2687408929837003,0.07736534372785256,-0.1800000000000015,5.064561146546973,0.4586975352389952,0.8931233134583397,0.37179113940061015,0.5468057937764319,False
HORSCR_RN,12699,0.4100588353413651,0.2518255374438932,1.1400000000000006,10.972274545239781,0.5838254980707143,0.8919564872066115,0.3724162556526015,0.5468057937764319,False
STAR_SLR_RN,12699,-0.3503714190093694,-0.6546023308921962,-0.1875,8.30512078510119,0.4706669816520986,-0.8919343480315125,0.3724281228016857,0.5468057937764319,False
ANOL_ESS_RN,12699,0.1205322623828651,-0.18348039215686288,-0.04750000000000121,3.2430278998346327,0.48145523269548784,0.8916682866266695,0.3725707566691273,0.5468057937764319,False
DA_BESS2,12699,-0.10551489881092993,0.14594909047956525,-0.1349999999999998,2.3793813843609732,0.4494842113552248,-0.891089080625162,0.372881382436856,0.5468057937764319,False
DA_BESS,12699,-0.10551076462713593,0.14595322466335928,-0.1349999999999998,2.3793764627135996,0.4494842113552248,-0.8910545905312437,0.37289988438976696,0.5468057937764319,False
CABEZON_ALL,12699,-0.32904664540515005,-0.5958545948499883,-0.29499999999999815,8.679409799984251,0.45657138357350974,-0.8886991379854003,0.3741647944933838,0.5477584836318086,False
SIRIUS_UNIT1,12699,0.42605646901331007,0.24225470509488947,1.2150000000000016,11.372878297503743,0.5887077722655327,0.8877189784404818,0.37469193458025696,0.5477584836318086,False
WEBBER_WS_T1,12699,0.14551671391448193,0.22633593196314672,0.10250000000000092,3.434983286085519,0.5379163713678242,0.8838989384188418,0.37675077034529947,0.5484894720456001,False
EMPCT_RN,12699,0.13969958264430277,-0.40021261516654866,0.0,3.629630687455705,0.49893692416725727,0.8835821631169264,0.3769218112371733,0.5484894720456001,False
ANEM_ESS_RN,12699,-0.31519973619970043,-0.6383742814394833,-0.28000000000000114,8.235200271674936,0.45735884715331915,-0.8822072302137822,0.37766475274588396,0.5484894720456001,False
FTR_FTR_G1_4,12699,0.10622988424285401,0.3521889518859752,-0.07750000000000057,2.5843732026143793,0.47200566973777464,0.8821447795436436,0.37769851921806374,0.5484894720456001,False
MIRASOLE_GEN,12699,-0.3149461729270018,-0.638102606504449,-0.28000000000000114,8.235312878966848,0.4574375935113001,-0.8814918578442478,0.3780516590429006,0.5484894720456001,False
FREC_CC2,12699,0.10242111189857597,-0.5574188912512795,-0.06250000000000355,2.759082258445548,0.4727143869596031,0.8756778698030806,0.3812051793601675,0.5511129906852793,False
MUENSTER_RN,12699,0.3161731947397445,-0.12433459327506104,-0.18000000000000327,6.718197889597608,0.4527128120324435,0.8753215294010824,0.3813989829540372,0.5511129906852793,False
FLVABES1_ESR,12699,0.4208003740452016,0.16176824946846208,1.4725000000000008,11.339797822663202,0.5992597842349792,0.8717940715541176,0.3833207293694779,0.5511129906852793,False
FLOWERII_RN,12699,0.4208003740452016,0.16176824946846208,1.4725000000000008,11.339797822663202,0.5992597842349792,0.8717940715541176,0.3833207293694779,0.5511129906852793,False
FLTBES1,12699,0.4208003740452016,0.16176824946846208,1.4725000000000008,11.339797822663202,0.5992597842349792,0.8717940715541176,0.3833207293694779,0.5511129906852793,False
BRP_LOP1_RN,12699,-0.35927059610992995,-0.7163729427513975,-0.08999999999999986,9.281069013308135,0.4863375068903063,-0.8701275115504327,0.38423072443056216,0.5511129906852793,False
GRDNE_ESR_RN,12699,0.3437557209229084,-0.1959252697062762,1.092499999999994,8.928858012441927,0.5987873060870935,0.8686259954377997,0.38505173113290214,0.5511129906852793,False
TYLRWIND_RN,12699,0.3133210292149007,-0.12450980392156845,-0.18000000000000327,6.719700350421295,0.4524765729585007,0.8674131812219601,0.3857156622240545,0.5511129906852793,False
VENADO_ALL,12699,-0.3574185880778013,-0.7129510197653358,-0.09249999999999758,9.277711894637374,0.48602252145838254,-0.8670752207578292,0.3859007964879647,0.5511129906852793,False
WHCCS2_5_6,12699,-0.13376652886053983,-0.4087843530986691,-0.09999999999999787,3.1861450232301767,0.465942200173242,-0.8655152664766733,0.38675604038706257,0.5511129906852793,False
WHCCS2_4,12699,-0.13376652886053983,-0.4087843530986691,-0.09999999999999787,3.1861450232301767,0.465942200173242,-0.8655152664766733,0.38675604038706257,0.5511129906852793,False
WHCCS2_CC2,12699,-0.13376652886053983,-0.4087843530986691,-0.09999999999999787,3.1861450232301767,0.465942200173242,-0.8655152664766733,0.38675604038706257,0.5511129906852793,False
TRBT_SLR_RN,12699,0.36431715883140414,0.24637373021497758,0.9249999999999972,9.911949184975196,0.5768170722104102,0.8642277175401383,0.3874628087100097,0.5513009399894648,False
BUFF_GAP_ALL,12699,0.14549946058744959,0.06941767068273101,-0.0074999999999967315,3.970496838333729,0.496574533427829,0.8602258620412433,0.3896645511959349,0.5536123031065209,False
HLSES_UNIT4,12699,-0.13710772895503534,-0.5007992755335067,-0.0899999999999963,3.3978096897393506,0.467280888258918,-0.8589852426637236,0.39034865783441786,0.553763850389359,False
FREC_1_CCU,12699,0.098541522954564,0.02392550594534995,-0.067499999999999,2.6907483975116158,0.47224190881171746,0.8560980732293865,0.39194353432133455,0.5551216409373048,False
SPNC_SPNCE_5,12699,0.4477524647610075,0.36884636585557945,-0.16500000000000625,8.64230645326404,0.4538152610441767,0.8540342371362888,0.39308601960967393,0.5551216409373048,False
SPNC_SPNCE_4,12699,0.4477524647610075,0.36884636585557945,-0.16500000000000625,8.64230645326404,0.4538152610441767,0.8540342371362888,0.39308601960967393,0.5551216409373048,False
BCH_RN,12699,-0.10713647137569839,0.17366682415938273,-0.15000000000000213,2.469404453106544,0.4448381762343492,-0.8502949238760337,0.39516113803812947,0.5551216409373048,False
MYR_ALL,12699,-0.10713647137569839,0.17366682415938273,-0.15000000000000213,2.469404453106544,0.4448381762343492,-0.8502949238760337,0.39516113803812947,0.5551216409373048,False
AE_RN,12699,-0.10713292778958923,0.17367036774549188,-0.15000000000000213,2.469404453106544,0.4448381762343492,-0.8502667427041405,0.39517680217762463,0.5551216409373048,False
CROSSETT_ALL,12699,0.38332221828490576,0.21185998897550987,1.1074999999999982,10.776302799433028,0.5842979762185999,0.8499236429967123,0.3953675398087485,0.5551216409373048,False
HHOLLW2_WND1,12699,0.1455376289471617,0.07458264430270108,-0.00999999999999801,4.073627407669895,0.49547208441609575,0.8480911690012164,0.39638719934595557,0.5551216409373048,False
HDNLAKES_RN,12699,0.17872981337113242,0.11128238443971965,-0.019999999999999574,3.87467719505473,0.49074730293723917,0.8478608718318706,0.39651545781236053,0.5551216409373048,False
GREASWOD_ALL,12699,0.35558913300259876,0.24131447358059693,0.9250000000000043,9.918549484211356,0.5768170722104102,0.8423464714329362,0.3995940459723202,0.5586161663082435,False
MCDLD_FCSBW1,12699,0.33994984644460247,-0.295124222379715,1.1474999999999995,9.039946302858494,0.6047720292936452,0.8319559877174875,0.40543378769810623,0.5659548797707189,False
EVLN_ESS_RN,12507,0.17672401055409034,0.10576097385464134,-0.020000000000003126,3.9106796194131292,0.49060526105380986,0.8253444572646131,0.4091760586894765,0.5698225816453187,False
SKY1,12699,0.15195376407591163,-0.0448155366564296,0.12000000000000455,3.5875873415229553,0.5334278289629104,0.8235858531039494,0.41017491695563635,0.5698225816453187,False
REDBARN_RN,12699,0.3454471690684316,0.2353252224584612,0.9325000000000045,9.884426340656747,0.5765020867784865,0.8213592603857685,0.41144166182502984,0.5698225816453187,False
BOOTLEG_UN1,12699,0.34518415623277526,0.23506220962280483,0.9325000000000045,9.884148759744862,0.5764233404205056,0.820736935039981,0.4117961275560019,0.5698225816453187,False
HYDR_ESS_RN,12699,0.345118796755651,0.23499685014568064,0.9325000000000045,9.884168446334359,0.5764233404205056,0.8205770030197073,0.41188725131469917,0.5698225816453187,False
WAYMARK_RN,12699,0.345118796755651,0.23499685014568064,0.9325000000000045,9.884168446334359,0.5764233404205056,0.8205770030197073,0.41188725131469917,0.5698225816453187,False
TI_SOLAR_ALL,12699,0.40877789589731606,0.14450783526261907,1.2149999999999999,11.299829829120402,0.5909914166469801,0.8182807792226334,0.4131968787126056,0.5698225816453187,False
ARAGORN_RN,12699,0.40877789589731606,0.14450783526261907,1.2149999999999999,11.299829829120402,0.5909914166469801,0.8182807792226334,0.4131968787126056,0.5698225816453187,False
THW_THWGT5X,12699,-0.11849476730451206,0.09695448460508697,-0.08749999999999503,2.888139566107568,0.46602094653122295,-0.8174782745015947,0.4136551598881488,0.5698225816453187,False
INDNNWP_RN,12699,0.4036221316639124,0.22988542404913762,1.2300000000000004,11.654095491771006,0.5914638947948657,0.8166187451301553,0.41414633931886047,0.5698225816453187,False
INDNENR_1_RN,12699,0.41557105283880613,0.22006122529333014,1.2799999999999994,11.9605013859359,0.5919363729427514,0.814182515362447,0.41554040041274687,0.5709215530026135,False
BRP_DIKN_RN,12699,0.16273043153004216,0.15298645562642735,-0.027499999999982094,3.717566646980077,0.48783368769194424,0.8118800815051568,0.41686044483416684,0.5719158320400086,False
DC2SES_ALL,12699,-0.11887481297739885,-0.37077702968737697,-0.03999999999999915,3.2903114457831335,0.4845263406567446,-0.8077704299467937,0.4192227506405918,0.5723367797408367,False
RN_BYU_G8,12699,0.16504711000866212,0.1619066461926135,-0.015000000000000568,3.828004917710056,0.492400976454839,0.804996695390848,0.4208215867572973,0.5723367797408367,False
MDANP_CT3_4,12699,-0.10896409166076046,-0.32664461768643194,-0.0799999999999983,3.0756323490038584,0.4695645326403654,-0.8039450871106415,0.421428689409276,0.5723367797408367,False
BYU_PUN2,12699,0.16386180801637956,0.16141408772344276,-0.015000000000000568,3.8249010158280186,0.492322230096858,0.8001795421365075,0.423606780957026,0.5723367797408367,False
BYU_PUN1,12699,0.1638375935113004,0.16138987321836357,-0.015000000000000568,3.824867351759981,0.4921647373808961,0.8000019179636663,0.4237096859319006,0.5723367797408367,False
BYU_PUN3,12699,0.16378306165839862,0.16133534136546174,-0.015000000000000568,3.8249522009607055,0.4921647373808961,0.7997388445754913,0.4238621220131208,0.5723367797408367,False
BYU_PUN4,12699,0.16373443578234537,0.16128671548940857,-0.015000000000000568,3.824998858177809,0.4921647373808961,0.7994984667077982,0.42400143537296486,0.5723367797408367,False
BYU_BYU_1,12699,0.1637273486101271,0.16127962831719028,-0.015000000000000568,3.825012245058666,0.4921647373808961,0.799462691907075,0.4240221713000566,0.5723367797408367,False
BYU_BYU_12,12699,0.1637273486101271,0.16127962831719028,-0.015000000000000568,3.825012245058666,0.4921647373808961,0.799462691907075,0.4240221713000566,0.5723367797408367,False
BYU_CC1,12699,0.1636830222852195,0.16123572722261595,-0.015000000000000568,3.8251013938105363,0.4921647373808961,0.7992399904889944,0.424151267686254,0.5723367797408367,False
BYU_BYU_34,12699,0.16362064729506293,0.16117292700212607,-0.015000000000000568,3.8251189463737307,0.4921647373808961,0.7989335620875664,0.42432893680472883,0.5723367797408367,False
BYU_G4_RN,12699,0.16362064729506293,0.16117292700212607,-0.015000000000000568,3.8251189463737307,0.4921647373808961,0.7989335620875664,0.42432893680472883,0.5723367797408367,False
OBERON_U1,12699,0.3735248838491228,0.13029667690369331,1.1124999999999972,10.712852208835344,0.5885502795495708,0.7977059707267157,0.4250411381681021,0.5724922071674297,False
FWLR_SLR_1,12699,0.3568889991337902,0.19132156075281526,1.0925000000000011,10.704761193794788,0.5837467517127333,0.7954667662469991,0.4263420355363272,0.572531276712223,False
LOS_LOSTPGT2,12699,-0.11539126309158193,-0.04251673360107097,0.00999999999999801,3.158470883534137,0.5023230175604378,-0.7925240906486174,0.4280551505843092,0.572531276712223,False
LOS_LOSTPST1,12699,-0.11539126309158193,-0.04251673360107097,0.00999999999999801,3.158470883534137,0.5023230175604378,-0.7925240906486174,0.4280551505843092,0.572531276712223,False
LOS_LOSTPGT1,12699,-0.11539126309158193,-0.04251673360107097,0.00999999999999801,3.158470883534137,0.5023230175604378,-0.7925240906486174,0.4280551505843092,0.572531276712223,False
LOSTPI_CC1,12699,-0.11539126309158196,-0.04251673360107099,0.00999999999999801,3.158470883534137,0.5023230175604378,-0.7925240262554136,0.4280551881153951,0.572531276712223,False
OECCS_CC1,12699,-0.3509906370580357,-0.6459219229860617,0.837499999999995,9.99207419481849,0.5726435152374203,-0.7907835714751021,0.42907029831605903,0.5730897159959619,False
PB2SES_CT1,12699,0.4149174305063411,0.07983463264823992,1.1975000000000016,11.833260670131509,0.5938262855342941,0.774631684513551,0.4385573292748325,0.5836471512475363,False
PB2SES_CT3,12699,0.4149174305063411,0.07983463264823992,1.1975000000000016,11.833260670131509,0.5938262855342941,0.774631684513551,0.4385573292748325,0.5836471512475363,False
PSA_PSA_G6,12699,0.11961602094653256,0.3082965194109773,-0.0625,3.1370843649106246,0.475706748562879,0.7742204905249763,0.43880041298172434,0.5836471512475363,False
RIGGIN_UNIT1,12699,0.3496006929679527,0.1761288290416567,1.0099999999999998,10.782462941963937,0.5770533112843531,0.772895130087695,0.4395844470741036,0.5838801727757138,False
CORALSLR_ALL,12699,0.11088238443971976,0.3377474604299551,-0.07500000000000284,3.372783203401843,0.471533191589889,0.7703755796383728,0.44107713500079293,0.5848857922732597,False
ATK_ATKINSG7,12699,0.08775568154972849,0.41439207811638723,-0.05000000000000071,2.581896661154421,0.47822663201826915,0.7674897581629122,0.442790380253402,0.5848857922732597,False
CVC_CC1,12699,0.11231237892747575,0.3724257815576029,-0.05999999999999872,3.018552287581701,0.4768879439325931,0.7672722152447535,0.44291968448511365,0.5848857922732597,False
CVC_CVC_G3,12699,0.11217299787384949,0.3722864005039766,-0.05999999999999872,3.0186916686353267,0.4768879439325931,0.7663280466363471,0.443481134175993,0.5848857922732597,False
PSA_PUN2,12699,0.11792454917710188,0.3067739585794158,-0.0625,3.1351310615009065,0.475706748562879,0.7647183045126137,0.44443930397936515,0.5848857922732597,False
W_PECO_UNIT1,12699,0.38170364989369304,0.1072680919757461,1.1899999999999977,11.268697176943066,0.5919363729427514,0.7639345730960867,0.4449062331442063,0.5848857922732597,False
SBEAN_BESS,12699,0.3808831522167107,0.10763170328372317,1.1900000000000013,11.25697007244665,0.5922513583746751,0.7633882315475888,0.4452318963057317,0.5848857922732597,False
HB_WEST,12699,0.1258544294826367,0.09742715961886762,0.23999999999999844,3.917959697613986,0.5487046224112134,0.7625779138200719,0.44571516049424764,0.5848857922732597,False
CHAL_SLR_RN,12699,0.3802071147334447,0.1072214347586426,1.1900000000000013,11.253803728640051,0.5923301047326561,0.7623844782527652,0.4458305674158006,0.5848857922732597,False
SADLBCK_AGR1,12699,0.37039325143712265,0.11781715095676826,1.370000000000001,11.253549208599104,0.5961099299157414,0.7590496120378384,0.4478228794764322,0.5858965094377878,False
SADLBACK_RN,12699,0.37039325143712265,0.11781715095676826,1.370000000000001,11.253549208599104,0.5961099299157414,0.7590496120378384,0.4478228794764322,0.5858965094377878,False
MIRAGE_G1,12699,0.1533842704149938,0.15365579966926526,-0.015000000000000568,3.801689136939917,0.4921647373808961,0.7550993002644127,0.45018940299756893,0.5876071100529917,False
RIOG_ESR2_RN,12699,-0.3011802976612306,-0.7041879281833217,-0.19500000000000028,8.426978856602885,0.46838333727065123,-0.7538012999861473,0.45096854327320324,0.5876071100529917,False
RIOG_ESR_RN,12699,-0.3011802976612306,-0.7041879281833217,-0.19500000000000028,8.426978856602885,0.46838333727065123,-0.7538012999861473,0.45096854327320324,0.5876071100529917,False
PB2SES_CT5,12699,0.40118879045594347,0.06595164973619963,1.1949999999999994,11.825746692652967,0.5935113001023703,0.74961677981468,0.4534855418046435,0.5884880035056199,False
PB2SES_CT2,12699,0.40118879045594347,0.06595164973619963,1.1949999999999994,11.825746692652967,0.5935113001023703,0.74961677981468,0.4534855418046435,0.5884880035056199,False
PB2SES_CT4,12699,0.40118879045594347,0.06595164973619963,1.1949999999999994,11.825746692652967,0.5935113001023703,0.74961677981468,0.4534855418046435,0.5884880035056199,False
PSA_PSA_G7,12699,0.11546213481376498,0.2989528703047485,-0.06249999999999645,3.1398891448145525,0.47641546578470745,0.7440417245293239,0.4568512329777352,0.590812003493027,False
LEG_LEG_G1,12699,-0.07195645326403652,0.24001732419875574,-0.12750000000000483,2.3807060240963858,0.4516103630207103,-0.7437313527487672,0.4570390176461109,0.590812003493027,False
LEG_LEG_G2,12699,-0.07194109772423024,0.24003267973856204,-0.12750000000000483,2.3806906685565794,0.4516103630207103,-0.743589899238286,0.45712461584132014,0.590812003493027,False
MCLNSLR_RN,12699,-0.3253019095991812,-0.21372076541459936,0.6899999999999977,10.336789987400584,0.5711473344357824,-0.7403298911805264,0.4590998478660755,0.5925662908527138,False
ZIER_SLR_ALL,12699,0.2764922001732442,-0.30698716434364903,0.9875000000000007,10.25540391763131,0.5710685880778014,0.7350364196829724,0.46231731409581167,0.5959170755616712,False
CHEDPW_GT2,12699,0.10643713678242468,0.364417080085046,-0.05999999999999872,3.024937727380109,0.4757854949208599,0.7247870373036883,0.46858268935738434,0.6031822806627269,False
RTLSNAKE_BT,12699,0.36573855027955027,0.07591050476415456,1.2100000000000009,11.376126045357902,0.5926450901645799,0.7231907108581117,0.4695627250076888,0.6036335834884364,False
HLSES_UNIT5,12699,-0.11422339948027202,-0.41011536341444205,-0.08750000000000036,3.4174673163241205,0.4677533664068037,-0.7135336546895054,0.47551559533577736,0.608811793156,False
LHM_PUN2,12699,0.1093122253720773,0.29600460666194184,-0.0649999999999995,3.121497476179228,0.47547050948893615,0.7125404340884219,0.4761301823430657,0.608811793156,False
LHM_PUN1,12699,0.1093122253720773,0.29600460666194184,-0.0649999999999995,3.121497476179228,0.47547050948893615,0.7125404340884219,0.4761301823430657,0.608811793156,False
LHM_CVC_G4,12699,0.1093122253720773,0.29600460666194184,-0.0649999999999995,3.121497476179228,0.47547050948893615,0.7125404340884219,0.4761301823430657,0.608811793156,False
COYOTSPR_AGR,12699,0.3453857193479801,0.094929718875502,1.2824999999999989,11.190377576974566,0.593905031892275,0.7050811616689887,0.48075972923003607,0.61228231119735,False
FAULKNER_RN,12699,0.3453857193479801,0.094929718875502,1.2824999999999989,11.190377576974566,0.593905031892275,0.7050811616689887,0.48075972923003607,0.61228231119735,False
COYOTSPR_RN,12699,0.3453857193479801,0.094929718875502,1.2824999999999989,11.190377576974566,0.593905031892275,0.7050811616689887,0.48075972923003607,0.61228231119735,False
PSA_PUN5,12699,0.10890690999291419,0.2977244271202457,-0.05999999999999872,3.1329867981730857,0.47641546578470745,0.6999810055725288,0.48393916669438575,0.613417444657605,False
PSA_PUN1,12699,0.10890690999291419,0.2977244271202457,-0.05999999999999872,3.1329867981730857,0.47641546578470745,0.6999810055725288,0.48393916669438575,0.613417444657605,False
CVC_CVC_G2,12699,0.10216076068981864,0.3588430191353649,-0.05999999999999872,3.0020309079455085,0.47665170485865027,0.6995480439910737,0.4842095991718529,0.613417444657605,False
CVC_CVCG1_5,12699,0.10216076068981864,0.3588430191353649,-0.05999999999999872,3.0020309079455085,0.47665170485865027,0.6995480439910737,0.4842095991718529,0.613417444657605,False
SANDLAKE_RN,12699,0.3378718796755658,0.08551775730372482,1.192499999999999,11.093724269627529,0.5907551775730372,0.6936579063473723,0.4878967698762945,0.6172730901205361,False
CEDRVALE_RN,12699,0.3365290298448699,0.08049531459170006,1.2025000000000041,11.085922682888416,0.5909914166469801,0.6919610255304907,0.4889618050856579,0.6178054954903108,False
PSA_PSA_G5,12699,0.10692730529963114,0.2930266162689977,-0.0649999999999995,3.142106453264038,0.4751555240570124,0.6898335905705656,0.49029884214166797,0.6186288445168202,False
ELZA_SLR_RN,12699,0.09949154657847074,-0.37249330655957175,-0.03500000000000014,3.3744979565320103,0.48531380423655407,0.6888723542339685,0.4909035982036498,0.6186288445168202,False
WRSBES_BESS1,12699,0.34594419639341795,0.05260000787463574,1.269999999999996,11.410142085991025,0.5920151193007324,0.6861331560929724,0.4926291444960793,0.619176080696907,False
RRANCHES_ALL,12699,0.34594419639341795,0.05260000787463574,1.269999999999996,11.410142085991025,0.5920151193007324,0.6861331560929724,0.4926291444960793,0.619176080696907,False
WOV_BESS_RN,12699,0.3090661902512019,-0.0842759272383652,1.1225,10.3220554334987,0.5935113001023703,0.6819077279964946,0.495297298500593,0.6215407133944366,False
LZ_NORTH,12699,0.08925062997086355,-0.296665091739507,-0.01249999999999929,2.974692570281124,0.492400976454839,0.681102364043359,0.495806721320901,0.6215407133944366,False
LPCCS_CC2,12699,0.11046967477754165,-0.2644846050870147,-0.04750000000000654,3.618633711315852,0.48200645720135443,0.673736004938541,0.5004791669162109,0.6265790092332196,False
EXGNSND_RN,12699,-0.30100680368532984,-0.6329114497204501,-0.054999999999999716,9.842346137491141,0.49145602015906764,-0.6726219749768757,0.5011878177714815,0.6266481319985016,False
HOLCOMB_RN1,12699,-0.3763398023466413,-0.9266513111268605,0.5399999999999956,11.766947653358532,0.5713048271517442,-0.6665001894828099,0.5050914426045292,0.630045529868374,False
SWOOSE1_U1,12699,0.3485045436648558,0.0417133238837705,1.2475000000000058,11.680576714701946,0.5929600755965037,0.6652728807870618,0.5058759728870157,0.630045529868374,False
SWOOSEII_RN,12699,0.3485045436648558,0.0417133238837705,1.2475000000000058,11.680576714701946,0.5929600755965037,0.6652728807870618,0.5058759728870157,0.630045529868374,False
MLSES_UNIT2,12699,0.1017204307425813,-0.02690802425387818,-0.08499999999999908,3.4265009173950736,0.46940703992440347,0.6539407741846316,0.5131499633128231,0.6382760244059629,False
HOL_ALL,12699,-0.10340498464445991,0.24415406724938968,-0.3200000000000003,3.235415993385306,0.40703992440349634,-0.6496895045620975,0.5158928047373641,0.6399696801110963,False
OECCS_CC2,12699,-0.2800933341207969,-0.5405244507441529,0.8124999999999991,9.902563095519334,0.5704386172139538,-0.6489937504998966,0.5163424156634377,0.6399696801110963,False
LHSES_UNIT2,12699,0.10584941727695123,-0.48180801637924264,-0.03999999999999915,3.770651354437357,0.4837388770769352,0.647697038925435,0.5171809197978099,0.6399696801110963,False
LHSES_UNIT1,12699,0.10584941727695123,-0.48180801637924264,-0.03999999999999915,3.770651354437357,0.4837388770769352,0.647697038925435,0.5171809197978099,0.6399696801110963,False
MLSES_UNIT3,12699,0.0997547838412476,-0.029471808803842772,-0.08499999999999908,3.425581809591307,0.46940703992440347,0.6413652348357702,0.5212854146533419,0.6428271851944126,False
TAYGETE_ALL,12699,0.3025824395621714,0.07351031577289555,0.9974999999999987,10.957026458776282,0.5748484132608866,0.6408078383441462,0.5216475396644918,0.6428271851944126,False
TAYGETE2_ALL,12699,0.3025824395621714,0.07351031577289555,0.9974999999999987,10.957026458776282,0.5748484132608866,0.6408078383441462,0.5216475396644918,0.6428271851944126,False
MLSES_UNIT1,12699,0.09945489802346956,-0.02917355697298994,-0.08749999999999147,3.426812359240888,0.4690920544924797,0.6394632920819855,0.5225215862847923,0.6428271851944126,False
WNDTS2_UNIT1,12699,-0.14918365225608055,-0.18239546420978028,-0.21000000000000085,5.150595196472166,0.45208284116859593,-0.6389503227298193,0.5228552494746459,0.6428271851944126,False
HLSES_UNIT3,12699,-0.1039578431372545,-0.4291459957476967,-0.08749999999999858,3.428771718245531,0.4681470981967084,-0.6379410961067384,0.5235120246473788,0.6428271851944126,False
GOMZ_RN,12699,0.29449280652020166,0.09380384282226943,1.0500000000000043,10.831014509016462,0.5818568391211907,0.6350053381546361,0.5254249334590815,0.6443510373238608,False
NCARBID_PUN2,12699,0.19456525710685954,-0.1883118749507834,0.2524999999999942,6.182750035435861,0.5460272462398614,0.6297625995932357,0.528849918849324,0.645254136981151,False
NCARBIDE_1_7,12699,0.19456525710685954,-0.1883118749507834,0.2524999999999942,6.182750035435861,0.5460272462398614,0.6297625995932357,0.528849918849324,0.645254136981151,False
NCARBID_PUN1,12699,0.19456525710685954,-0.1883118749507834,0.2524999999999942,6.182750035435861,0.5460272462398614,0.6297625995932357,0.528849918849324,0.645254136981151,False
NCARBIDEG8,12699,0.19456368217969988,-0.18831187495078341,0.2524999999999942,6.182751610363021,0.5460272462398614,0.6297583297316508,0.5288527128959173,0.645254136981151,False
BRP_ZPT1_RN,12699,-0.278848724309001,-0.6138408536105204,-0.05999999999999517,9.816440125206709,0.4905898102212773,-0.625101497294332,0.5319044453095293,0.6480964818955836,False
TOYAH_RN,12699,0.2843946924954722,0.09198972360028336,0.9649999999999963,10.615736514686196,0.5782345066540673,0.6241426317862762,0.5325339183876119,0.6480964818955836,False
BRP_ZPT2_RN,12699,-0.2768365540593747,-0.6115564217654933,-0.059999999999996945,9.815576478462871,0.49043231750531535,-0.6206278808684454,0.5348444907932399,0.6490799350200338,False
OGSES_1,12699,-0.06023606583195495,0.2671617843924719,-0.11749999999999616,2.4128903771950547,0.4567288762894716,-0.620387894592598,0.5350024402936451,0.6490799350200338,False
STRG_SLR_ALL,12699,0.09751815103551477,0.06662788408536101,0.045000000000001705,3.188891046539098,0.5172060792188361,0.6198257691315308,0.5353725011479111,0.6490799350200338,False
FLCNS_UNIT3,12699,0.20107779352705027,-0.12282975037404517,0.850000000000005,7.078316292621467,0.5892589967713994,0.6168851377259016,0.5373104904890729,0.650607020680582,False
LIG_RN,12699,0.0937750570911097,0.2752990392944326,-0.0625,3.08337348216395,0.47641546578470745,0.6146725658642731,0.5387709809343997,0.6515528003985994,False
OGSES_2,12699,-0.059417103708953145,0.2679807465154737,-0.11500000000000199,2.4120761398535318,0.4567288762894716,-0.6123634376504031,0.5402973265567086,0.6520460139242392,False
LONESTAR_RN,12699,0.2973912867154908,0.0458701472556894,1.1824999999999974,11.051786853295535,0.5913064020789038,0.6119986263595323,0.5405386663918355,0.6520460139242392,False
CHAMON_UN2,12699,0.0928758051815104,0.27406528073076625,-0.0625,3.0812267619497598,0.4763367194267265,0.6092246813725284,0.5423755228068268,0.6526199829005607,False
CHAMON_UN1,12699,0.0928758051815104,0.27406528073076625,-0.0625,3.0812267619497598,0.4763367194267265,0.6092246813725284,0.5423755228068268,0.6526199829005607,False
MV_VALV4_RN,12699,-0.2979836365068111,-1.6857034018426647,-0.07000000000000028,9.962232238758958,0.48783368769194424,-0.6079332444681291,0.5432317495118362,0.6528311375712418,False
SJS_SJS_G2,12699,0.11908680998503827,0.13525198834553903,-0.015000000000000568,3.722671359949602,0.4926372155287818,0.6044752940812115,0.5455276900130122,0.6539513184030984,False
SJS_SJS_G1,12699,0.11908680998503827,0.13525198834553903,-0.015000000000000568,3.722671359949602,0.4926372155287818,0.6044752940812115,0.5455276900130122,0.6539513184030984,False
CR_RN,12699,-0.0921781400110238,0.11636093393180555,-0.10500000000000043,3.0901789825970556,0.4642885266556422,-0.5993533980812106,0.5489372464076894,0.6563566459796744,False
WES_ALL,12699,-0.07635068115599636,0.18426509961414286,-0.14999999999999147,2.478048555004331,0.4474368060477203,-0.5986995957833531,0.5493732268009817,0.6563566459796744,False
LON_RN1,12699,-0.07638583353019897,0.16468599889755095,-0.09250000000000114,2.565412457673833,0.46586345381526106,-0.5983784027806959,0.5495874731195813,0.6563566459796744,False
AZ_ALL,12699,0.10720944562564023,0.2058333333333333,0.0049999999999919,3.5169295180722897,0.5013780612646666,0.5934740745269086,0.5528639282742366,0.6594483920584489,False
CONTINEN_RN,12699,-0.23774840538624664,-0.6049899598393573,-0.17999999999999972,8.46384766517049,0.4709032207260414,-0.5921627676929758,0.55374159879558,0.6596747742173432,False
RN_RTS1,12699,0.10003476651704925,0.04225037404520049,-0.032499999999997975,4.154346917080085,0.4903535711473344,0.5851066610784281,0.5584760002340876,0.6644894345216998,False
HRZN_SLR_UN1,12699,-0.1362024214505077,-0.2670129537758878,0.12249999999999872,6.079668426647768,0.5207496653279786,-0.577986529177569,0.5632732139758034,0.669366805703588,False
BRP_BRAZ_RN,12699,-0.07285854791715808,0.23953834947633665,-0.16499999999999737,2.5023298212457687,0.44027088747145443,-0.5710219457290511,0.5679847667652698,0.6741304348117496,False
FLCNS_UNIT1,12699,0.1858210213402634,-0.13654736593432554,0.850000000000005,7.093709296007559,0.5892589967713994,0.5669077945456652,0.5707768282258148,0.6766068952639758,False
FLCNS_UNIT2,12699,0.18526251279628353,-0.13710587447830538,0.8500000000000014,7.09376815891015,0.5891802504134184,0.5652034892084944,0.5719353636836423,0.6771432268797691,False
HRBESS_BESS,12699,0.2549372864005043,0.060712654539727504,0.980000000000004,10.605842759272385,0.579966926529648,0.5620108706312237,0.5741086126809941,0.6788781252294369,False
BRP_SWNY_RN,12699,-0.0698981140247262,0.2199986219387354,-0.15499999999999936,2.487076608394362,0.4425545318529018,-0.5489713226060702,0.5830251302643926,0.6877258301642712,False
BYRDR_ES_ALL,12699,-0.0698981140247262,0.2199986219387354,-0.15499999999999936,2.487076608394362,0.4425545318529018,-0.5489713226060702,0.5830251302643926,0.6877258301642712,False
PEARSALL_RN,12699,-0.12896464682258424,-0.2597751791479643,0.12250000000000227,6.077814934246791,0.5211433971178833,-0.5472901178230203,0.5841794319857735,0.688240878715426,False
NCO_RN,12699,-0.06876876131978829,0.19668221907236788,-0.14999999999999858,2.4691718875502016,0.44499566895031106,-0.5418929416186969,0.5878922594947491,0.6915439036380278,False
ELS_RN_1,12699,0.07676284353098714,0.050605165761083676,-0.03749999999999787,3.171198680998504,0.48460508701472554,0.5336328876633215,0.5935955498869712,0.6915439036380278,False
SCLP_PUN1,12699,-0.06784470430742545,0.20780258288054176,-0.15249999999999986,2.4782362311993076,0.4439719662965588,-0.5335732657493205,0.5936368087403281,0.6915439036380278,False
SCLP_PUN4,12699,-0.06782777384045954,0.20780356721001653,-0.15249999999999986,2.478220088195921,0.4439719662965588,-0.5334422896248852,0.5937274499010776,0.6915439036380278,False
SCLP_SCLPC_3,12699,-0.06782777384045954,0.20780356721001653,-0.15249999999999986,2.478220088195921,0.4439719662965588,-0.5334422896248852,0.5937274499010776,0.6915439036380278,False
SCLP_SCLPC_1,12699,-0.067747452555319,0.2074984250728404,-0.1524999999999963,2.4779905425624067,0.44412945901252066,-0.5328186755794878,0.5941591047206293,0.6915439036380278,False
SCLP_SCLPC_2,12699,-0.067747452555319,0.2074984250728404,-0.1524999999999963,2.4779905425624067,0.44412945901252066,-0.5328186755794878,0.5941591047206293,0.6915439036380278,False
SCLP_SCLPC_4,12699,-0.067747452555319,0.2074984250728404,-0.1524999999999963,2.4779905425624067,0.44412945901252066,-0.5328186755794878,0.5941591047206293,0.6915439036380278,False
SCLP_PUN2,12699,-0.06774134971257548,0.2075045279155839,-0.1524999999999963,2.477995070477991,0.44412945901252066,-0.5327696078117068,0.5941930746671253,0.6915439036380278,False
SCLP_PUN3,12699,-0.06774115284668053,0.20750472478147886,-0.1524999999999963,2.477995267343886,0.44412945901252066,-0.5327680745322187,0.5941941361811625,0.6915439036380278,False
ORIANA_RN,12507,-0.13210360598064613,-0.023149636203726044,-0.012499999999995737,5.310515423362921,0.49548252978332136,-0.5296359748050602,0.5963643467027968,0.6932283739248268,False
VANCOURT_RN,12699,0.231548562878968,-5.04252421450508,-0.34250000000000114,9.314557595086228,0.4512953775887865,0.5071479980351655,0.6120509791548572,0.7105902611740027,False
NEBULA_RN,12699,0.23106899755886404,-5.043003779825184,-0.34250000000000114,9.314284345224035,0.4512953775887865,0.5061060311218567,0.6127822168831076,0.7105902611740027,False
CTW_RN,12699,-0.06612996692652916,0.16184207417906923,-0.08500000000000085,2.632928911725333,0.46964327899834635,-0.5045461427190762,0.6138776454005241,0.7108657532738732,False
REROCK_ALL,12699,0.2285501378061268,0.03287719505472866,0.9600000000000009,10.599475785494922,0.5782345066540673,0.5029697903987884,0.614985511847224,0.7108657532738732,False
HOVEY_GEN,12699,0.22786031971021375,0.032187376958815545,0.9599999999999973,10.598893849909443,0.5781557602960863,0.5014765014997974,0.6160358115302892,0.7108657532738732,False
SGSA_DGR,12699,0.22782389951964754,0.032150956768249424,0.9599999999999973,10.598899952752186,0.5781557602960863,0.5013989232946772,0.6160903974125873,0.7108657532738732,False
FRNYPP_1_CCU,12699,0.07085138593590057,-0.4141139066068195,-0.03999999999999915,3.383450472478148,0.48405386250885896,0.49944903622678516,0.6174630813556188,0.7108657532738732,False
FRNYPP_CC1,12699,0.07085059847232075,-0.41411469407039936,-0.03999999999999915,3.3834512599417277,0.48405386250885896,0.4994429995584905,0.6174673331357001,0.7108657532738732,False
LMO_ESR_RN,12699,-0.0515369556657999,0.23007914008977082,-0.11250000000000071,2.3771257894322395,0.4558626663516812,-0.4950813642573294,0.6205426879089907,0.7129930329538829,False
FRNYPP_2_CCU,12699,0.07016530829199161,-0.41479998425072856,-0.03999999999999915,3.3827947121820614,0.483975116150878,0.49460381436503026,0.6208798091688033,0.7129930329538829,False
GID_GIDEONG3,12699,0.07937327348610179,0.22716493424679104,0.07000000000000028,3.377151074887787,0.5259469249547208,0.4931493167313325,0.6219070866922766,0.7129930329538829,False
HAYSEN1_2,12699,0.0851284431845035,0.02397176943066369,0.030000000000001137,3.669751909599182,0.5106701315064178,0.49260881497143966,0.6222890183340981,0.7129930329538829,False
STRATEGC_RN,12699,0.05625582723049176,-0.2203063233325459,-0.05000000000000426,2.824457898259706,0.47767540751240256,0.4903809241217655,0.6238643726629889,0.7139450279043035,False
BLUEJAY_RN,12699,-0.046882577368295666,0.22738109299944884,-0.09499999999999975,2.3951884124734244,0.4623198677061186,-0.4696088527889795,0.6386344986263199,0.7299767391926588,False
MILTON_RN,12507,-0.09576939313984162,-1.2514210042376268,0.03999999999999915,3.8678553290157516,0.5125129927240745,-0.45717394401290745,0.6475460249836704,0.739281711856357,False
WHCCS_CT1_ST,12699,-0.06659434207417796,-0.25965450035435855,-0.10999999999999943,3.184125856366644,0.46294983856996613,-0.44903863021590107,0.6534037898915058,0.7433190308593941,False
WHCCS_CT2,12699,-0.06659434207417796,-0.25965450035435855,-0.10999999999999943,3.184125856366644,0.46294983856996613,-0.44903863021590107,0.6534037898915058,0.7433190308593941,False
WHCCS_CC1,12699,-0.06659355461059814,-0.259652925427199,-0.10999999999999943,3.184126643830224,0.46294983856996613,-0.4490332694761588,0.6534076569493944,0.7433190308593941,False
MAINLAND_RN,12699,0.08502983699503924,0.21143416804472795,-0.04749999999999588,3.5361722655327195,0.4823214426332782,0.4477067812329713,0.6543648269927888,0.7435259112394365,False
PR_PR_ALL,12699,-0.0731432514371208,0.0784549964564138,-0.03999999999999915,3.253844054649973,0.48381762343491613,-0.44512204993608495,0.6562315548043924,0.744607207305429,False
QUEEN_BA_RN,12699,0.18831658398299123,0.01925348452634062,0.9025000000000016,10.101811008740848,0.5745334278289629,0.4441356113772376,0.6569445411416256,0.744607207305429,False
MDANP_CT1_2,12699,-0.05849326718639279,-0.3080057484841326,-0.07000000000000028,3.1168028348688877,0.47657295850066933,-0.44151051280932596,0.6588434524557569,0.744607207305429,False
GAMBIT_RN,12699,-0.058509012520669666,0.20431215056303634,-0.14999999999999858,2.5318586778486507,0.4434994881486731,-0.44029236610628647,0.6597253690125757,0.744607207305429,False
BRPANGLE_RN,12699,-0.058509012520669666,0.20431215056303634,-0.14999999999999858,2.5318586778486507,0.4434994881486731,-0.44029236610628647,0.6597253690125757,0.744607207305429,False
QUEEN_SL_RN,12699,0.186515654775967,0.017452555319316384,0.9025000000000016,10.103939522797072,0.5745334278289629,0.439947536430874,0.6599751055366159,0.744607207305429,False
RN_ECEC_HOLT,12699,0.19689140483502687,-0.1686457595086225,1.0450000000000017,10.284942810457517,0.5882352941176471,0.4359346666779806,0.6628841321709995,0.7470104380164377,False
MROW_SLR_RN,12699,-0.10091676903693184,-0.23172730136231187,0.13250000000000028,6.069948566816285,0.5227970706354831,-0.4293780383988582,0.6676481334535924,0.751495962420182,False
CHE_PUN2,12699,0.0629882589180254,0.31150090558311677,-0.07499999999999574,3.089960784313725,0.4725568942436412,0.42552067869358096,0.6704571504501622,0.7537730448789045,False
PHOEBE_ALL,12699,0.19105303960941855,-0.08538979447200565,1.0874999999999995,10.510175104338925,0.5876840696117804,0.42158286813491236,0.6733295131684158,0.755612038832955,False
PSG_PSG_GT3,12699,-0.07865529962989114,0.041601700921332405,-0.054999999999999716,3.5754901212693926,0.48058902275769744,-0.4178911575164008,0.676026697887675,0.755612038832955,False
PSG_PSG_GT2,12699,-0.07865529962989114,0.041601700921332405,-0.054999999999999716,3.5754901212693926,0.48058902275769744,-0.4178911575164008,0.676026697887675,0.755612038832955,False
PSG_PSG_ST1,12699,-0.07865529962989114,0.041601700921332405,-0.054999999999999716,3.5754901212693926,0.48058902275769744,-0.4178911575164008,0.676026697887675,0.755612038832955,False
PSG_CC1,12699,-0.07865372470273152,0.04160406331207181,-0.054999999999999716,3.5754885463422332,0.48058902275769744,-0.41788327661191177,0.6760324601863144,0.755612038832955,False
PEARSA_1_24,12699,-0.09759032600992182,-0.22840085833530185,0.1324999999999985,6.0724859713363255,0.5225608315615403,-0.4148607627689511,0.6782438349491817,0.7572012080515311,False
CATARINA_B1,12699,0.2541882156075302,0.17014489329868474,2.1274999999999995,14.246951354437359,0.6602094653122293,0.40971199557834614,0.6820172294968839,0.7604435290815279,False
VISION_RN,12699,0.04503459327506183,-0.24017796676903697,-0.067499999999999,2.6936187416332,0.47239940152767934,0.4087352373781207,0.6827339713651674,0.7604435290815279,False
CHE_CC1,12699,0.05903626269785124,0.3095096070556737,-0.07499999999999929,3.0647830222852206,0.47318686510748875,0.40044844021600423,0.688826252129566,0.7663391830536588,False
MDANP_CT5_6,12699,-0.05219539727537583,-0.29994212142688403,-0.06750000000000256,3.1163702535632734,0.47641546578470745,-0.3948823737320874,0.692929698834702,0.7687751609869624,False
MIDWY_RN,12699,0.17474210961493142,-0.11638357350972506,1.0549999999999997,10.325287073785338,0.5873690841798567,0.3944423926486203,0.6932544506274927,0.7687751609869624,False
BCATWD_WD_1,12699,0.08716547759666125,0.042335616977714804,-0.2575000000000003,4.77793523112056,0.44499566895031106,0.3942170948639208,0.6934207656451746,0.7687751609869624,False
LAPETUS_U1,12699,0.17024089298370013,-0.17019942515158645,1.0699999999999932,10.11641731632412,0.5898102212772659,0.3871474505508991,0.6986470508139664,0.7736749673563438,False
OUTP_SLR_RN,12699,-0.15693222694700265,-0.4001500118119537,-0.3150000000000013,9.634299783447517,0.45239782660051975,-0.38465319695375744,0.7004943753983732,0.7748259584856285,False
7RNCHSLR_ALL,12699,0.07117247027325053,-1.3062164343649108,0.1374999999999993,3.4467938814079857,0.541144972045043,0.38174612755000675,0.7026496817076946,0.7763145676931787,False
TORT_ESS_RN,12699,-0.07152954169619621,0.10628100637845492,-0.16000000000000014,3.534147661233168,0.44712182061579653,-0.36864208166519125,0.7123945246916089,0.7852716657232792,False
ALVIN_RN,12699,-0.07152954169619621,0.10628100637845492,-0.16000000000000014,3.534147661233168,0.44712182061579653,-0.36864208166519125,0.7123945246916089,0.7852716657232792,False
LIGSW_RN,12699,0.052781470981967386,-0.43873021497755726,-0.027500000000001634,3.386379407827388,0.4897236002834869,0.36219810657586443,0.7172039943754045,0.7896654771596016,False
NWF_NWF1,12699,0.15197683675880022,-0.11775277580911865,1.0549999999999984,10.015201263879046,0.5863453815261044,0.35375572874180206,0.723521954078299,0.7956033775338008,False
LZ_WEST,12699,0.11711818253405816,-0.13589199937002922,0.894999999999996,8.18264805102764,0.5851641861563903,0.3527761635598559,0.7242562550438041,0.7956033775338008,False
JDKNS_RN,12699,0.24683811323726423,-0.3672360028348685,0.8124999999999982,13.302361855264195,0.5682337191904875,0.3490696212682448,0.7270370425198994,0.7977443063805304,False
ROW_ALL,12699,0.06109027482478974,0.49369615717773063,-0.30750000000000277,3.595888337664383,0.40924482242696275,0.3373500313313992,0.7358530482413141,0.8064949408724803,False
BRPMAGNO_RN,12699,0.060467540751241514,0.09231730844948419,-0.03999999999999915,3.5896203008110885,0.48350263800299237,0.311192609533082,0.7556542010482264,0.827251573978595,False
PHO_ALL,12699,-0.04917753366406792,0.3299082604929521,-0.3124999999999982,3.2476558390424444,0.40885109063705805,-0.3087973515115605,0.7574756839413359,0.828300092245999,False
HELIOS_RN,12699,-0.0743580557524213,-0.049155642176549386,0.5400000000000027,6.652438825891803,0.5677612410426017,-0.3044125273381494,0.760813624958097,0.8302805470083593,False
FTR_CC1,12699,-0.04255045672887606,0.19692712024568862,-0.08749999999999858,2.719789499173163,0.4685408299866131,-0.30414378100894296,0.7610183533058893,0.8302805470083593,False
GUADG_CC2,12699,0.05421768643200269,-0.2325964642885267,0.07500000000000284,3.4652868021104024,0.5268131348925112,0.2991658378139752,0.7648135137565987,0.8334729087415661,False
PALE_ESS_EN,12699,0.08703129380266184,0.4615717773052997,-0.7274999999999991,7.16307005276006,0.40396881644223953,0.29224671984967016,0.7700979927115792,0.838279199784795,False
BARROW_ALL,12699,0.12379325537443946,-0.17661784392471855,1.0400000000000027,9.937063284510591,0.588392786833609,0.2871692328314277,0.7739827432305648,0.8397785923601762,False
CBECII_CC3,12699,-0.04568137648633737,0.3308522324592488,-0.31249999999999645,3.2563086542247417,0.40908732971100087,-0.28587438932385445,0.7749743298760013,0.8397785923601762,False
CBECII_CT7,12699,-0.04568058902275755,0.3308530199228286,-0.31249999999999645,3.256309441688322,0.40908732971100087,-0.28586939039926623,0.7749781587473993,0.8397785923601762,False
CBECII_89,12699,-0.04568058902275755,0.3308530199228286,-0.31249999999999645,3.256309441688322,0.40908732971100087,-0.28586939039926623,0.7749781587473993,0.8397785923601762,False
AEEC,12699,0.08013809748799297,0.4570690605559494,-0.7274999999999991,7.159805031892277,0.40396881644223953,0.2695654185738006,0.78749460770497,0.8518404633422518,False
DSWL_BES1,12699,-0.03538930624458596,-0.2878852665564217,-0.06500000000000128,3.104211906449327,0.4777541538703835,-0.2690570136185047,0.7878858091601433,0.8518404633422518,False
FRNYPP_CC2,12699,0.03790605165761088,-0.45128159697614,-0.0400000000000027,3.4082207536026456,0.4835813843609733,0.2584045491405463,0.7960947060883741,0.8589045061675981,False
CHE_PUN1,12699,0.03855534294039022,0.28894420820537053,-0.07499999999999929,3.109592708087252,0.4723206551696984,0.2582541793253607,0.7962107465933208,0.8589045061675981,False
HB_HOUSTON,12699,-0.029996357980942637,0.21278230569336165,-0.10749999999999815,2.5647983030159867,0.45932750610284273,-0.2481572004936618,0.8040127797797596,0.8663463548413365,False
EXN_PUN3,12699,-0.04069785416174426,0.03476966690290574,-0.02499999999999858,3.391085514607451,0.4890148830616584,-0.23478249979622598,0.8143775512666063,0.8715033457205159,False
EXN_PUN2,12699,-0.04033621151271677,0.035999488148673146,-0.02499999999999858,3.3911388652649825,0.48909362941963935,-0.23269554016918104,0.815997832595536,0.8715033457205159,False
EXN_8,12699,-0.040322824631859946,0.036005787857311615,-0.02499999999999858,3.3911502834868896,0.48909362941963935,-0.23261768177000275,0.8160582958538232,0.8715033457205159,False
EXN_4,12699,-0.040322824631859946,0.036005787857311615,-0.02499999999999858,3.3911502834868896,0.48909362941963935,-0.23261768177000275,0.8160582958538232,0.8715033457205159,False
EXN_14,12699,-0.040322824631859946,0.036005787857311615,-0.02499999999999858,3.3911502834868896,0.48909362941963935,-0.23261768177000275,0.8160582958538232,0.8715033457205159,False
EXN_9_13,12699,-0.040322824631859946,0.036005787857311615,-0.02499999999999858,3.3911502834868896,0.48909362941963935,-0.23261768177000275,0.8160582958538232,0.8715033457205159,False
EXN_1_3,12699,-0.040322824631859946,0.036005787857311615,-0.02499999999999858,3.3911502834868896,0.48909362941963935,-0.23261768177000275,0.8160582958538232,0.8715033457205159,False
EXN_PUN1,12699,-0.04032046224112057,0.03602114339711787,-0.02499999999999858,3.391152645877629,0.48909362941963935,-0.2326041218353485,0.8160688263368334,0.8715033457205159,False
DANSBY_ALL,12699,0.026767584061737265,0.3196434758642413,-0.06249999999999645,2.622726084731081,0.4731081187495078,0.22774365502073107,0.8198455323000273,0.8745626979707745,False
PISG_RN_ALL,12699,-0.023136790298448465,0.16483089219623592,-0.09999999999999432,2.544953453027798,0.460351208756595,-0.2242895934831851,0.8225319731523211,0.8754807572176203,False
BOARDCRK_ALL,12699,-0.023136790298448465,0.16483089219623592,-0.09999999999999432,2.544953453027798,0.460351208756595,-0.2242895934831851,0.8225319731523211,0.8754807572176203,False
CS_RN,12699,-0.03332289156626471,0.09723482163949917,-0.052499999999994884,3.1288067328136075,0.48019529096779273,-0.21446724944577025,0.8301827039257962,0.8816669026188688,False
HLY_RN,12699,-0.03332289156626471,0.09723482163949917,-0.052499999999994884,3.1288067328136075,0.48019529096779273,-0.21446724944577025,0.8301827039257962,0.8816669026188688,False
BCK_RN,12699,0.036741156783999016,0.4591115442160801,-0.3149999999999995,3.4962739073942832,0.40822111977321046,0.21000071190174102,0.8336671174074128,0.8843880150372887,False
ADL_RN,12699,-0.03079168044727855,0.1055238601464683,-0.05999999999999517,3.02454023545161,0.4783053783762501,-0.2069452279860542,0.8360526341560097,0.8859386476857606,False
SWFT_SLR_RN,12699,0.09219714938184129,-0.18530711079612572,1.0549999999999962,10.310599181037878,0.5865028742420663,0.20489802324849687,0.8376517996744404,0.8866535053949098,False
FREC_CC1,12699,0.022225399637767367,-0.05109299944877556,-0.08999999999999986,2.722977191117412,0.46586345381526106,0.18814146772153598,0.8507657549478884,0.8985284704177493,False
RAMBLER_UNIT,12699,0.044260130718955557,-0.14016772974249944,0.03750000000000142,5.453505866603671,0.5067328136073707,0.1869769515623393,0.8516787042316194,0.8985284704177493,False
ANG_ALL,12699,0.044259343255375755,-0.14016851720607923,0.03750000000000142,5.453505079140091,0.5067328136073707,0.1869736237124824,0.8516813134616622,0.8985284704177493,False
CBY_CBY_G2,12699,0.031947098196708164,0.11113709740924482,-0.019999999999999574,3.430170611859202,0.49129852744310576,0.1831519978378391,0.8546787573594139,0.899395860818683,False
MGSES_CT456,12699,0.053245456335145644,-1.0459203480589023,0.5399999999999991,6.112700547287188,0.5729585006693441,0.182361952683477,0.8552986824613801,0.899395860818683,False
MGSES_CT123,12699,0.05323856602882231,-1.0459272383652256,0.5399999999999991,6.112695231908025,0.5729585006693441,0.18233858085126714,0.8553170230100509,0.899395860818683,False
ODESW_RN,12699,0.08077712418300703,-0.31493345932750616,0.9624999999999999,10.352241601700923,0.5814631073312859,0.1774759779737732,0.8591345325056413,0.9024206097184119,False
OECCS_1,12699,-0.06913358138436057,-0.3392568312465547,0.8599999999999994,9.785007193479801,0.5748484132608866,-0.1649306357239933,0.8689985787783931,0.9110699617656125,False
OECCS_2,12699,-0.06899006614694025,-0.33911016615481526,0.8599999999999994,9.784958961335539,0.5749271596188676,-0.16458702320382806,0.8692690458973258,0.9110699617656125,False
PROSPERO_ALL,12699,0.06240916213875128,-0.21031715095676823,1.0,9.638707618710134,0.586896606031971,0.14919287832822875,0.8814014393732704,0.9213171196789468,False
PRSPERO2_ALL,12699,0.06240916213875128,-0.21031715095676823,1.0,9.638707618710134,0.586896606031971,0.14919287832822875,0.8814014393732704,0.9213171196789468,False
GOA_GOATWIND,12699,-0.035169131427671356,-0.3038375068903062,0.21499999999999986,5.212844271202457,0.5377588786518623,-0.14852536335860286,0.8819281708709835,0.9213171196789468,False
SWEC_G1,12699,0.06558012441924543,-0.30312465548468376,1.2375000000000043,10.265235695724073,0.6032758484920072,0.14431249564869822,0.8852537114940499,0.9237848850084807,False
RN_DEC_AGR_B,12699,0.05403634931884427,-0.24133238837703752,-0.1700000000000017,6.9904815969761405,0.45334278289629104,0.1394866883163917,0.8890655742919692,0.926177924688639,False
PIONR_DJ_RN,12699,-0.05464368060477226,-0.3891292621466258,0.8999999999999986,9.193161445783131,0.5842192298606189,-0.13794263359787431,0.8902857557231557,0.926177924688639,False
RN_DEC_AGR_C,12699,0.05294571226080816,-0.24242617528939284,-0.1700000000000017,6.988987778565242,0.45334278289629104,0.13667278736010133,0.8912894401924626,0.926177924688639,False
RN_DEC_AGR_D,12699,0.05288665249232244,-0.24248759744861795,-0.1700000000000017,6.989001559177889,0.4532640365383101,0.13652022630730518,0.8914100359620583,0.926177924688639,False
MU_RN,12699,0.02161261516655063,0.14789550358295933,-0.03999999999999915,3.109559351130012,0.48240018899125914,0.13484143112902408,0.8927372476532841,0.9265530524886357,False
THW_THWGT_1,12699,0.018301578864478002,0.23442180486652495,-0.05000000000000071,2.8818108079376334,0.47877785652413574,0.12987826770586416,0.8966627384943251,0.9296211526660083,False
GBY_GT,12699,-0.017575970548861553,0.18124183006535946,-0.07000000000000028,2.8921903260099233,0.47381683597133634,-0.125868289708044,0.8998361841496236,0.931056097776191,False
CHE_LYD,12699,0.01849407827387977,0.27164048350263803,-0.0799999999999983,3.1053528388062057,0.4706669816520986,0.12446007614674522,0.9009510091619419,0.931056097776191,False
CHE_LYD2,12699,0.01849250334672014,0.2716389085754784,-0.0799999999999983,3.1053528388062057,0.4706669816520986,0.12444948575353999,0.9009593938856155,0.931056097776191,False
RN_DEC_AGR_A,12699,0.04745551618237687,-0.24872430900070866,-0.1700000000000088,6.9913942672651395,0.4530277974643673,0.12255936317930044,0.9024560352548111,0.931598856630101,False
AVIAT_ALL,12699,-0.02700739034569516,-0.2771826521773369,0.15999999999999837,5.272075647688796,0.5276005984723207,-0.11536887651975068,0.9081527471488556,0.9320435681167145,False
CAPRIDGE_ALL,12699,-0.02700620915032545,-0.2771814709819672,0.15999999999999837,5.272074466493426,0.5276005984723207,-0.11536382266150204,0.9081567527990431,0.9320435681167145,False
CAPRIDG4_CR4,12699,-0.02700620915032545,-0.2771814709819672,0.15999999999999837,5.272074466493426,0.5276005984723207,-0.11536382266150204,0.9081567527990431,0.9320435681167145,False
QALSW_CC2,12699,-0.04813401448933001,-0.31618355776045365,0.8574999999999946,9.78120746121742,0.5748484132608866,-0.11509659901962672,0.908368555579641,0.9320435681167145,False
QALSW_CC1,12699,-0.048133227025750194,-0.31618277029687386,0.8574999999999946,9.78120667375384,0.5748484132608866,-0.11509472964403933,0.9083700372789428,0.9320435681167145,False
QALSW_ALL,12699,-0.047908799905504465,-0.3159583431766282,0.8599999999999994,9.789565205921726,0.5752421450507914,-0.11430623524545198,0.9089950398878306,0.9320435681167145,False
CAL_PUN2,12699,-0.01849567288762889,0.041216828096700554,-0.02499999999999858,3.4911026970627606,0.4897236002834869,-0.10141546309902302,0.9192206619822227,0.9320435681167145,False
CAL_PUN1,12699,-0.018495476021733973,0.041217024962595515,-0.02499999999999858,3.4911025001968663,0.4897236002834869,-0.10141438354309797,0.9192215189250545,0.9320435681167145,False
CAL_CALGT1,12699,-0.01849311363099447,0.041219387353334885,-0.02499999999999858,3.4911025001968663,0.4898023466414678,-0.10140143014157636,0.9192318012385714,0.9320435681167145,False
CAL_CALSTG1,12699,-0.01849311363099447,0.041219387353334885,-0.02499999999999858,3.4911025001968663,0.4898023466414678,-0.10140143014157636,0.9192318012385714,0.9320435681167145,False
CAL_CC1,12699,-0.01849311363099447,0.041219387353334885,-0.02499999999999858,3.4911025001968663,0.4898023466414678,-0.10140143014157636,0.9192318012385714,0.9320435681167145,False
MAVCRK_W_ALL,12699,-0.019108642412787112,-0.11219288920387437,-0.02750000000000341,4.523764134971259,0.4930309473186865,-0.10107271429213993,0.91949273794363,0.9320435681167145,False
GALO_RN1,12699,-0.019108642412787112,-0.11219288920387437,-0.02750000000000341,4.523764134971259,0.4930309473186865,-0.10107271429213993,0.91949273794363,0.9320435681167145,False
EUNICE_ALL,12699,0.041076970627609434,-0.22836857232852983,0.9975000000000005,9.529840062209624,0.588392786833609,0.09922119295916916,0.9209626483385372,0.9320435681167145,False
LONEWOLF_ALL,12699,-0.0207127687219463,-0.2723350263800299,0.240000000000002,4.855569977951021,0.5472084416095756,-0.0947781581855966,0.9244910360038331,0.9320435681167145,False
DIB_DIB_G4,12699,0.01746540278762135,0.06429443263249078,-0.02500000000000213,3.5457889558232933,0.4893298684935822,0.09450653187201223,0.9247067939872045,0.9320435681167145,False
DIB_DIB_G3,12699,0.01746540278762135,0.06429443263249078,-0.02500000000000213,3.5457889558232933,0.4893298684935822,0.09450653187201223,0.9247067939872045,0.9320435681167145,False
DIB_DIB_G2,12699,0.017464615324041543,0.06429364516891098,-0.02500000000000213,3.545789743286873,0.4893298684935822,0.09450229060092967,0.9247101629540166,0.9320435681167145,False
DIB_PUN2,12699,0.017464615324041543,0.06429364516891098,-0.02500000000000213,3.545789743286873,0.4893298684935822,0.09450229060092967,0.9247101629540166,0.9320435681167145,False
DIB_PUN1,12699,0.017464615324041543,0.06429364516891098,-0.02500000000000213,3.545789743286873,0.4893298684935822,0.09450229060092967,0.9247101629540166,0.9320435681167145,False
DIB_DIB_G1,12699,0.017464615324041543,0.06429364516891098,-0.02500000000000213,3.545789743286873,0.4893298684935822,0.09450229060092967,0.9247101629540166,0.9320435681167145,False
DIB_CC1,12699,0.017463040396881947,0.06429207024175136,-0.02500000000000213,3.5457897432868726,0.4893298684935822,0.09449373898822234,0.9247169557565174,0.9320435681167145,False
CBY_CBY_G1,12699,0.015482443499488477,0.12076856445389403,-0.03999999999999915,3.3078383376643834,0.48492007244664936,0.09383487154955099,0.9252403303932348,0.9320435681167145,False
SP_RN,12699,-0.0162021261516651,-0.03188695960311824,-0.03999999999999915,3.7420606898180964,0.4857862823844397,-0.07940029024267396,0.9367142377917065,0.94261170413667,False
BSS_U1,12699,-0.009967895109851153,-0.20461020552799425,-0.1250000000000071,2.5304384360973304,0.45436648555004333,-0.07654633499198217,0.9389844520880821,0.9439057542478729,False
PRCRK_RN,12699,-0.012539696039057632,-0.759243641231593,-0.010000000000001563,3.9324699818883384,0.493739664540515,-0.07075472152819601,0.9435929684452666,0.947545190302629,False
BTE_PUN2,12699,-0.007921655248444126,0.11146054807465151,-0.057500000000000995,3.2368863217576194,0.47964406646192614,-0.04919001127751472,0.9607678714773571,0.9637828334171396,False
CHISMGRD_RN,12699,0.008122029293645534,-0.6392054492479722,-0.12250000000000227,4.136641078037641,0.46019371604063314,0.037770364436152115,0.9698707732587316,0.9718976714264614,False
BOSQUESW_CC2,12699,0.0009684699582649132,-0.07589455862666347,-0.10000000000000142,4.073018969997639,0.46586345381526106,0.0049349495973991415,0.9960624958900518,0.9971022270966177,False
JAD_RN,12699,0.0002080321285145431,0.15323312859280255,-0.04999999999999716,3.1475075832742747,0.48184896448539255,0.0013186640696759857,0.9989478586028437,0.9989478586028437,False
