location,asset,mean_basis,std_basis,abs_basis,skew,spike_share,neg_share,peak_hour,trough_hour,diurnal_range,F1,F2,F3,F4,F5,F6,F7,F8,factor_r2,resid_std
7RNCHSLR_ALL,wind,1.5032812185466013,8.117104799125412,3.158345299604107,11.924018531377852,0.009595383479836274,0.17714554116620815,16,3,2.562995169082126,0.02800560168414286,0.0008201403916680412,0.05624444951014638,-0.009874324055249805,0.058436523828778134,0.01600798675917434,-0.030135982481536202,0.016327024998463717,0.7522047589366947,2.2363158281234274
ABINDUST_RN,other,1.3671409149615934,25.096949647874183,7.298937529739651,13.84154806334156,0.03596591290344226,0.3352345165402939,18,11,5.964518760195759,,,,,,,,,,
ADL_RN,other,1.8789975172784004,8.469274582054986,4.005359994631954,-5.330656175791491,0.01791585586794605,0.23116151110514663,15,6,8.822495974235103,0.04333314632222862,0.03314451815823014,-0.01331669102869143,-0.02854023934217359,-0.035869523107076556,-0.0020824911859482972,-0.018059937103173586,-0.000573756631452,0.9723939692594356,0.9923547952785847
AEEC,other,-7.526018922364625,13.13371564330875,9.128673421458766,1.6755096946738501,0.07971549352479367,0.7010668992820237,9,21,8.299355877616748,-0.022930573574258817,0.0004623088971541199,-0.06891782754679032,0.007791803943453607,0.02696713690882685,0.025790294095199243,-0.014511279595578797,0.09082276989765785,0.7736443126493051,5.045463858498969
AE_RN,other,-0.009195464000536802,8.952171995781939,3.037346842917533,-14.151836644175853,0.007917868885459303,0.27007984969469234,15,7,4.222608695652174,0.048760272526109406,0.002204052062280956,0.007138900062480302,0.008286832901767481,-0.01369870826635039,0.04281182812129941,0.01645426189690441,0.042309323615680794,0.9257875736542629,1.1515461782808136
AGUAYO_UNIT1,thermal,-3.9400872307589077,12.899255410346893,5.6651492987989,-0.9831810349519347,0.0428101724485003,0.48386230960209353,20,15,5.014090177133655,-0.037134071548605825,-0.012500076193105725,-0.028537522750318456,-0.010260111688827407,0.005487589775000856,-0.021290722221666544,0.06611208486491721,-0.028780167405690865,0.6853207488198663,5.5784967948667115
AJAXWIND_RN,wind,-4.50740454941958,9.86163026568013,5.993216801986177,4.04666316776676,0.031201771455411663,0.6148426491310475,7,16,4.178824476650564,-0.0404693096744455,-0.007364594385891432,-0.06183294580061047,-0.012027641174325567,0.021748336098714988,0.028842895612046768,-0.018305408272260598,0.02525406635883929,0.9620124883833691,1.4552857440958653
ALGOD_ALL_RN,other,-5.680399919479299,35.303945534273836,8.050827350197947,-21.9321067786583,0.052338455344561496,0.4763470442192847,9,19,16.969677938808374,0.033318648029402334,-0.05566476429808451,-0.010665438077055833,0.022963607201864217,0.0057022383888715444,-0.02132694201674501,-0.02136207990246719,0.0012111813403235805,0.9553000746465833,2.4724750260163293
ALP_BESS_RN,storage,10.72462121720459,23.598882356568968,15.003417432731665,2.479685036815474,0.17580352949070657,0.2594108568744548,22,15,29.680692431561994,-0.02898844202440448,-0.01995841638321123,0.05005951121330936,-0.012381395918086846,-0.04726546554351363,-0.010420953358120877,-0.004280862970726079,-0.02462052711186033,0.7051105755622455,11.965653674449896
ALVIN_RN,other,1.0819861772797423,10.199495855345226,4.191680869623566,-6.828972533109927,0.024022008991478227,0.2714218613701939,15,7,7.708309178743962,0.04197336654674957,0.013137936658098055,-0.004988428004730004,-0.011050178415004774,-0.020977036766071766,0.01858312537588175,0.009681377043505746,0.029418334074687663,0.6929310831932731,3.6046834014929714
AMADEUS_ALL,wind,-5.348543246326243,10.947662112173127,7.0046124941287,3.4788231169404162,0.04482318996175267,0.6464470240891096,7,16,4.755281803542673,-0.03672686004558805,-0.005779639271800086,-0.058083918429492995,0.00036647579525775353,0.022278289140311415,0.01828867637645981,-0.00511640826044546,0.03950013464298474,0.8072454490774011,3.763513777057169
AMISTAD_ALL,wind,11.920183855599543,29.466936108357572,15.279467221364825,5.139870264150511,0.1433939475273435,0.2248540562302892,5,14,26.571561996779387,-0.03524229368637094,-0.0018548666877388896,0.03211893623611566,0.0035252916361726058,-0.03067037347560159,-0.017665917175481965,-0.04820677583507604,0.06357079384090703,0.6835289664002511,13.58460224727289
AMOCOOIL_CC1,thermal,2.5298704958733143,11.068554983597146,5.108952559887271,-3.5319474565963898,0.03764342749781923,0.24317251560088574,15,7,12.819066022544284,0.042920673488773056,0.02850690194495511,-0.01360530798701035,-0.03381175796339729,-0.030752113025818335,-0.008321767039065973,-0.024051225934468956,0.0005390107175649028,0.9268729650172611,2.1755920246440055
AMOCOOIL_CC2,thermal,2.5298704958733143,11.068551975902102,5.108948533852245,-3.531950470040615,0.03764342749781923,0.24317251560088574,15,7,12.819049919484701,0.04292066872015408,0.028506868376595083,-0.01360533195024508,-0.0338117719878473,-0.030752170063540803,-0.008321769455064503,-0.024051273487678035,0.0005391731477271677,0.9268728786538638,2.1755926845438207
AMOCO_PUN1,other,2.529871166879152,11.068551787663726,5.1089478628464065,-3.531950817818942,0.03764342749781923,0.24317251560088574,15,7,12.819049919484701,0.04292067097289094,0.02850686600611072,-0.013605335106380149,-0.033811764939857616,-0.030752161878232875,-0.008321778146207699,-0.024051281291822046,0.0005391638938916921,0.9268728787888529,2.175592607471837
AMOCO_PUN2,other,2.529871166879152,11.068551787663726,5.1089478628464065,-3.531950817818942,0.03764342749781923,0.24317251560088574,15,7,12.819049919484701,0.04292067097289095,0.02850686600611072,-0.013605335106380149,-0.03381176493985762,-0.030752161878232875,-0.008321778146207699,-0.024051281291822012,0.0005391638938916643,0.9268728787888529,2.1755926074718372
AMO_AMOCO_1,other,2.52987183788499,11.068554975125018,5.108952559887271,-3.5319478011239807,0.03764342749781923,0.24317251560088574,15,7,12.819066022544284,0.04292067774370522,0.02850689463935162,-0.01360529062095638,-0.033811743226063624,-0.030752116622547808,-0.00832177008634455,-0.02405129413014728,0.0005390340525347412,0.9268729876898528,2.1755916741554153
AMO_AMOCO_2,other,2.52987183788499,11.068554975125018,5.108952559887271,-3.5319478011239807,0.03764342749781923,0.24317251560088574,15,7,12.819066022544284,0.04292067774370522,0.02850689463935162,-0.013605290620956383,-0.033811743226063624,-0.030752116622547804,-0.008321770086344549,-0.02405129413014728,0.0005390340525347447,0.9268729876898529,2.1755916741554144
AMO_AMOCO_5,other,2.52987183788499,11.068554975125018,5.108952559887271,-3.5319478011239807,0.03764342749781923,0.24317251560088574,15,7,12.819066022544284,0.04292067774370522,0.02850689463935162,-0.01360529062095638,-0.033811743226063624,-0.030752116622547808,-0.008321770086344549,-0.024051294130147276,0.0005390340525347468,0.9268729876898528,2.175591674155415
AMO_AMOCO_G1,thermal,2.529871166879152,11.068551787663726,5.1089478628464065,-3.531950817818942,0.03764342749781923,0.24317251560088574,15,7,12.819049919484701,0.04292067097289095,0.028506866006110715,-0.01360533510638015,-0.033811764939857616,-0.03075216187823288,-0.008321778146207699,-0.024051281291822012,0.0005391638938917018,0.9268728787888529,2.1755926074718372
AMO_AMOCO_G2,thermal,2.529871166879152,11.068551787663726,5.1089478628464065,-3.531950817818942,0.03764342749781923,0.24317251560088574,15,7,12.819049919484701,0.04292067097289095,0.028506866006110715,-0.013605335106380153,-0.033811764939857616,-0.030752161878232882,-0.008321778146207699,-0.024051281291822012,0.0005391638938917013,0.9268728787888529,2.175592607471837
AMO_AMOCO_G3,thermal,2.529871166879152,11.068551787663726,5.1089478628464065,-3.531950817818942,0.03764342749781923,0.24317251560088574,15,7,12.819049919484701,0.04292067097289095,0.028506866006110715,-0.01360533510638015,-0.033811764939857616,-0.030752161878232882,-0.008321778146207699,-0.024051281291822015,0.0005391638938917014,0.9268728787888529,2.1755926074718372
AMO_AMOCO_S1,other,2.529871166879152,11.068551787663726,5.1089478628464065,-3.531950817818942,0.03764342749781923,0.24317251560088574,15,7,12.819049919484701,0.04292067097289095,0.028506866006110715,-0.01360533510638015,-0.033811764939857616,-0.030752161878232882,-0.008321778146207699,-0.024051281291822015,0.0005391638938917013,0.9268728787888529,2.1755926074718372
AMO_AMOCO_S2,other,2.529871166879152,11.068551787663726,5.1089478628464065,-3.531950817818942,0.03764342749781923,0.24317251560088574,15,7,12.819049919484701,0.04292067097289095,0.028506866006110715,-0.01360533510638015,-0.033811764939857616,-0.030752161878232882,-0.008321778146207699,-0.024051281291822015,0.0005391638938917014,0.9268728787888529,2.1755926074718372
ANACACHO_ANA,other,5.7448822384754745,13.331096425765356,8.455443870361673,3.8420353030880614,0.056632892706166546,0.1927799771858015,20,14,17.141417069243154,-0.023051934058964125,-0.008288610329113546,0.06011980700131199,0.0068954920485354,-0.01774916558915299,0.029148613726917752,-0.017269094647330858,0.06799411167358882,0.6179975272844563,6.85926093704675
ANCHOR_ALL,wind,-3.6103502650473063,8.73598966991098,4.988860632087499,4.632931035376874,0.021203784472924914,0.5845802858484869,7,16,5.816553945249597,-0.04079171016462654,-0.011437764424565743,-0.04126570739170472,0.009152418063195522,0.013301638159221748,0.02980912646297121,0.008136942078275724,-0.0032381285187357894,0.775244374849499,3.0806545377897474
ANDMDSLR_ALL,wind,-5.492003623431524,11.19463221019585,7.198053412064684,3.496149839784258,0.049050526739582635,0.6514124672884654,7,16,4.731545893719807,-0.03611268805706408,-0.005354804448603374,-0.05861424078055379,0.000766228223071342,0.02298116180426456,0.01727059398198259,-0.005554425064080238,0.04290353367071731,0.8015809433827945,3.9209617324615174
ANEM_ESS_RN,storage,-8.89870831376233,31.60848950911949,11.532830302623632,-16.922791960629556,0.12769241092397504,0.5255317721264176,9,19,22.831256038647343,0.025830968197250885,-0.05554629055708995,-0.02309210163057802,0.010068386686341625,0.026465908311291343,-0.05067640076716586,-0.02643238823233163,-0.016932616538939627,0.9164493800034105,4.546877104841123
ANG_ALL,wind,-2.2949104207206603,12.20872562234332,6.082652486076629,9.439303493748783,0.025766624169630277,0.4846675166073945,20,15,6.657729468599034,-0.041421327324551185,-0.01186828065370658,-0.009283336012376,-0.02542915724428439,0.016182443260563187,0.006137951282415876,0.03900516920765226,-0.07355887840120064,0.7984122968850212,3.6429140056252507
ANOL_ESS_RN,storage,0.39333288599610816,6.015099709665334,2.9567268335234513,5.314047272315071,0.005300946118231229,0.3338925048647923,19,21,1.2911594202898549,0.0034363519065122904,0.050162942258810544,-0.004526735241851572,0.07428231207870094,-0.004019761226658939,-0.044986060511631766,0.011343738836670194,0.0029731778281409027,0.8867795953273779,1.402163611298814
ANSON1_ALL,wind,-3.904711802992686,9.468597272030618,5.587426692612226,5.784965230392622,0.020734080386499362,0.5939072669932228,7,15,5.187037037037038,-0.04324918115506245,-0.0080200747092517,-0.04952775724421581,-0.001898164520707536,0.01343743481679836,0.02436636269713308,0.003463534162173029,0.006647773878190662,0.8812118860626922,2.382391098286436
ANTL_ESS_ES1,storage,9.263105159404528,30.320116744029953,16.372329549316838,3.820542330743215,0.164262229081393,0.335301617124069,4,14,24.690032626427406,,,,,,,,,,
APPALOSA_ALL,wind,18.316809367241497,47.959085413721866,25.64965107696437,2.985886005153081,0.24726565121116553,0.30537475676038384,4,15,55.065346215781,-0.03183028923355714,-0.014076803693838546,0.019579765882999287,0.0024923404154718483,-0.045583418626582224,-0.02831432942286189,-0.05381327490206753,0.08020335332441456,0.7111631615068108,24.712963458360147
AQUI_ALL,wind,-5.054016640944777,14.051734351115417,6.870402603502651,-2.003491412639955,0.07817218009796685,0.4985573374488358,19,15,16.75487922705314,-0.01696036571791254,0.002341006827271333,0.011568367286294111,0.04864611072549765,-0.02044503061465876,0.030056086198113074,-0.038037334357557274,-0.044628602811762515,0.39628574208293976,10.091041559961566
ARAGORN_RN,other,9.47140844125344,20.298339312141174,13.645270079849695,4.150859484689934,0.16949607461584915,0.25068778098369454,2,15,25.220300651146335,-0.03504167897095932,-0.020103548154437146,0.051532530888063734,0.0023626085047454915,-0.0509324718043294,-0.025786387148672492,-0.03851459123861113,0.03973090309025216,0.9213722200200563,4.820698762375939
ASCK_SLR_RN,solar,-5.053733476481246,14.051367424480192,6.87011943903912,-2.0033886702368906,0.07817218009796685,0.4984902368650607,19,15,16.75487922705314,-0.016960765469938976,0.0023400849581900725,0.01156748184926159,0.048647145673658666,-0.02044287306635044,0.030057775358546958,-0.038037645079501956,-0.044628561388798026,0.39629413920851464,10.09066460745527
ASTRA_RN,other,-7.616387975575387,12.681261785037718,9.122617593773066,2.014593381957148,0.08421123263772395,0.694491042072066,8,21,5.098325281803542,-0.02856253666959104,-0.0008453782355094152,-0.0671180333196669,0.002914765386108447,0.023820545161103848,0.03611035578093191,-0.02706656662087144,0.08623913709442571,0.8569529043719604,3.94698174616477
ATK_ATKINSG7,other,1.1104099845668656,6.178265979519582,2.7953351674159563,9.47884128747664,0.0073810642152586725,0.2616922767228075,16,5,4.0604830917874395,0.02160499254812067,0.044271831942439825,0.0006030654768041521,0.014483986150328618,-0.007153320092936924,-0.008770647582260099,-0.0277284645708448,0.010445395721086046,0.5148459142780368,2.9341615146519104
AURO_SLR_RN,solar,-0.857609206200094,5.684654795323591,2.9484271623163125,0.48652639052646823,0.006240354291082333,0.3738844527947393,19,15,7.217310789049919,-0.0014701393853918953,0.016856577960731478,0.021398225962212768,0.072536553278301,-0.013613464486564912,0.07433902375236906,-0.07179087648938196,-0.07205234230558757,0.8387980173574452,1.8897058478573427
AUSTPL_ALL,wind,3.9566396027645436,15.046387957662597,4.751074280346239,13.211730860614281,0.028048044017982957,0.11715761927128766,16,4,10.69487922705314,0.009044334686353638,0.030486197512250002,0.044276823648898976,-0.04716363757142786,0.07005975859193253,-0.02503358895135385,-0.025471385290859527,0.0335632739388967,0.8231349041627596,3.1905420194007243
AVIAT_ALL,wind,-1.660597195195598,12.166460143146569,6.230090585788097,7.8631603521579265,0.028719049855733744,0.45937059652418977,20,15,7.235748792270531,-0.044390842020590224,-0.012307207645790016,-0.009193405673018823,-0.02680290405515892,0.007623243735928361,0.002343988255254469,0.01948533794216694,-0.06073191006946252,0.8300484773052662,3.547076412581335
AZURE_RN,other,-4.448449305508957,9.601246874354727,5.979104878212441,5.068866970375615,0.024558813661678856,0.6314835939072669,7,16,4.7443961352657,-0.04136848390285627,-0.006636753502849053,-0.05756591534957645,-0.0020657763474629907,0.01655744961762483,0.022612728536961155,-0.003729465491403428,0.022629096569258367,0.9043104543451708,2.211890216440745
AZ_ALL,wind,2.4239911427229415,9.913426473906584,4.603542910823324,-0.1921055416789641,0.02851774810440851,0.22854458833791855,15,5,10.647648953301125,0.042577653413097015,0.03242088418054283,-0.014180876380502869,-0.03291899372652259,-0.033179068443894254,-0.00654122626657079,-0.021646098124003532,-0.001117615527322676,0.9580149278900636,1.4273624647182102
BAC_RN_ALL,wind,2.762635710930685,11.415632269128338,5.303644903710662,-2.7880775415044736,0.04234046836207475,0.2427028115144602,15,7,13.583752012882448,0.04174586740263714,0.029683121141234618,-0.014967861829474327,-0.035445517584627995,-0.03177399354660699,-0.01137529714965405,-0.027234897707416834,-0.0032362338469702234,0.9241459603866381,2.344998932693976
BAFFIN_ALL,wind,-10.885661947258942,34.28908392646604,13.205130510635442,-16.09882516324656,0.16157820573038986,0.5564651412467289,9,19,27.677181964573265,0.022406874226609592,-0.05929138532381652,-0.01749297898323634,0.022958316626008897,0.015721662242885223,-0.03319027798754841,-0.02399237667356719,-0.008910482796348939,0.8660315760519476,6.540138384977137
BAIRDWND_ALL,wind,-4.092704153526135,9.159057068674564,5.550152989331007,4.988681548674321,0.02200899147822586,0.6095417030128162,7,15,5.604122383252817,-0.042420673050745324,-0.008952325222488391,-0.049210970242079634,0.003633298390144479,0.013343138033465858,0.029051596361407275,0.00024657111571197316,0.005287101526248442,0.8647945533528424,2.5041057724573146
BAKE_RN_ALL,wind,0.2886613433536871,6.662490045053944,3.06928403677112,7.61476202800577,0.0069113601288331205,0.37032812185466013,19,15,4.316650563607085,-0.007796553919269266,0.050009971458774845,0.0007481915991171698,0.07087481221185539,0.01819538265788816,-0.044903018562135216,0.027085265184300954,0.031851035597456764,0.9082005119052672,1.324333507238277
BARROW_ALL,wind,7.703393947527343,16.75325281963259,11.830565657921223,3.36627371234655,0.13124874186405422,0.2496141716432933,0,15,20.964315619967795,-0.03882132047854494,-0.02367220275664599,0.047593665899817034,-0.003930982859008658,-0.049851079938751354,-0.024683196683272204,-0.007979887505166934,0.00966027138464799,0.951557399974237,3.173825026250175
BASTEN_CC1,thermal,1.3793102059987923,6.656470012580236,3.1066335637120046,2.461697981885,0.011407099241763403,0.1868080252298195,16,4,3.39317230273752,0.017048032196915763,0.009416291174710554,0.05445120422416293,-0.019759273931632328,0.06773471160441435,0.01951931668146486,-0.028196479509535077,0.00057956621325442,0.6645689385622644,2.773374586446064
BASTEN_CCU,thermal,1.8165678051399046,6.421249214954607,3.0442830302623634,4.319895880304381,0.011205797490438167,0.1570153660336845,16,4,4.388760064412238,0.02049703912920488,0.01520674803136047,0.06350342531117321,-0.024895251705698982,0.07157725093261987,0.016540501436378224,-0.02720361686035476,0.006176606156293764,0.861973031543813,1.7754946700431637
BATCAVE_RN,other,3.125186204119976,20.11761333084179,7.571270885056699,6.5022138138978445,0.07521975441186338,0.17432731664765483,16,4,12.56937198067633,0.013477712704735186,0.0249133668948943,0.02621490101911874,-0.029427882427116747,0.05802457597478712,-0.016350897050564864,-0.016799426575239862,0.0024239744963834723,0.4816033022399946,9.550866435402805
BAYC_BESS_RN,storage,-0.8229430316043751,27.90975839000967,5.318464738643226,2.0869700022133584,0.02127088505669999,0.35757901093739514,8,18,4.227004830917874,0.034509611376773615,-0.0334568182252898,0.015317504560669942,0.030155251384982262,0.0053093354629441866,0.027251502007879846,-0.007220327359217383,0.03447457297520971,0.7205068159212131,3.5162370009148227
BBREEZE_1_2,wind,-12.669262564584312,34.77754333107286,14.931641951284977,-14.040216099214277,0.19801382272025767,0.5701536603368449,9,19,30.28315619967794,0.020091790193596963,-0.0585548366003761,-0.01863433160423544,0.022576426971343325,0.019272278386170603,-0.03602216495281588,-0.024492772797152455,-0.011770196892280028,0.8347484707052565,8.219528586153995
BCATWD_WD_1,other,-5.06440314030732,12.213119940283224,6.743415419714151,1.2395420978233556,0.05643159095484131,0.6011541300409313,7,16,5.006570048309179,-0.038397919584721545,-0.011265883394319226,-0.0523444859743564,-0.013039990483839905,0.020087160606988536,0.026817853260195226,-0.007712656314600019,0.0074066836701102675,0.8088017890155417,4.133157357789074
BCH_RN,other,-0.009195464000536802,8.952171995781939,3.037346842917533,-14.151836644175853,0.007917868885459303,0.27007984969469234,15,7,4.222608695652174,0.04876027252610939,0.0022040520622811513,0.007138900062480157,0.008286832901767635,-0.013698708266350359,0.042811828121298655,0.016454261896904184,0.04230932361568008,0.9257875736542629,1.1515461782808136
BCK_RN,other,-2.1825444541367514,11.051899905091707,4.012104945313025,-13.469186886161818,0.017244850030195262,0.4276991209823525,9,16,3.949178743961353,0.02454850304416261,-0.029829745182936185,0.022382950510032456,0.045162139122603855,0.006768401092793197,0.07769217452012459,0.04165318377200942,0.03814995630629549,0.7897706528110383,2.851672539846484
BELM_SLR_RN,solar,-0.9442092196202106,8.011177963936387,3.6733979735623703,3.2011599148591348,0.01751325236529558,0.3790511977454204,19,15,9.710821256038649,-0.009581174392722524,0.013659488528735289,0.026167008530607758,0.07294549713782365,-0.006675842686240906,0.06815221140634517,-0.08078691215172361,-0.07614096303941181,0.8777995329629332,2.1186857530837786
BIGSTAR_ALL,wind,0.9427504529289404,7.8835631351741355,3.058088304368248,-7.95227701783202,0.010065087566261826,0.18385559954371603,16,7,3.584460547504026,0.0301016918579543,0.003282679908673472,0.05796929427949375,-0.01690105717415476,0.05901391640458987,0.0362613435558667,-0.0017662820948146744,0.012600972679986246,0.8430444325720485,1.7176436939233009
BKSL_RN,other,-5.7293618734482985,10.751739671375972,7.278985439173321,4.206137608613342,0.04462188821042743,0.6736227605180165,8,21,4.874202898550726,-0.034801416905573195,-0.004121180484025267,-0.06721478826260183,6.184749132152191e-05,0.02527084842384289,0.026183581928851053,-0.012656817526473534,0.06025240013148479,0.9064678594297514,2.5682991467388328
BLACKJAK_RN,other,-4.943343622089512,31.791485987133708,7.577426692612226,-21.700239515695035,0.04482318996175267,0.4608468093672415,9,19,15.562206119162642,0.03391335028691599,-0.055778558756435295,-0.008862807687119856,0.02365006152933983,0.009403218535032905,-0.018115853024574836,-0.020893748605412883,0.002416828859803823,0.9693265338175573,1.8910816561662134
BLSMT1_5_A_6,other,-4.895024491713079,9.99226520944951,6.363408038649936,4.327219194936407,0.03180567670938737,0.6355767295175468,7,16,4.028486312399354,-0.03859308401964742,-0.005645218002163659,-0.0652432235898319,-0.007741461923325664,0.02392595980522299,0.029621632692239133,-0.01891015933048294,0.04068918832649837,0.9608910314880302,1.503468566461029
BLUEJAY_RN,other,0.5449681272227068,5.000807601935745,2.515458632490103,-2.420045049933428,0.00409313561027981,0.2747768905589479,16,4,2.745603864734299,0.02795844919365872,0.04120312239493563,-0.004366816016049889,0.027071531364171227,-0.0230609334761875,0.009830028881052028,-0.01997998573590305,-0.004225848882241513,0.6385423959532106,2.167964360695555
BLVN_RN,other,-0.9430786486302767,7.820291575825774,3.636680715111141,3.129314669225468,0.015231832516942897,0.38287593102059986,19,15,9.56557911908646,,,,,,,,,,
BOARDCRK_ALL,wind,0.07334563510702541,4.630225344315106,2.2945494195799503,6.191142054454482,0.0035563309400791785,0.3263101388982084,19,15,1.9505797101449276,0.007564550094922677,0.05049477028008978,-0.00251077954309235,0.07045616423461092,-0.008250148751506346,0.0015672221508122059,-0.02414571106541568,-0.018958987578127893,0.8201366369773664,1.3125442902287061
BOCO_ESS_RN,storage,-1.6131429913440245,14.346423974650987,8.324547406562436,3.5577859172721307,0.06220224115949809,0.46447024089109573,7,15,6.752898550724637,-0.0367732537662981,-0.004792980882509193,-0.01767279851979292,-0.017659523203427663,0.016607925304178237,-0.010052369876929894,-0.0003890528255386236,-0.051509244244189505,0.5769498980940015,7.788219248689485
BOOTLEG_UN1,other,7.105637791048783,18.505518500128073,11.958925048647922,4.642109401547235,0.12346507414614508,0.27189156545661947,4,14,22.40450885668277,-0.04110471493041249,-0.01982648267673416,0.03854799776170019,-0.001361360861090765,-0.047205440343747226,-0.02427155583321942,-0.03222986278120603,0.04124834673337348,0.9525100278807656,3.3482847301608176
BORDAS_345,other,-10.671200429443736,31.541395486449346,13.219473931423204,-13.837132948432268,0.16540293900556935,0.5366704690330806,13,19,27.180660225442836,0.024193692484548106,-0.052224173253463166,-0.026626128436192775,0.0065512604112804886,0.029560936929791747,-0.058197393154617985,-0.029248986143276617,-0.024523494129571503,0.8836800600487709,6.262112088702163
BOSQUESW_CC1,thermal,-0.46723008790176473,9.234859739886817,3.4898121183654296,11.06142143865084,0.00925988056096088,0.4081728511038046,19,15,7.222125603864734,-0.009842925777337884,0.022586142228594303,0.019440897520837504,0.06816418312899515,-0.004882880949644515,0.05383905398401871,-0.08309407663639934,-0.05368098811755739,0.7610417068237758,2.4404929941712274
BOSQUESW_CC2,thermal,-1.2888284238072871,7.8421318234043715,3.598096356438301,4.798692582559327,0.011809702744413876,0.43655639804066293,19,15,7.271207729468599,-0.012604394788541563,0.01006810953794162,0.011606027080511382,0.061180006520830915,-0.012028774437034635,0.053947572705623635,-0.06482190550696182,-0.06086847236756422,0.5979600666183174,3.40434487213087
BOSQ_BSQSU_5,other,-1.0244722539086089,7.66516881700422,3.4982627658860634,5.376964953116726,0.010132188150036905,0.42447829296114875,19,15,7.326296296296297,-0.00856012819413884,0.015669141700504634,0.019067654871570517,0.07032091309230064,-0.009970674164961614,0.05908789874047468,-0.07434112879318393,-0.05992855521519915,0.7386112198466839,2.657926843782327
BOSQ_BSQS_12,other,-1.0244722539086089,7.66516881700422,3.4982627658860634,5.376964953116726,0.010132188150036905,0.42447829296114875,19,15,7.326296296296297,-0.00856012819413884,0.015669141700504634,0.019067654871570517,0.07032091309230064,-0.009970674164961614,0.05908789874047468,-0.07434112879318393,-0.059928555215199145,0.7386112198466839,2.657926843782327
BOSQ_BSQS_34,other,-0.46723008790176473,9.234859739886817,3.4898121183654296,11.06142143865084,0.00925988056096088,0.4081728511038046,19,15,7.222125603864734,-0.009842925777337884,0.022586142228594296,0.019440897520837507,0.06816418312899518,-0.00488288094964452,0.053839053984018746,-0.08309407663639934,-0.0536809881175574,0.7610417068237759,2.440492994171227
BRANDON_RN,other,-5.460850835402268,12.49565149865139,7.993826746292693,4.019551492982462,0.054351472857813866,0.6379252499496746,8,21,6.488953301127215,-0.03233229517260879,0.0012235747003039798,-0.06341526147711611,0.0008625051089475252,0.03199331193915148,0.016219162747887046,-0.01366506108996553,0.05449886697208768,0.8042596352057492,4.181858608794495
BRAUNIG_CC1,thermal,3.14553714017312,15.792620775601636,4.3623673085955845,18.718125604504202,0.021807689726900625,0.1411796282627659,18,11,6.658180354267311,-0.0017497752109794608,0.025403655696003898,0.06493289098217006,-0.03077488593696302,0.07556034533429182,0.014068687980544142,-0.017909244973534397,-0.018140234879085167,0.8520373330306724,2.6043838924283444
BRAUNIG_VHB1,other,3.917646782527008,19.655994930418757,4.742190834060256,22.375695519447866,0.02375360665637791,0.11252767899080722,18,2,7.662408382956252,0.00041665992619710447,0.029565814412875608,0.06425473971580355,-0.03694301394079815,0.07499324776297461,0.005156024700890882,-0.019007902307365064,-0.0029304731988616683,0.8972319991424941,2.2263968950208977
BRAUNIG_VHB2,other,3.803922029121653,17.674741871722173,4.631827819902034,21.298416049857202,0.023485204321277594,0.11279608132590753,18,2,7.584833753469702,0.0006691751796124788,0.029466183232086003,0.06433108937806224,-0.03702704971159744,0.07493889372323033,0.005615557010948335,-0.01883657215507806,-0.002227909460051192,0.8971568851242457,2.2190606985065386
BRAUNIG_VHB3,other,3.9997570958867343,23.101871499171637,4.899163926726163,23.869017620061356,0.02321680198617728,0.118298329195464,18,11,7.903011272141707,-0.0010814546048898796,0.02973144618973272,0.06582642058545082,-0.03515406225415305,0.07377868557621191,0.010191362154549943,-0.019254930300226403,-0.008290293813991035,0.9000699624162032,2.1764274232020493
BRAZ_WND_ALL,wind,-1.5807877608535197,12.118992155279638,6.550985707575656,4.813857683368407,0.03482520297926592,0.42420989062604847,7,15,4.579468599033817,-0.04419401797963879,-0.006519673650775184,-0.03013351564017964,-0.020940169314523787,0.001772664762507415,-0.0005826609238845789,-0.010247353234863955,0.004206909743844261,0.7845470071195593,4.280432764758091
BRA_AVR1_CT2,thermal,3.1455364691672814,15.79262071613646,4.362366637589746,18.718125942428287,0.021807689726900625,0.1411796282627659,18,11,6.658180354267311,-0.0017497816709365931,0.02540365226055678,0.06493288917700858,-0.03077490495543489,0.07556033631301193,0.01406869236151999,-0.01790924473680303,-0.01814024698247186,0.8520373155337447,2.604383971106295
BRA_AVR_CST1,other,3.1455364691672814,15.79262071613646,4.362366637589746,18.718125942428287,0.021807689726900625,0.1411796282627659,18,11,6.658180354267311,-0.0017497816709365931,0.02540365226055678,0.06493288917700858,-0.03077490495543489,0.07556033631301193,0.01406869236151999,-0.01790924473680303,-0.01814024698247186,0.8520373155337447,2.604383971106295
BRHEIGHT_RN,other,2.500899818828424,11.030652356020074,5.084644031403074,-3.6210609561803464,0.036905321076293365,0.24330671676843588,15,7,12.723913043478259,0.04306836896354226,0.02834457999236345,-0.013422735621893224,-0.033548778292846276,-0.030553784198923975,-0.007893552781000474,-0.023611280355754074,0.0010877888540368763,0.9267411266694068,2.159249467734923
BRIGHTSD_U1,other,-0.9989055894786284,16.262330493447777,4.72793867006643,-18.620687063541414,0.020532778635174127,0.2974568878749245,14,19,6.685169082125604,0.03524872940664767,-0.041803263630099376,0.018897438079527182,0.016255547198269597,0.02088766739622274,0.0007287397272193925,-0.01960761028307898,0.004697001213371509,0.7890499233176902,3.163066152549383
BRISCOE_WIND,wind,-7.352108971348051,12.391033687761086,8.852163993826746,2.2070083057056142,0.07709857075756558,0.688586190699859,8,21,4.646425120772948,-0.030070114967106425,-0.0014700177681608686,-0.06651027314860226,0.0015989598834816937,0.023486737508098966,0.03614737156282399,-0.027591221098987755,0.08171035206622193,0.8676367135907711,3.6909439916434605
BRPANGLE_RN,other,-0.15082667919210913,9.03838146679728,2.972068039991948,-14.424254461478052,0.007515265382808831,0.27672280748842515,15,7,3.421046698872786,0.046353381248606516,-0.00378434240607992,0.01168364873836742,0.01520172493356231,-0.005710076198415659,0.04571260405963663,0.020900456691091057,0.04654427973671826,0.8768070845964959,1.4328680838876433
BRPMAGNO_RN,other,2.0787646782527003,10.455344474829726,4.727617929275985,-5.000111908138383,0.029457156277259613,0.24619204187076427,15,7,11.128325281803544,0.0441968725728927,0.02667300528302464,-0.012527040953678225,-0.029858152650893713,-0.031090978509371783,-0.0034839788107140415,-0.01699104098971341,0.0062780130632234385,0.9220970969117325,2.0159235703770446
BRP_BRAZ_RN,other,-0.18232168019861775,8.980687352728841,2.949946990538818,-14.651486307358802,0.007313963631483594,0.27893712675300275,15,7,3.3763446054750403,0.04717842717301497,-0.0024854290645819296,0.010901940598063443,0.014793953721448098,-0.008019718196689705,0.04572413593281601,0.01905652006151227,0.048859581783104296,0.9035305667862569,1.2618571410898054
BRP_DIKN_RN,other,2.3446822787358252,10.74203844180842,4.944706434945984,-4.234388161446317,0.033885794806414814,0.24350801851976112,15,7,12.115539452495975,0.04351294287191436,0.028130746037921168,-0.013729434608703451,-0.03181387598957276,-0.031399319183879414,-0.006476868406370512,-0.021568042497127227,0.002155251768727769,0.9308061300996968,2.0132619633687296
BRP_LOOP_RN,other,-2.6305831040730054,24.452082287329624,5.9550412668590225,-21.257491246800104,0.029859759779910084,0.374488358048715,8,19,11.558872785829308,0.03571107882503798,-0.049692934300321165,0.005270009817632258,0.02672290876329281,0.005041909638364988,-0.004234961422369744,-0.023997496057764557,0.015201886219828905,0.9085883333952891,2.597487799153067
BRP_LOP1_RN,other,-4.917252231094411,29.43089837584687,9.611254780916594,-17.955436195186085,0.0903844863450312,0.42447829296114875,15,20,20.94694041867955,0.030841888046921874,-0.04016990196327056,-0.02394449981081635,-0.002325222513226668,0.02783580074553138,-0.051169061187919154,-0.014936239909988741,-0.025489682964556042,0.7736704883711337,6.596556839645179
BRP_PBL1_RN,other,6.657015366033685,16.27515774153076,9.645161376903978,4.453231971380143,0.08266791921089714,0.20445547876266523,20,13,19.847165861513687,-0.01418598418092229,-0.005260334739168743,0.056895962219285064,0.008141557011093741,-0.024326067135150297,0.04692216667237868,-0.0013627533698630147,0.06669639198154279,0.5175805726104873,9.082560184513355
BRP_PBL2_RN,other,6.6375823659665825,16.265109271061174,9.630719318258068,4.461005393065868,0.08253371804334697,0.20499228343286588,20,13,19.888760064412235,-0.014068123298577605,-0.005178875229968181,0.05703218473678587,0.008205860535601683,-0.0241103124739295,0.047516058002507584,-0.0014274121995115185,0.06652253663661313,0.5184494741200314,9.065556557348456
BRP_RN_UNIT1,thermal,3.7531819096826142,18.96642093026238,4.641468831778837,22.124010026564285,0.020801180970274443,0.11802992686036369,18,11,7.309243156199678,-0.0002948344506658313,0.031103208761260877,0.06539222877641696,-0.035724874125906525,0.07119296793342131,0.005823307949537697,-0.023220198425975228,-0.009784140031639242,0.8924707337223503,2.2132256336102922
BRP_SWNY_RN,other,-0.14168489565859232,8.967634387844047,2.9501959337046233,-14.708753836734745,0.007179762463933436,0.27638730456954974,15,7,3.478421900161031,0.047578150040430395,-0.0018018624041883828,0.010387603334773456,0.013741425739018093,-0.008687935739087202,0.04478569577426538,0.01852298466588469,0.04781576046437742,0.9088327949514619,1.225324151761306
BRP_ZPT1_RN,other,-4.284682278735825,28.752072936385222,9.5158531839227,-17.437875191156312,0.08696235657250218,0.4073676440985037,15,20,18.689098228663447,0.02923926468480608,-0.039585855147808276,-0.02016498962816884,-0.0028197970258203057,0.028058006673356513,-0.046044202543236545,-0.011209161208369433,-0.025032454398311164,0.7025907454112622,7.390520114830429
BRP_ZPT2_RN,other,-4.28273569080051,28.750657024073778,9.513977722606187,-17.440272811366768,0.08696235657250218,0.40709924176340334,15,20,18.686119162640903,0.029241354896411588,-0.039584641592682865,-0.020157395796633323,-0.0028257680627017077,0.028052614793719795,-0.04603315520838758,-0.011206269986196296,-0.025016378334612715,0.7025316372192268,7.390531360472664
BRTSW_BCW1,other,-1.008405690129504,11.832390098801731,4.908573441588942,10.11045296477736,0.02214319264577602,0.47426692612225724,18,23,5.126392914653785,-0.02532884044409168,0.02581225011639976,-0.04124203628779992,-0.015265745324058473,0.027323860568339225,-0.017934554012337536,-0.052173388486243574,0.023110287000170936,0.5963190389753694,4.55340883190607
BR_ARROW_ALL,wind,0.25238207072401536,6.725659575663966,3.2377219351808364,6.509764155453986,0.00637455545863249,0.37019392068711,19,14,4.926924315619967,-0.007312535533972728,0.043617617719208614,0.0071790330383709675,0.07355892650441129,0.020964369846799634,-0.044187182208456,0.032260646422935184,0.030788858171916757,0.8501789328408427,1.8254779517566486
BR_VHB6CT5_6,other,3.8806985170770987,17.749874325202732,4.687593773065825,21.066348883839016,0.02435751191035362,0.11078306381265517,18,2,7.59216067159384,0.0009882929816665024,0.02982098505728094,0.06314378251039154,-0.037783564323749685,0.07457651153434003,0.0027335242056161645,-0.019107030487745747,-0.00030605307625927513,0.8889122556911871,2.345161993566942
BR_VHB6CT7_8,other,3.8627907132792054,17.69655683756389,4.668531839227001,21.219568538569064,0.024022008991478227,0.11085016439643025,18,2,7.5583664369574315,0.0010076489784014437,0.029792853466192242,0.06320092392785341,-0.03776172132744685,0.07459533740307221,0.003139351071611461,-0.018942788108387544,-0.00029280140655579037,0.8892313817925483,2.3189699400233907
BSS_U1,other,0.06493122190163049,9.067626533619167,3.0843125545192245,-14.226214105857345,0.007716567134134067,0.2673287257599141,15,7,3.7558454106280195,0.047534788903279564,7.816524527691774e-05,0.007852372619656468,0.010268597946873034,-0.00873573905583933,0.04328258255146838,0.014341136414706952,0.04409106125950457,0.8846200627590097,1.4379167007073308
BTE_BTE_G1,thermal,1.991752667248205,8.997703813992086,4.298022545796148,-4.532796729029052,0.02328390256995236,0.24310541501711064,15,6,9.857391304347827,0.04300756584702753,0.0315381192955311,-0.014790067006764749,-0.030815263010127766,-0.03649303273762225,-0.00377482607366623,-0.017842406126987592,-0.0025703951637397146,0.962003547153292,1.2710201610087524
BTE_BTE_G2,thermal,1.991752667248205,8.997703813992086,4.298022545796148,-4.532796729029052,0.02328390256995236,0.24310541501711064,15,6,9.857391304347827,0.04300756584702753,0.0315381192955311,-0.014790067006764749,-0.030815263010127766,-0.03649303273762225,-0.00377482607366623,-0.017842406126987592,-0.0025703951637397146,0.962003547153292,1.2710201610087524
BTE_BTE_G3,thermal,1.991752667248205,8.997703813992086,4.298022545796148,-4.532796729029052,0.02328390256995236,0.24310541501711064,15,6,9.857391304347827,0.04300756584702753,0.0315381192955311,-0.014790067006764749,-0.030815263010127766,-0.03649303273762225,-0.00377482607366623,-0.017842406126987592,-0.0025703951637397146,0.962003547153292,1.2710201610087524
BTE_BTE_G4,thermal,1.9917519962423673,8.997704068814274,4.298023216801986,-4.532796152423686,0.02328390256995236,0.24310541501711064,15,6,9.857407407407408,0.04300756501870089,0.031538123848889675,-0.014790061654663293,-0.0308152621966324,-0.03649303395572114,-0.003774826553207545,-0.0178423994748561,-0.0025703871093043684,0.9620035524158295,1.27102014578683
BTE_CC1,thermal,1.991752667248205,8.997703813992086,4.298022545796148,-4.532796729029052,0.02328390256995236,0.24310541501711064,15,6,9.857391304347827,0.04300756584702753,0.0315381192955311,-0.014790067006764749,-0.030815263010127766,-0.03649303273762225,-0.00377482607366623,-0.017842406126987592,-0.0025703951637397146,0.962003547153292,1.2710201610087524
BTE_PUN1,other,1.9905146614775548,8.997537247683743,4.297503858283567,-4.5327582804920645,0.02328390256995236,0.24330671676843588,15,6,9.857665056360707,0.04300156541872819,0.03152235215687831,-0.01479612618997263,-0.030851949166085184,-0.036506046979512,-0.0037776133747429983,-0.01784124162004928,-0.0025903941676458197,0.9619007402919915,1.2727015040515086
BTE_PUN2,other,2.0841280279138426,8.94885132579873,4.261450714621216,-4.603176502642442,0.023015500234852042,0.23572435080185197,15,6,9.726199677938808,0.043102802493414284,0.03241514562409358,-0.014069510702243746,-0.031162127323803947,-0.03590703506680545,-0.0037914380523620264,-0.019931374826614806,-0.0029900514485340516,0.973017683580075,1.057453896054551
BTM_ALL,wind,0.28106488626451054,8.657962266181391,3.113357713212105,-13.175219707941551,0.008454673555659934,0.258739851036704,15,7,4.919645732689211,0.04876976932147854,0.009637784808688191,0.0024746096099456318,0.0017661015244618834,-0.01859384461068608,0.03372051920470153,0.01291329257236773,0.037423932849935816,0.9104724100973511,1.281826948853886
BUCHAN_ALL,wind,3.6271146748976717,15.096591507345194,4.982759847010669,12.027400262785594,0.03314768838488895,0.1509763134939274,16,2,10.976415937606497,0.0009235802549787097,0.031112884281496545,0.03117497718848947,-0.049912635710243215,0.07268980348675287,-0.03984082899372498,-0.014066928194351366,0.03434414591097229,0.783102467943639,3.9852335646565455
BUCKTHRN_RN,other,1.053411393679125,12.147536149486024,4.086996577870227,14.228585877474732,0.017311950613970343,0.37972220358317116,18,1,5.8101344942034165,-0.007863884844578842,0.04791037840625827,-0.014125516441890484,0.008272861247370242,0.012183361859930015,-0.03154387367097406,-0.07937308179627202,0.012728575644250442,0.5778994169433085,4.139108800850203
BUFF_GAP_ALL,wind,-2.711101120579749,10.750904923726667,5.213083271824465,7.635406599423793,0.025431121250754883,0.4685633765013756,20,15,5.860901771336554,-0.04638043340152052,-0.014488908271181149,-0.02714973120091189,-0.018117124332352203,0.009458305130984985,0.0074746858109380815,0.031223267729231667,-0.03822960837410554,0.9042670101980744,2.271326263059042
BULLCRK_1_2,other,1.5640267060323427,14.15636082125659,7.767044890290546,4.371127969683423,0.04623230222102932,0.35845131852647116,20,15,11.832012882447666,-0.04037714538673518,-0.012415491751921633,0.014556784778641068,-0.022286494172866624,-0.010313853205160687,-0.00994171164279624,0.001585136550283391,-0.06670719707797909,0.7189283972518343,6.159522832925829
BVE_CC1,thermal,-0.702563242300208,10.999574574453328,3.7511360128833124,-16.464611451811383,0.014762128430517345,0.32751794940615986,12,7,4.534363929146538,0.03679961078469767,-0.0016107039894568455,-0.0037700472437345264,0.009696207412880914,-0.019665531420350865,0.04089669379316821,0.03867338859259975,0.03819751988682481,0.5981165813932021,3.7068471639010725
BVE_UNIT1,thermal,-0.70105012413608,10.999259114962271,3.750491176273234,-16.466350679479802,0.014762128430517345,0.32738374823860966,12,7,4.538760064412239,0.036823041085008654,-0.0015892453197311998,-0.0037832371870398923,0.009710010208253489,-0.019694366806179822,0.04089157523481669,0.03870073418678924,0.03820240221864287,0.5988198756956633,3.7031658609073275
BVE_UNIT2,thermal,-0.702563242300208,10.999574574453328,3.7511360128833124,-16.464611451811383,0.014762128430517345,0.32751794940615986,12,7,4.534363929146538,0.03679961078469767,-0.0016107039894568435,-0.003770047243734525,0.009696207412880915,-0.019665531420350865,0.04089669379316824,0.038673388592599764,0.03819751988682482,0.5981165813932023,3.7068471639010716
BVE_UNIT3,thermal,-0.7023626115547205,10.99955649022465,3.7509353821378246,-16.464746708573905,0.014762128430517345,0.32745084882238473,12,7,4.534605475040258,0.036799804556267905,-0.0016115755078983068,-0.0037738045279955773,0.009697539704962536,-0.019663113667607295,0.04089874428867886,0.0386733984894638,0.03819438275542384,0.5981222322285962,3.706791504646473
BYRDR_ES_ALL,wind,-0.14168489565859232,8.967634387844047,2.9501959337046233,-14.708753836734745,0.007179762463933436,0.27638730456954974,15,7,3.478421900161031,0.047578150040430395,-0.0018018624041883828,0.010387603334773456,0.013741425739018093,-0.008687935739087202,0.04478569577426538,0.01852298466588469,0.04781576046437742,0.9088327949514619,1.225324151761306
BYU_BYU_1,other,2.66533718043347,10.6321061394716,5.044255519023015,-3.08040467150553,0.0371066228276186,0.240018788163457,15,6,12.653462157809985,0.04213144390025148,0.030996736348703743,-0.014854188159545312,-0.03557544463846395,-0.03277615395641914,-0.01037611432039857,-0.02638253677580634,-0.003367900508393265,0.950549468072573,1.7778787587046538
BYU_BYU_12,other,2.66533718043347,10.6321061394716,5.044255519023015,-3.08040467150553,0.0371066228276186,0.240018788163457,15,6,12.653462157809985,0.04213144390025148,0.030996736348703743,-0.014854188159545312,-0.03557544463846395,-0.03277615395641914,-0.01037611432039857,-0.02638253677580634,-0.0033679005083932646,0.950549468072573,1.7778787587046538
BYU_BYU_34,other,2.66533718043347,10.6321061394716,5.044255519023015,-3.08040467150553,0.0371066228276186,0.240018788163457,15,6,12.653462157809985,0.04213144390025148,0.030996736348703743,-0.014854188159545312,-0.03557544463846395,-0.03277615395641914,-0.01037611432039857,-0.02638253677580634,-0.003367900508393265,0.950549468072573,1.7778787587046538
BYU_CC1,thermal,2.6653626786553044,10.632134321566364,5.04428101724485,-3.080362698369732,0.0371066228276186,0.240018788163457,15,6,12.653574879227053,0.04213147373332156,0.030996700163561066,-0.014854174633665423,-0.03557534183665931,-0.03277598038864586,-0.010376113656454683,-0.026382318732492045,-0.003367769847747596,0.9505485318922828,1.7779011004696532
BYU_G4_RN,thermal,2.66533718043347,10.6321061394716,5.044255519023015,-3.08040467150553,0.0371066228276186,0.240018788163457,15,6,12.653462157809985,0.042131443900251475,0.030996736348703747,-0.014854188159545312,-0.03557544463846395,-0.03277615395641912,-0.01037611432039858,-0.026382536775806337,-0.003367900508393262,0.950549468072573,1.7778787587046534
BYU_PUN1,other,2.665486814735288,10.631968836341898,5.044057572300879,-3.0805305338270474,0.0371066228276186,0.240018788163457,15,6,12.653365539452496,0.042129421073493,0.031002125171533702,-0.014854162690091006,-0.03557610300353021,-0.032774980120936985,-0.010371349149297744,-0.026388347933928243,-0.0033670458804762474,0.9505471982580365,1.7778780402346577
BYU_PUN2,other,2.665743809971147,10.632282573169972,5.044654096490639,-3.0803397124027407,0.0371066228276186,0.240018788163457,15,6,12.654476650563607,0.04213322731177747,0.03099262535693849,-0.014856459715531156,-0.035581029780964925,-0.03277278873718958,-0.010372481977307585,-0.026378635319598737,-0.0033627835978916948,0.9505753979880568,1.7774622357115581
BYU_PUN3,other,2.66533718043347,10.6321061394716,5.044255519023015,-3.08040467150553,0.0371066228276186,0.240018788163457,15,6,12.653462157809985,0.04213144390025148,0.030996736348703743,-0.014854188159545312,-0.03557544463846395,-0.03277615395641914,-0.01037611432039857,-0.02638253677580634,-0.0033679005083932646,0.950549468072573,1.7778787587046538
BYU_PUN4,other,2.6653465745151985,10.632095857646977,5.044240756894585,-3.0804133365220836,0.0371066228276186,0.240018788163457,15,6,12.653462157809985,0.04213130267796961,0.030997127087984903,-0.014854176949988921,-0.03557550302722217,-0.03277607502564763,-0.0103757966641863,-0.026382953076106674,-0.0033678649419440535,0.9505495312805122,1.777874524403562
B_DAVIS_3,other,-5.0942535060055025,31.339070565427782,8.12694222639737,-20.76939053427988,0.051331946587935315,0.47232100919278,9,19,16.648760064412237,0.033809096958026835,-0.055338310199232445,-0.008798325486727085,0.020931387635024685,0.013947497284027697,-0.023254313624366856,-0.023613570352722664,-0.0016713092310272292,0.9646893351819732,2.139026762016699
B_DAVIS_4,other,-5.093971683553647,31.339132455206286,8.12743474468228,-20.769299324996513,0.051331946587935315,0.47232100919278,9,19,16.649967793880837,0.03380877242368231,-0.0553374862305879,-0.008803402246121105,0.020929533661458402,0.013952565410631045,-0.023264423897045045,-0.023614756847404154,-0.001671105263066258,0.9646921312782376,2.1389962758509786
B_DAVIS_CC1,thermal,-5.126167214654768,31.343645526893244,8.134140106018924,-20.757940143214633,0.051935851841911025,0.4728578138629806,9,19,16.66175523349436,0.033491033768224696,-0.05520591751800443,-0.0093181701706788,0.020292399658499407,0.013666761733140605,-0.022296680474762638,-0.023531362925370978,-0.002115851302833209,0.9519888876713263,2.4977421730012894
B_D_B_DAVIG1,other,-5.093992484734618,31.33904614240036,8.127200563644903,-20.7694695200221,0.051331946587935315,0.47232100919278,9,19,16.65,0.033809070768443875,-0.05533797359993235,-0.00880494634589957,0.020931242988976605,0.013952556771678728,-0.023265061498705098,-0.02361479613123873,-0.001671441245380382,0.9647162456402444,2.138221508409813
B_D_B_DAVIG2,other,-5.094083070522713,31.339115453664967,8.127373012145206,-20.769325099987213,0.051331946587935315,0.47232100919278,9,19,16.650305958132044,0.033808886142432916,-0.05533716662909065,-0.008804358721263778,0.02093083143417374,0.01395177028085748,-0.02326551721846295,-0.023615133235628,-0.0016703233532557927,0.9646950763090368,2.1389005725094505
CABEZON_ALL,wind,-9.653067167684359,31.485485750920176,12.245559954371604,-15.616642133629398,0.14426625511641952,0.5313695229148494,13,19,24.634734299516907,0.025029197836902075,-0.05420917457482911,-0.024647014224702612,0.008286018677582812,0.02820606266985448,-0.05456822569019564,-0.027809457015583107,-0.020665814140683296,0.904099782439143,5.191742712688509
CACH_ESS_RN,storage,2.206947862143974,7.340829217942802,3.2983828427707156,9.123855401423285,0.010601892236462457,0.1367509897336107,17,4,4.102659053833605,,,,,,,,,,
CALAVER_JKS1,other,3.6618935784741327,18.8471389961457,4.791170905186875,20.12965627350632,0.024827215996779173,0.13366436287995706,19,11,8.236747181964574,-0.005634713578798149,0.0310419363044124,0.06290079055750403,-0.031491133780138736,0.07469811091888671,0.014406053554002502,-0.016633091855406807,-0.017168729850120853,0.887238556443976,2.5018553599312088
CALAVER_JKS2,other,3.6605690129504125,18.846487002202007,4.790231497014023,20.131679782374995,0.024827215996779173,0.1337985640475072,19,11,8.234170692431562,-0.005631846126754377,0.0310357116444251,0.06289521959968422,-0.031490691469851624,0.07471810069357827,0.014389668214057275,-0.016622101147795033,-0.017162240272265317,0.8872439565194675,2.501533767693266
CALAVER_JTD1,other,4.044202509561833,19.333366289745445,4.866396698651278,20.362213538899663,0.025095618331879486,0.11272898074213246,18,2,8.454844133309399,-0.001193984862674948,0.029828512445827637,0.0629534942941969,-0.03748825252158332,0.07433100566589292,0.004620092218521313,-0.019333032064465083,-0.0020151543764372806,0.8841934070152672,2.5749272235721348
CALAVER_JTD2,other,4.044202509561833,19.333366289745445,4.866396698651278,20.362213538899663,0.025095618331879486,0.11272898074213246,18,2,8.454844133309399,-0.001193984862674948,0.029828512445827637,0.0629534942941969,-0.03748825252158332,0.07433100566589292,0.004620092218521313,-0.019333032064465083,-0.00201515437643728,0.8841934070152672,2.5749272235721348
CALAVER_OWS1,other,4.08468965980004,18.970528238686178,4.8851754680265715,20.14971572258894,0.025699523585855196,0.11044756089377977,18,2,8.451327344764163,-0.0005757999063304186,0.030038299993650458,0.06145228757248381,-0.03809715108652896,0.07406653210610843,0.001912843446295478,-0.01909358114524198,0.0010222852822655084,0.8710139101681247,2.740194075501944
CALAVER_OWS2,other,4.058199691337315,18.96104186915295,4.866320203985774,20.183733292301273,0.02563242300208012,0.11138696906663088,18,2,8.425843849749867,-0.000612562508203408,0.02987711452493695,0.06249786438155691,-0.037930240662435395,0.07437072647190412,0.0033414351097742984,-0.019108738067661144,-0.00019923724721024934,0.8818524180022984,2.599726823579679
CALHOUN_ALL,wind,-2.551533919345098,25.642474504891997,5.936412131785547,-23.16680916942646,0.02784674226665772,0.3907266993222841,9,19,9.938985507246377,0.03547147297421625,-0.049696436364696304,0.00689264374496099,0.02934200507771957,0.007647468720379788,-0.0002604226654090245,-0.02322740836266405,0.01701283933924274,0.9167560942003469,2.3641754393306855
CALLAHA_WND1,wind,-2.6646977118700934,15.01535399440579,6.614554787626653,-3.138736369550009,0.0380460310004697,0.41877474334026704,20,16,8.814653784219002,-0.03749044105589708,-0.01406881481664743,-0.016938046115127052,-0.011900981253981688,-0.006163641912877741,0.00906388735153664,0.021701289811047363,-0.03126513323136778,0.576846206567845,6.07350035349112
CAL_CALGT1,other,2.348895524391062,9.480495558183824,4.562600147621284,-4.0853608901168,0.028651949271958667,0.2347178420452258,15,6,10.813816425120773,0.04307192667822889,0.0319916202315499,-0.013715917144624083,-0.03335555201161886,-0.033439404201811455,-0.006292440652855642,-0.022170962183104492,-0.0008981814765004779,0.9703781469702101,1.2057266837659921
CAL_CALSTG1,other,2.348895524391062,9.480495558183824,4.562600147621284,-4.0853608901168,0.028651949271958667,0.2347178420452258,15,6,10.813816425120773,0.04307192667822889,0.0319916202315499,-0.013715917144624083,-0.03335555201161886,-0.033439404201811455,-0.006292440652855641,-0.022170962183104492,-0.0008981814765004758,0.9703781469702101,1.2057266837659921
CAL_CC1,thermal,2.348895524391062,9.480495558183824,4.562600147621284,-4.0853608901168,0.028651949271958667,0.2347178420452258,15,6,10.813816425120773,0.04307192667822889,0.0319916202315499,-0.013715917144624083,-0.03335555201161886,-0.033439404201811455,-0.006292440652855641,-0.022170962183104492,-0.0008981814765004758,0.9703781469702101,1.2057266837659921
CAL_PUN1,other,2.348895524391062,9.480478891779125,4.562600147621284,-4.08527736271605,0.028651949271958667,0.2347178420452258,15,6,10.813832528180354,0.04307191794226195,0.03199165860126449,-0.013716015771207919,-0.033355544493662334,-0.0334394121840822,-0.0062923884609697375,-0.022170867052056037,-0.0008982589706935789,0.9703784020250849,1.205721815328955
CAL_PUN2,other,2.348895524391062,9.480478891779125,4.562600147621284,-4.08527736271605,0.028651949271958667,0.2347178420452258,15,6,10.813832528180354,0.04307191794226195,0.03199165860126449,-0.013716015771207919,-0.033355544493662334,-0.0334394121840822,-0.0062923884609697375,-0.022170867052056037,-0.0008982589706935789,0.9703784020250849,1.205721815328955
CAMWIND_RN,wind,-9.948372810843455,35.7589078835442,12.835937730658257,-18.006843250129375,0.1471515802187479,0.55317721264175,9,19,22.535136876006447,0.024171579867282623,-0.05719002684643131,-0.017363575042432706,0.02136269351921096,0.02557586085756402,-0.033678176413074336,-0.019309558397719005,-0.0032983613186652965,0.8672265087515062,6.248150881606341
CANYONWD_ALL,wind,-3.0228390256995232,10.376953673727819,5.777285781386299,6.347144468395039,0.021136683889149837,0.5287526001476213,19,15,5.102914653784219,-0.04483017606743537,-0.007061104030847981,-0.03736893981531502,-0.013504463610479123,0.01659320619384743,0.01151334574197851,0.00616037558840149,-0.023794613934451182,0.8530396204104708,2.891714917353939
CAPRIDG4_CR4,other,-1.660597195195598,12.166460143146569,6.230090585788097,7.8631603521579265,0.028719049855733744,0.45937059652418977,20,15,7.235748792270531,-0.044390842020590224,-0.012307207645790016,-0.009193405673018823,-0.02680290405515892,0.007623243735928361,0.0023439882552544677,0.019485337942166937,-0.06073191006946251,0.8300484773052662,3.547076412581335
CAPRIDGE_ALL,wind,-1.660597195195598,12.166460143146569,6.230090585788097,7.8631603521579265,0.028719049855733744,0.45937059652418977,20,15,7.235748792270531,-0.044390842020590224,-0.01230720764579002,-0.009193405673018826,-0.02680290405515893,0.007623243735928361,0.0023439882552544807,0.01948533794216696,-0.0607319100694625,0.8300484773052661,3.547076412581336
CARBN_BSP_1,other,8.033315439844326,19.106954184815784,12.38577601825136,2.8007961823090874,0.13748909615513655,0.25578742535060056,21,15,18.842608695652174,-0.03765164560972572,-0.01611276710106361,0.03585178838299791,-0.018547735321891717,-0.043615317926429184,-0.017898594103781886,-0.012257820535771524,-0.018447561078247136,0.780836079735632,8.03793924840596
CARN_ESS_RN,storage,-4.778079668275441,31.242540912484944,7.8936054652980765,-20.92491651423315,0.04744011272898074,0.45386834865463327,11,19,17.0442251223491,,,,,,,,,,
CASL_GAP_UN1,other,8.562163993826747,19.720260155910122,13.182044554787627,3.463715992108664,0.1499698047373012,0.2702140508622425,4,15,24.969194847020937,-0.04033576522632909,-0.02046739347394603,0.03635599187490384,-0.0017178551929713554,-0.04987220603627561,-0.02710603690227032,-0.031266057532810185,0.04270792002076228,0.9414781304567801,4.17363229624801
CATARINA_B1,other,9.786379923505333,18.4361945287518,11.705814936589949,3.072366260407945,0.1252767899080722,0.1148090988391599,20,16,16.033107890499195,-0.005290150847906966,0.0025327938322157744,0.048215080962643375,-0.003881713407769121,-0.0194892692779934,0.05641621937046961,0.013125084849368068,0.06048995808054992,0.3855864188997906,12.12581793833856
CBECII_89,other,-1.917729987250889,10.875389877437724,3.8175273434878885,-13.728237233714436,0.013554317922565926,0.4132724954707106,9,15,2.9035748792270533,0.02771807522844859,-0.030509610578197153,0.023798420358614555,0.04247414644624842,0.00828816744060458,0.07738727836811465,0.040602080811597815,0.04422449381868414,0.8474531229372616,2.23412484827894
CBECII_CC3,thermal,-1.917730658256727,10.87538973041465,3.817526672482051,-13.728237614249206,0.013554317922565926,0.4132724954707106,9,15,2.9035748792270533,0.027718079067386686,-0.03050961402263738,0.023798422722371457,0.04247414592339715,0.008288169093933715,0.07738724583111192,0.04060206590018169,0.044224482344208206,0.8474530403668732,2.2341253626181934
CBECII_CT7,thermal,-1.917729987250889,10.875389877437724,3.8175273434878885,-13.728237233714436,0.013554317922565926,0.4132724954707106,9,15,2.9035748792270533,0.02771807522844859,-0.030509610578197153,0.023798420358614555,0.042474146446248424,0.008288167440604583,0.07738727836811467,0.04060208081159782,0.04422449381868414,0.8474531229372617,2.23412484827894
CBEC_ALL,wind,-0.33959873850902517,10.911586033685992,3.400751526538281,-16.23299514762836,0.009796685231161511,0.2844393746225592,15,20,3.21157809983897,0.041892098443464025,-0.00865683791448482,0.00665963056864727,0.018705865862032826,-0.014829542833745098,0.038438719491483135,0.0014553491497434877,0.028144933405067792,0.7133749241250658,2.5801558505872584
CBEC_CC1,thermal,-0.33959873850902517,10.911586033685992,3.400751526538281,-16.23299514762836,0.009796685231161511,0.2844393746225592,15,20,3.21157809983897,0.041892098443464025,-0.00865683791448482,0.00665963056864727,0.018705865862032826,-0.014829542833745098,0.038438719491483135,0.0014553491497434875,0.028144933405067792,0.7133749241250658,2.5801558505872584
CBEC_CC2,thermal,-0.3395960544856741,10.911587194071704,3.400752868549956,-16.232990206462947,0.009796685231161511,0.2844393746225592,15,20,3.21157809983897,0.04189209594506967,-0.008656848372791678,0.006659612601295624,0.018705854853945644,-0.014829498365283822,0.03843875876581294,0.0014553827361358013,0.028144936876182025,0.7133748586869539,2.5801561267661395
CBY4_ALL,wind,1.996868415755217,9.075441282668775,4.33525665973294,-4.482031766448857,0.02388780782392807,0.24686304770851505,15,6,10.009243156199679,0.042905328411390734,0.031153200957391915,-0.014977120442642567,-0.03168531968572841,-0.036454756990085754,-0.0042613271822515356,-0.018072893010049478,-0.002937480526783761,0.9597077925755197,1.320047215575729
CBY4_CC1,thermal,1.9968180903173858,9.075451415463208,4.335217070388513,-4.482000627623743,0.02388780782392807,0.24686304770851505,15,6,10.009243156199679,0.04290525083246776,0.031153302705149613,-0.014976404236483585,-0.031685565165729096,-0.03645518124165904,-0.004262181744389988,-0.018072920563164813,-0.002937182991495445,0.9597078462534382,1.3200494675036165
CBY_CBY_G1,thermal,2.155207005300946,9.083002382841205,4.340299939609475,-4.5210250419220435,0.024693014829229015,0.2359256525531772,15,6,9.986521739130435,0.043149742150815754,0.032443282446292146,-0.013872339269361673,-0.031788395782094775,-0.035229445564254086,-0.004627436832658009,-0.020908039709673153,-0.002119960633846743,0.9754205170167853,1.0295974333354603
CBY_CBY_G2,thermal,2.2432094209219615,9.236837343580142,4.448870026169228,-4.391958827088061,0.02603502650473059,0.23478494262900088,15,6,10.319903381642511,0.04332833223993111,0.03200099292011374,-0.014072384227846754,-0.03208478669993454,-0.03464556320226364,-0.004590717421682564,-0.02096718638212235,-0.0019665831629527555,0.9757244502557942,1.051588936586544
CCEC_CC1,thermal,-5.003722740387842,30.999045282814837,7.918319801382271,-20.91265728251444,0.049453130242233106,0.4671542642420989,9,19,16.66404186795491,0.034382895750933694,-0.054288951172110474,-0.009757429517909507,0.021138358547783148,0.010975711784730688,-0.021588747686548226,-0.023556982304998152,-0.00013400965520590308,0.9550371802115627,2.3776293554715577
CCEC_GT1,thermal,-5.003724082399517,30.99904502158515,7.918318459370595,-20.912657686236724,0.049453130242233106,0.4671542642420989,9,19,16.66404186795491,0.03438289326021522,-0.05428895409832959,-0.00975742218441099,0.02113836393890711,0.010975702225387641,-0.02158874774471433,-0.02355698801129395,-0.00013402078391933555,0.955037171957831,2.3776294521636476
CCEC_GT2,thermal,-5.003697913171845,30.999050643209998,7.918344628598269,-20.91264872466321,0.049453130242233106,0.4671542642420989,9,19,16.663510466988726,0.03438285531884018,-0.05428894000785065,-0.00975759678246103,0.02113840708098079,0.01097585112134106,-0.021588558931788397,-0.023556943303888363,-0.00013408058240761865,0.955036329433269,2.3776544076356063
CCEC_PUN1,other,-5.003697913171845,30.999050643209998,7.918344628598269,-20.91264872466321,0.049453130242233106,0.4671542642420989,9,19,16.663510466988726,0.03438285531884018,-0.05428894000785065,-0.00975759678246103,0.02113840708098079,0.01097585112134106,-0.021588558931788397,-0.023556943303888363,-0.00013408058240761865,0.955036329433269,2.3776544076356063
CCEC_PUN2,other,-5.003724082399517,30.99904502158515,7.918318459370595,-20.912657686236724,0.049453130242233106,0.4671542642420989,9,19,16.66404186795491,0.03438289326021522,-0.05428895409832959,-0.00975742218441099,0.02113836393890711,0.010975702225387641,-0.02158874774471433,-0.02355698801129395,-0.00013402078391933555,0.955037171957831,2.3776294521636476
CCEC_ST1,thermal,-5.003724082399517,30.99904502158515,7.918318459370595,-20.912657686236724,0.049453130242233106,0.4671542642420989,9,19,16.66404186795491,0.03438289326021522,-0.05428895409832959,-0.00975742218441099,0.02113836393890711,0.010975702225387641,-0.02158874774471433,-0.02355698801129395,-0.00013402078391933555,0.955037171957831,2.3776294521636476
CEDROHI_CHW1,other,-10.282423002080119,33.05723086753546,13.174608468093673,-14.885503989119632,0.15547205260685767,0.5255988727101926,13,20,30.582302737520127,0.02815407298434495,-0.0467541444540194,-0.027585586551783614,0.0039423594903710895,0.028026845217271498,-0.06044553459050069,-0.03311060618018851,-0.024333847616642805,0.8770441685922383,6.607141479337791
CEDRVALE_RN,other,9.424808427833321,19.90179216806895,13.44195128497618,4.15576181351624,0.1680869623565725,0.2413607998389586,3,15,24.499661835748793,-0.03596046570102881,-0.020599224452204377,0.050522572537879465,0.0018377813575594824,-0.051004121150669865,-0.025803250069185452,-0.03754717759247164,0.040853466457895574,0.9388605807291754,4.1523762033268605
CFLATS_UNIT,thermal,1.2131906327585047,32.3839346260126,13.016744279675233,6.9510172561755965,0.1236663758974703,0.44111923773736833,19,13,18.32035426731079,-0.03772596647741816,-0.0026220910949653537,0.004378911693778163,-0.011915678155859349,-0.004575723704080484,-0.02373812124301339,-0.023204218743857474,-0.0034286116417518737,0.5295424630202977,16.515656701640296
CHALUP_ALL,wind,-10.214015969938938,35.382312111144444,12.886149097497148,-17.438708297347016,0.1503053076561766,0.5553244313225525,9,19,22.46864734299517,0.022795761933335008,-0.056922185575554195,-0.017586582332041557,0.022707693227885083,0.02621807259725926,-0.035608637267456195,-0.01906619588906459,-0.0005947327120409843,0.8508017777376766,6.753245866202969
CHAL_SLR_RN,solar,9.599375964570891,20.34074596789484,13.623577803126887,4.198035096076448,0.16996577870227472,0.24377642085486143,0,15,25.000628019323674,-0.03498206022731723,-0.020133322990679686,0.05162469822497328,0.002564961305274867,-0.05071363076270508,-0.025629830905756944,-0.038677970304305226,0.039633191957507606,0.919633499926799,4.875243106748011
CHAMON_UN1,other,1.7731470173790511,8.439355514540049,3.95781319197477,-5.408173855513833,0.017781654700395895,0.24022008991478225,15,6,8.709114331723027,0.04296861153257136,0.033865089670917725,-0.0142702646717521,-0.027122605498023145,-0.037316922310952995,-0.002253815603472149,-0.019015608984038146,-0.002203782409672056,0.972393079396513,0.9871170016339228
CHAMON_UN2,other,1.7731470173790511,8.439355514540049,3.95781319197477,-5.408173855513833,0.017781654700395895,0.24022008991478225,15,6,8.709114331723027,0.04296861153257136,0.033865089670917725,-0.0142702646717521,-0.027122605498023145,-0.037316922310952995,-0.0022538156034721474,-0.019015608984038146,-0.0022037824096720563,0.9723930793965129,0.9871170016339228
CHEDPW_GT2,thermal,1.6616708045359994,8.151777627358694,3.8158773401328596,-5.289002504659359,0.016037039522243845,0.24055559283365766,15,6,8.149581320450885,0.04289892004955553,0.033745888253840395,-0.013442063545996679,-0.02494401455474022,-0.037500314349991785,0.0004551659142366863,-0.016818018714414348,-0.0005296907759806923,0.9578116194590972,1.169156162899367
CHE_CC1,thermal,1.6234617191169565,8.282393468004594,3.8685157350868957,-5.393551251745843,0.01684224652754479,0.24760115413004094,15,7,8.31380032206119,0.0430668377205009,0.03314405779890626,-0.013558001030998468,-0.025304495562742405,-0.03806691538937406,2.9127487834533576e-05,-0.016351040858549833,0.0008470671968860906,0.9598687482369568,1.158811687634119
CHE_LYD,other,1.5996564450110715,8.433235702280191,3.9226182647789036,-5.476273601130405,0.017781654700395895,0.25068778098369454,15,7,8.518438003220611,0.04315412915147958,0.03283383405430893,-0.013581801495913816,-0.025586743620541964,-0.038030694152676556,-0.0006364453677976694,-0.016555001561062148,0.0015880895770220096,0.9602572102313915,1.1666478287977682
CHE_LYD2,other,1.5996551029993962,8.433236188411357,3.922619606790579,-5.476272243793896,0.017781654700395895,0.25068778098369454,15,7,8.518438003220611,0.04315413032343043,0.03283384273891166,-0.013581825809572436,-0.025586727856351285,-0.0380306564642906,-0.0006364601673984085,-0.016555016925904935,0.0015880881925237104,0.9602571849335222,1.1666483501556784
CHE_PUN1,other,1.6145366704690332,8.423236908048281,3.9164557471650006,-5.477800904093581,0.017647453532845737,0.24894316580554252,15,7,8.504863123993559,0.04315060834849883,0.032935772000347224,-0.013598732404130476,-0.025602798795106723,-0.037975291266149146,-0.0005658849688985186,-0.016584121315735195,0.0013968667108096822,0.9611139121424186,1.152468161202179
CHE_PUN2,other,1.6336227605180165,8.414627766898125,3.913449641011877,-5.4358140229262,0.017781654700395895,0.24605784070321413,15,7,8.497745571658616,0.04323488304810598,0.03285687811340062,-0.013758425918105107,-0.025548143773284064,-0.03788109552957165,-0.0006150225621974495,-0.016226541032701415,0.0012285890935052873,0.9622922332560375,1.1353448450164283
CHIL_SLR,solar,-0.8042186137019391,6.682831442898976,3.2103247668254715,1.1337847297005388,0.012413607998389586,0.35992753136952294,19,15,8.157117552334942,-0.004181031713779836,0.014187464095968749,0.025722830980430583,0.06797908153400878,-0.01053476871644612,0.07711314145560683,-0.08060918808479373,-0.08890948024317248,0.8795530472806867,1.8496577925542304
CHISMGRD_RN,other,-0.45340803864993623,12.827028969797947,4.3308662685365364,8.643226361419881,0.020599879218949204,0.4660135543179226,18,1,2.9261542942355185,-0.016535340798162563,0.028787887287231397,-0.017569248482212637,0.021890819093251163,0.020023693825298484,-0.008783268550029782,-0.05533161356171758,0.01785263005236803,0.37715714053272875,6.212251493784528
CISC_RN,other,2.0838462054619873,17.24642288741219,6.335800845467356,6.882320946659328,0.040260350265047304,0.32832315641146076,18,11,8.948808373590982,-0.025609512712136715,0.02158713016214762,-0.010930307434474467,-0.023506571168934853,0.008802116834091734,-0.027526883002879723,-0.05052771175271418,-0.01790289783117649,0.4328247733027514,9.885217624079587
CITRUSCY_RN,other,-4.80231497014024,32.80282630308311,9.362065355968596,-20.529191836778544,0.07233442930953499,0.4558142655841106,15,19,23.37012882447665,0.03820552391530608,-0.040138878588156145,-0.020027526413544793,0.004058792035420026,0.014575836156272075,-0.046896798164143966,-0.023404002154067037,-0.009897248082713904,0.8872565359737978,4.426266141399531
CITYVICT_ALL,wind,-2.9024411192377375,25.22891241002216,6.052519626920755,-21.263542963135635,0.031000469704086424,0.38643226196067904,8,19,11.81533011272142,0.03590045835273421,-0.05040863528827484,0.003084488581894846,0.026694311912866187,0.004073449365579069,-0.004898866071348106,-0.022979554352607116,0.01383923063423608,0.9213718446990042,2.471641718388955
CLO_RN,other,1.3395806213514059,9.621080326625554,3.9700469704086423,-4.217717591410154,0.017177749446420185,0.26283298664698385,15,7,7.938582930756844,0.03985284392779598,0.024889376654501062,-0.01201966600181627,-0.01671152812005901,-0.03291052069558203,0.007672766813560844,0.006265143115066805,0.01738966649986526,0.7434619558082506,2.9258210118239787
CMPD_SLR_RN,solar,-4.868423807287123,14.086286637378475,6.838146681876132,-1.999701024834038,0.07924578943836812,0.48829094813124874,19,15,16.90399355877617,-0.015992612193825084,0.003064501970759347,0.011608276677329223,0.04997514698108173,-0.0204898767847327,0.026994168456008077,-0.033860295475079356,-0.042492896188246566,0.381554446623366,10.215886334512787
CNLY_ESS_RN,storage,-4.3849526940884385,20.756099669161213,8.285017110648862,-2.3401139019468817,0.08387572971884856,0.4511843253036301,18,0,9.548937198067632,-0.016219910654609926,0.012577408304380713,-0.031184292924279,-0.024416767074240817,0.013686379948950349,0.033608910529498104,-0.11762794735010089,0.024516713328686175,0.5611282139422522,12.010116301490175
CNTRY_RN,other,-0.2949741662752466,5.701337727525697,2.559720861571496,7.480857565302332,0.0056364490371066224,0.3711333288599611,8,15,1.5698228663446057,-0.014525186030243083,0.03847420501158143,-0.021268266104443892,0.05739564286403637,0.0035780209579671434,-0.011077934047025454,-0.019897075375637653,-0.0028891055376109955,0.6042394273881557,2.175987023249366
CN_BRKS_UNT1,other,-7.490250285177482,12.55210632614376,8.991848621083003,2.089448003527999,0.08058780111386969,0.6922096222237133,8,21,4.893188405797102,-0.029168209713509786,-0.0013098229248113768,-0.06680416768720217,0.0022164400376732977,0.023484296190692314,0.03616157547563627,-0.02722796042510382,0.08406033521629808,0.8586968998836337,3.873804355984027
COL_COLETOG1,other,-4.198450647520634,31.747751629167023,6.912559216265181,-23.211769787668043,0.03885123800577065,0.4256190028853251,9,19,13.90962962962963,0.03435961917841006,-0.054400458768435266,-0.005553093362592253,0.024359427607849326,0.0053539259961833405,-0.011161892440359457,-0.018826697082174985,0.00962098393049593,0.9439510605076961,2.3978359176805917
CONIGLIO_RN,other,0.34462792726296726,6.619517405159905,3.019689324297121,7.397336282187405,0.007448164799033752,0.35751191035362007,19,14,4.014557165861513,-0.008335508065828745,0.05354321631174761,-0.0025327297683450725,0.06510588228575484,0.02019987337262329,-0.04688123816467021,0.015019050266845408,0.03160834564988285,0.9130391284419724,1.274919564480796
CONTINEN_RN,other,-3.7552418976045088,34.17103075462277,9.27714218613702,-14.087404458912646,0.06783869019660471,0.43313426826813395,15,19,22.764605475040256,0.03775308283995055,-0.03864648896440207,-0.016046579577862635,0.0030373473650243937,0.015625729793690805,-0.043751816855528106,-0.020178724508700473,-0.008404131271500729,0.8338307628340369,5.185804476810349
CORALSLR_ALL,wind,-0.34153928739180023,29.329098481916578,3.55242837012682,112.43425435860766,0.009528282896061196,0.3822049251828491,0,15,11.315748792270531,-0.003235015088502024,0.02083688613152339,0.025513578858124174,0.07191502525971509,-0.004194910888050038,0.06171624364964094,-0.08180829214468574,-0.059773986232321316,0.8155050253719991,2.2766759680767152
CORAZON_RN,other,-11.109897336106823,31.606949305592845,13.639177346842917,-13.033176607226066,0.17432731664765483,0.537878279541032,13,19,28.273880837359098,0.02380947837789599,-0.05141552362684377,-0.02732727332372113,0.0057170219664880095,0.03000302021934065,-0.05955956172151354,-0.029535393596918473,-0.0260679777553771,0.8741755036871539,6.771024187919415
COTPLNS_RN,other,-7.550481111185668,12.603646622712208,9.071980138227202,2.1462398470059774,0.08286922096222236,0.6935516338992149,8,21,4.996731078904992,-0.029525428671978163,-0.0012253444144701285,-0.06666425293854063,0.0026260451848272265,0.024034456606574182,0.035024346979555455,-0.026347462986876773,0.08421129302178415,0.8628748405206427,3.8280345431845433
COTTON_PAP2,other,-4.842781319197477,30.572452724901126,7.681992216332283,-21.039167529659057,0.04623230222102932,0.4609810105347917,9,19,16.09790660225443,0.03441806323947941,-0.054979820344869854,-0.009566942194353101,0.02248485592576322,0.011575773216038233,-0.021137144650555054,-0.02287144499092779,-0.0007740168063912433,0.9716688841685176,1.8353043943523901
COYOTSPR_AGR,other,9.529243105415016,20.00639817813678,13.526961685566665,4.165746175873298,0.16963027578339931,0.23941488290948132,3,15,24.5487922705314,-0.035901040555909695,-0.020523537979859435,0.05036330019033351,0.0017571338977463973,-0.05087449133900913,-0.025858718198143227,-0.03794947655295489,0.041503028772390226,0.9363838856612752,4.25790737089267
COYOTSPR_RN,other,9.529243105415016,20.00639817813678,13.526961685566665,4.165746175873298,0.16963027578339931,0.23941488290948132,3,15,24.5487922705314,-0.035901040555909695,-0.020523537979859435,0.05036330019033351,0.0017571338977463973,-0.05087449133900913,-0.025858718198143227,-0.03794947655295489,0.041503028772390226,0.9363838856612752,4.25790737089267
CPSES_UNIT1,thermal,-1.247209957726632,6.149155459905644,2.8665027175736433,5.211233161424743,0.009394081728511038,0.4580285848486882,8,16,2.2129629629629632,-0.03051736507058249,0.020023433829984914,-0.046535645469988805,0.023464902145084385,0.005871674730064519,-0.0006499565406917782,-0.018083931545308376,-0.015666576141603272,0.6139534805370255,2.367800557934959
CPSES_UNIT2,thermal,-1.2469153861638596,6.148607497462449,2.866208146010871,5.2134396726856815,0.009394081728511038,0.4580285848486882,8,16,2.2114653784219,-0.030512784442453787,0.02004067754175262,-0.046535375634028306,0.023452460950014162,0.0058677442428449545,-0.0006831668550038179,-0.018072880595502463,-0.015648241253389802,0.6139064878550933,2.367752046192521
CRANELL_ALL,wind,-4.943343622089512,31.791485987133708,7.577426692612226,-21.700239515695035,0.04482318996175267,0.4608468093672415,9,19,15.562206119162642,0.03391335028691599,-0.0557785587564353,-0.008862807687119856,0.02365006152933985,0.00940321853503292,-0.01811585302457483,-0.02089374860541287,0.002416828859803831,0.9693265338175573,1.8910816561662134
CRAWFISH_RN,other,-1.0871529222304233,16.982917702760357,4.644891632557203,-19.049553502321604,0.018050057035496208,0.3346977118700933,9,19,5.735619967793882,0.038238144428193205,-0.03703897926686486,0.012780127892493283,0.026933321163866302,0.007691736465167479,0.02173432244017829,-0.002437288592305869,0.029762037016617227,0.8223168499646079,2.7449808482532827
CROSSETT_ALL,wind,8.698387572971884,19.757127992009462,13.23283164463531,3.451198830092387,0.15251962692075421,0.2686036368516406,4,15,25.05231884057971,-0.04021521749107384,-0.02047649924186223,0.037029612617238625,-0.0016103448849442141,-0.050390580821791126,-0.027383443603584693,-0.032211687638259025,0.04422632551591728,0.9488853305985869,3.9031691334187864
CRWN_SLR_UN1,solar,-0.909380661611756,8.359566474582747,3.8971415151311812,2.1772140546820453,0.02207609206200094,0.3862309602093538,19,15,10.3056038647343,-0.006746968549992213,0.014153472937879571,0.02590285404592311,0.07243723847186252,-0.007536403351381487,0.06750512429824311,-0.08470050666822942,-0.0709159860184061,0.855418302566796,2.5036699710008032
CR_RN,other,1.4335925652553179,8.498237958530925,3.757173052405556,-6.661038545124365,0.015835737770918606,0.24686304770851505,15,6,7.5219967793880835,0.04121815126423794,0.03034016394876112,-0.013055026870417782,-0.021870357646291458,-0.0353976727714804,0.003199200003827435,-0.006240407336035318,0.007008070114713954,0.8505947957724874,2.1429034921673384
CSC_CSECG1_2,other,-2.2571623163121517,12.08932074837888,6.68348453331544,4.631205328295158,0.03891833858954573,0.4615178152049923,7,15,4.240660225442834,-0.04279097180387236,-0.005448468376490513,-0.036635028992288356,-0.01755159187459352,0.0057955745888978736,0.0011403148403122537,-0.010969520921490953,0.014460772644992556,0.7717880264732682,4.431110515093966
CS_RN,other,1.9902382070724016,8.67275591717673,4.132622961819767,-5.073239008207685,0.0196604710460981,0.23142991344024694,15,6,9.228872785829308,0.043306730413113455,0.03265998314047327,-0.013332910931400627,-0.029869060433016494,-0.0353618590224085,-0.0028859736232429733,-0.018725967866565586,-0.0008491593548426109,0.9708112623195021,1.0557697455579238
CTW_RN,other,0.6982339126350399,8.99051992068727,3.4794175669328324,-11.935337413753047,0.009394081728511038,0.25041937864859426,15,7,6.488679549114332,0.05001501694388788,0.015252998944353667,-0.0016925022657363186,-0.010812637127841725,-0.023394671822587934,0.022168705977795453,-0.0022562453963259166,0.024687907331675453,0.9582001039225115,0.9959096457310144
CVC_CC1,thermal,1.666750318727773,8.125480374670012,3.8014507146212173,-5.276376518465531,0.015969938938468764,0.2397503858283567,15,6,8.12059581320451,0.04287611915038865,0.033904489094472565,-0.013401159210458084,-0.02489658334228656,-0.03738912539697958,0.00046869170710287894,-0.017106807804574846,-0.0010486391869831489,0.958363227565187,1.1564940039948113
CVC_CVCG1_5,other,1.670576394014628,8.125350470947069,3.801065557270348,-5.27746545010479,0.015969938938468764,0.23921358115815608,15,6,8.116618357487923,0.042894641986885765,0.033866968252639275,-0.013439589332884765,-0.024914287863476388,-0.03732978515760244,0.0004906164395336261,-0.01711408337001084,-0.0010719441916488932,0.9584069898891118,1.1558205433172626
CVC_CVC_G2,thermal,1.670576394014628,8.125350470947069,3.801065557270348,-5.27746545010479,0.015969938938468764,0.23921358115815608,15,6,8.116618357487923,0.042894641986885765,0.033866968252639275,-0.013439589332884765,-0.024914287863476388,-0.03732978515760244,0.0004906164395336261,-0.01711408337001084,-0.0010719441916488932,0.9584069898891118,1.1558205433172626
CVC_CVC_G3,thermal,1.666631550694491,8.125536823593706,3.801569482654499,-5.2762327768014226,0.015969938938468764,0.2397503858283567,15,6,8.12059581320451,0.04287616893796601,0.03390401547663198,-0.013399977915576556,-0.024896878953640362,-0.037388276031692695,0.0004658321210998553,-0.01710767473218739,-0.0010462801552801233,0.9583548923664267,1.156627126333822
DAG_ALL,wind,-0.4624565523720057,9.622708975865264,3.1708494933905924,-14.657631981079076,0.008655975306985171,0.29282694759444405,15,20,2.628051529790661,0.04106482901709783,-0.00498688135069179,0.005420335537655707,0.022102979897453103,-0.017019617061603137,0.04811215570786681,0.012682647684192845,0.03970935847578729,0.736613186398505,2.3461333469182613
DANSBY_ALL,wind,1.1375977991008523,6.426238276331696,2.85889015634436,9.606870727140327,0.008655975306985171,0.26471180299268604,16,5,4.189613526570048,0.020482250143945085,0.04315165574946764,0.0012109407215192486,0.01367897383563243,-0.004500226925541573,-0.010656439257820251,-0.02734760892510633,0.014297050252133944,0.4818192057587587,3.133773667218725
DAN_ALL,wind,-1.9643440917935988,11.695032707913033,3.9791317184459505,-13.870476882737904,0.015835737770918606,0.39562504193786485,9,15,2.5711916264090178,0.02702389777067285,-0.032863323645167766,0.026399031221979473,0.03881261556835977,0.012499616292656173,0.07346102536001875,0.036070616960180255,0.041299309963237336,0.8229501632112353,2.528336981011447
DA_BESS,storage,0.14350936053143665,8.422455838892986,2.893799906059183,-14.230104221164337,0.0069784607126082,0.2563242300208012,15,7,3.9879871175523354,0.048683551563174,0.006135878699481788,0.006837008565855836,0.0063723126998447115,-0.013452465042196111,0.036294623543683686,0.013184331989575656,0.040365582646221365,0.9051929102659325,1.2116397728765274
DA_BESS2,storage,0.14350936053143665,8.422455838892986,2.893799906059183,-14.230104221164337,0.0069784607126082,0.2563242300208012,15,7,3.9879871175523354,0.048683551563174,0.006135878699481788,0.006837008565855836,0.0063723126998447115,-0.013452465042196111,0.036294623543683686,0.013184331989575656,0.040365582646221365,0.9051929102659325,1.2116397728765274
DC2SES_ALL,wind,-0.454461517815205,6.1079839066545665,2.780595853183923,-2.792854521368446,0.007850768301684226,0.404213916661075,19,1,1.447332587725429,-0.014108650048502522,0.03861389846451207,-0.025370206137429772,0.03578781497707519,0.0036397394729265737,-0.007082070487304774,-0.054519104871751496,-0.004379994718173333,0.5168168986144066,2.6548388460462258
DC_E,dc_tie,0.33019593370462336,6.814409991648742,3.2594370261021273,6.620730475983724,0.006710058377507884,0.3636851640609273,19,14,4.865297906602255,-0.00691879804775741,0.04441248890179354,0.007235243207509604,0.07199698459997438,0.021975307264709622,-0.04632228468014502,0.03290270830060233,0.0320999676948783,0.8534905643267747,1.8229016059427083
DC_L,dc_tie,-9.108068845198954,33.255817139295985,13.990633429510835,-10.52959239627458,0.16540293900556935,0.48547272361269544,14,19,30.259935587761674,0.028427536349704362,-0.04036030967823405,-0.02834685658052652,0.007874934649429215,0.025296352317210984,-0.05143542331011148,-0.02270700141565341,-0.026789440428179698,0.7504021329671349,10.79830724635273
DC_N,dc_tie,-4.628507683016843,9.8708588914571,6.110543514728578,4.323861155029427,0.031000469704086424,0.6215527075085553,7,16,4.084460547504024,-0.039815985009357485,-0.006426097312894298,-0.06329371154251287,-0.009960202305432007,0.022998215826845914,0.02921203239224279,-0.019540958769440307,0.032329192206146405,0.9649112576684493,1.3990866637199306
DC_R,dc_tie,-4.740162383412736,32.85299212551141,9.39797758840502,-20.497460117259223,0.07273703281218546,0.43890491847279073,15,19,22.979227053140097,0.037671025200049904,-0.04179419046219014,-0.02047207208151726,0.00497557578854016,0.01639705411661663,-0.04582689094644187,-0.023329593279243773,-0.010574781614732515,0.8976167198258928,4.229669470862406
DDPEC_CC1,thermal,1.882881299067302,10.856207048387292,4.6996537609877205,-8.083928311826131,0.029457156277259613,0.25491511776152453,15,7,11.728083735909824,0.04292335021444722,0.026414943654956766,-0.015778780702233805,-0.03398422356169163,-0.0364894287835724,-0.0020922030782889603,-0.011885916461268107,-0.0030633973404538143,0.9253017729624289,1.9914029121588448
DDPEC_GT1,thermal,1.8828826410789776,10.856206967674568,4.6996537609877205,-8.083928855565649,0.029457156277259613,0.25491511776152453,15,7,11.728083735909824,0.042923352870214135,0.026414937423381954,-0.015778766719474677,-0.03398421706112733,-0.036489441066375715,-0.0020921741751875624,-0.011885946959180944,-0.00306338703581577,0.925301787289068,1.9914026740051063
DDPEC_GT2,thermal,1.8828826410789776,10.856206967674568,4.6996537609877205,-8.083928855565649,0.029457156277259613,0.25491511776152453,15,7,11.728083735909824,0.042923352870214135,0.026414937423381954,-0.015778766719474677,-0.03398421706112733,-0.036489441066375715,-0.0020921741751875624,-0.011885946959180944,-0.00306338703581577,0.925301787289068,1.9914026740051063
DDPEC_GT3,thermal,1.8828806280614643,10.856204667851111,4.699651747970208,-8.083934162949728,0.029457156277259613,0.25491511776152453,15,7,11.728083735909824,0.04292334175313609,0.02641491060238645,-0.015778815544131793,-0.0339842981933986,-0.036489426524609306,-0.0020920950842396495,-0.011886032522234965,-0.003063316997122358,0.9253017268998909,1.9914025639781785
DDPEC_GT4,thermal,1.882880628061464,10.8562031769297,4.699650405958532,-8.083938552950862,0.029457156277259613,0.25491511776152453,15,7,11.728083735909824,0.04292333351808384,0.026414926994333062,-0.015778899106857786,-0.03398422566819281,-0.03648947392122848,-0.002092280346795703,-0.011885836016593772,-0.003063350184933798,0.9253016056704577,1.9914035728291242
DDPEC_GT6,thermal,1.8828819700731398,10.856206832173974,4.699653089981882,-8.08392991149784,0.029457156277259613,0.25491511776152453,15,7,11.728099838969404,0.04292335879160633,0.02641489027161957,-0.015778792018643916,-0.03398422446131863,-0.03648942810679565,-0.0020921916407465675,-0.011885891058973507,-0.003063371772988533,0.925301583052784,1.9914053483868113
DDPEC_ST1,thermal,1.8828826410789776,10.856206967674568,4.6996537609877205,-8.083928855565649,0.029457156277259613,0.25491511776152453,15,7,11.728083735909824,0.042923352870214135,0.026414937423381954,-0.015778766719474677,-0.03398421706112733,-0.036489441066375715,-0.0020921741751875624,-0.011885946959180944,-0.003063387035815771,0.925301787289068,1.9914026740051063
DECKER_GT,other,3.7110078507683024,13.07828792602336,4.536214856069248,11.449045028552007,0.027309937596457088,0.12091525196269208,17,4,10.259677938808373,0.008692725932427477,0.030254492560327164,0.04419634709823121,-0.04458555538462177,0.07288779316117806,-0.024481103347838977,-0.02502817573687864,0.035091403500300634,0.8233425326066202,3.133972829782004
DENISON_G1_2,thermal,0.06584848688183585,6.816341159855101,2.9333516741595655,9.062360468763366,0.0069113601288331205,0.38764007246863047,19,23,3.818888888888889,-0.013623867777653686,0.05406770931493021,-0.01679590578039975,0.04757714788075821,0.025520628878615968,-0.0324860455848336,-0.025148799597174032,0.04021496992417752,0.8347466296474698,1.756053604887483
DERMOTT_ALL,wind,-5.697217338790847,11.573591931236491,7.478092330403275,3.489077128655868,0.05368046702006307,0.6555727034825203,8,21,4.9055877616747185,-0.03525168458504332,-0.004698703540713976,-0.05915538019877635,0.0012622518352533815,0.02389969673450638,0.015683106879813252,-0.006182410394231383,0.04743104699090384,0.7923636448648218,4.1702746619639735
DIBOL_RN,other,0.6988284238072875,6.9033069910525535,3.0047815875998123,11.28724663852011,0.006777158961282963,0.3119506139703415,19,4,1.7295491143317225,0.003992354409715832,0.05323257578643202,-0.002896068669810695,0.06911147963081081,-0.0018475639209094064,-0.03490015920321295,-0.0002767060841834077,6.545308261397649e-05,0.8556089296765557,1.5772698774437848
DIB_CC1,thermal,2.3948211769442396,9.723602623170153,4.657489096155136,-3.942373888241488,0.030396564450110717,0.23673085955847817,15,6,11.200901771336554,0.04297945880643678,0.03173411161355922,-0.01420916288026159,-0.03396382797467548,-0.033825503736557766,-0.007144938904135888,-0.023450360268910227,-0.002054029714210899,0.9721019394755639,1.2042151422209195
DIB_DIB_G1,thermal,2.394822518955915,9.72360348171115,4.657490438166812,-3.9423728640580444,0.030396564450110717,0.23673085955847817,15,6,11.200901771336554,0.04297945756093314,0.0317341274517775,-0.014209169372189084,-0.03396380555332252,-0.033825510507625854,-0.0071449689583671615,-0.023450346848723023,-0.002054075202117144,0.9721019982180394,1.2042140606356955
DIB_DIB_G2,thermal,2.394822518955915,9.72360348171115,4.657490438166812,-3.9423728640580444,0.030396564450110717,0.23673085955847817,15,6,11.200901771336554,0.04297945756093314,0.0317341274517775,-0.014209169372189084,-0.03396380555332252,-0.033825510507625854,-0.0071449689583671615,-0.023450346848723023,-0.002054075202117144,0.9721019982180394,1.2042140606356955
DIB_DIB_G3,thermal,2.3948231899617527,9.723603162885297,4.657489767160975,-3.94237341216574,0.030396564450110717,0.23673085955847817,15,6,11.200901771336554,0.04297945988147366,0.031734111501470604,-0.014209134294153367,-0.03396383398846728,-0.0338255244779679,-0.007144996046024334,-0.023450338072508528,-0.002054126212787019,0.972102022432746,1.2042134626233534
DIB_DIB_G4,thermal,2.3948231899617527,9.723603162885297,4.657489767160975,-3.94237341216574,0.030396564450110717,0.23673085955847817,15,6,11.200901771336554,0.04297945988147366,0.031734111501470604,-0.014209134294153367,-0.03396383398846728,-0.0338255244779679,-0.007144996046024334,-0.023450338072508528,-0.002054126212787019,0.972102022432746,1.2042134626233534
DIB_PUN1,other,2.394822518955915,9.72360348171115,4.657490438166812,-3.9423728640580444,0.030396564450110717,0.23673085955847817,15,6,11.200901771336554,0.04297945756093314,0.0317341274517775,-0.014209169372189084,-0.03396380555332252,-0.033825510507625854,-0.0071449689583671615,-0.023450346848723023,-0.002054075202117144,0.9721019982180394,1.2042140606356955
DIB_PUN2,other,2.3947560893779776,9.723462719144667,4.657424008588874,-3.942615636968298,0.030396564450110717,0.23673085955847817,15,6,11.200901771336554,0.04297955038567609,0.031733297080493265,-0.014209234878422605,-0.03396418580500165,-0.033826334385556586,-0.007141656924868505,-0.023448828850676177,-0.002054528930424458,0.9720984837758995,1.2042585541680013
DILEOS_UNIT1,thermal,0.6589270616654364,11.248562533743646,4.0013668388914985,10.388635287651843,0.01791585586794605,0.37026102127088506,18,13,5.563204508856682,-0.007792427051828884,0.036421323743486875,0.007635695380001115,0.03415988028642416,0.005713790954353816,0.0015170946818306094,-0.06656479996848098,-0.0011036805279288668,0.41382804953841,4.8836441127014805
DKNS_ESS_RN,storage,-5.7293618734482985,10.751739671375972,7.278985439173321,4.206137608613342,0.04462188821042743,0.6736227605180165,8,21,4.874202898550726,-0.034801416905573195,-0.004121180484025261,-0.06721478826260184,6.184749132151954e-05,0.025270848423842893,0.026183581928851053,-0.012656817526473524,0.060252400131484786,0.9064678594297514,2.5682991467388328
DMA_RN,other,-0.4572636381936522,9.537934734216467,3.1596564450110716,-14.525643823223541,0.008454673555659934,0.2921559417566933,15,20,2.6224476650563604,0.04109558962487168,-0.004716681506261185,0.005333141959395784,0.021914854806017587,-0.017072911425105877,0.048461866717329175,0.013313258209679194,0.040073418932750134,0.7383110525157685,2.3344878844579737
DOWGEN_PUN1,other,-1.402963832785345,10.226112979626784,3.3786573173186607,-14.199915825289148,0.012279406830839428,0.37824599074011944,9,7,2.1450241545893727,0.0329594971437301,-0.025791518656956627,0.017737102860941496,0.0358338047354506,0.0053411049734138506,0.0709298659728539,0.043541299990446806,0.058767351788403005,0.8515932085320662,1.9705602343768676
DOWGEN_PUN2,other,-1.4291531906327584,10.231453157845968,3.396233644232705,-14.1720240704415,0.012279406830839428,0.3816681205126485,9,7,2.14011272141707,0.03259244578161795,-0.025922488473155352,0.017859797115900206,0.03658202765346581,0.004930568070586297,0.07190629806437368,0.04383926220110841,0.05799440553666648,0.8519413002821775,1.9731179434137909
DOWGEN_PUN3,other,-1.4294987586392,10.231474094663009,3.396212843051735,-14.171891717616917,0.012279406830839428,0.38173522109642355,9,7,2.14011272141707,0.03259106615352309,-0.025921387275119185,0.01786354377192849,0.03658648367682555,0.004934493467648834,0.07190944997143428,0.043836301347943016,0.058002702911203116,0.8519632958990877,1.9729975463187568
DOW_61_2_63,other,-1.4293585184191104,10.231512418050377,3.3963571093068508,-14.171773535356051,0.012279406830839428,0.38173522109642355,9,7,2.140080515297907,0.03259073276948085,-0.025921992471700798,0.017860867064974462,0.03658639519147077,0.00493546162099178,0.07191055412270261,0.04383701121356146,0.058000111659398855,0.851954374942542,1.973080582997534
DOW_64,other,-1.4293585184191104,10.231512418050377,3.3963571093068508,-14.171773535356051,0.012279406830839428,0.38173522109642355,9,7,2.140080515297907,0.03259073276948085,-0.025921992471700798,0.017860867064974462,0.03658639519147077,0.00493546162099178,0.07191055412270261,0.043837011213561455,0.05800011165939884,0.851954374942542,1.973080582997534
DOW_81_2_84,other,-1.4293585184191104,10.231512418050377,3.3963571093068508,-14.171773535356051,0.012279406830839428,0.38173522109642355,9,7,2.140080515297907,0.03259073276948085,-0.025921992471700798,0.017860867064974462,0.03658639519147077,0.00493546162099178,0.07191055412270261,0.043837011213561455,0.05800011165939884,0.851954374942542,1.973080582997534
DOW_G37_G35,thermal,-1.4293585184191104,10.231509223323007,3.3963557672951756,-14.171784265041266,0.012279406830839428,0.38173522109642355,9,7,2.14011272141707,0.032590759298723224,-0.025921963220941563,0.017860880436710604,0.0365863650612088,0.004935422185337059,0.07191062715832784,0.04383684506183026,0.05800006532087311,0.8519545348477816,1.9730787957060119
DOW_G66_ST65,thermal,-1.4293585184191104,10.231512418050377,3.3963571093068508,-14.171773535356051,0.012279406830839428,0.38173522109642355,9,7,2.140080515297907,0.03259073276948085,-0.025921992471700798,0.017860867064974462,0.03658639519147077,0.00493546162099178,0.07191055412270261,0.043837011213561455,0.05800011165939884,0.851954374942542,1.973080582997534
DOW_G67,thermal,-1.4293585184191104,10.231512418050377,3.3963571093068508,-14.171773535356051,0.012279406830839428,0.38173522109642355,9,7,2.140080515297907,0.03259073276948085,-0.025921992471700798,0.017860867064974462,0.03658639519147077,0.00493546162099178,0.07191055412270261,0.043837011213561455,0.05800011165939884,0.851954374942542,1.973080582997534
DOW_G96_ST95,thermal,-1.4293585184191104,10.231512418050377,3.3963571093068508,-14.171773535356051,0.012279406830839428,0.38173522109642355,9,7,2.140080515297907,0.03259073276948085,-0.025921992471700798,0.017860867064974462,0.03658639519147077,0.00493546162099178,0.07191055412270261,0.043837011213561455,0.05800011165939884,0.851954374942542,1.973080582997534
DRYFRIO_RN,other,4.276458431188352,12.998517632455481,6.040159699389385,12.784573589062324,0.025162718915654567,0.1629873179896665,20,12,11.778937198067633,-0.016711014699139975,0.006787718527193505,0.07500886935053772,-0.0037448466974656135,0.016514303457309542,0.034019857334893454,-0.015624929404859008,0.04288919145166657,0.6509223475164135,4.472118622366721
DSWL_BES1,other,0.18784607126081998,5.4763158082319885,2.521101120579749,7.880629470122509,0.004495739112930283,0.3300677715896128,19,15,1.6432528180354264,-0.006466852422531218,0.04963936195788061,-0.014460636015956835,0.06583267885827405,0.0037393608896948223,-0.023669173970639588,-0.009810199180108128,-0.002439096937408567,0.7704106073629844,1.6048275381864874
DUKE_CC1,thermal,-4.744911762732336,33.01137971665436,9.448622425015099,-20.335418996951447,0.07360934040126149,0.44776219553110114,15,19,23.908438003220613,0.03819217139784312,-0.038076617906596284,-0.020922586080629236,0.00593404451138576,0.014002775314367782,-0.04592704918398926,-0.02340552853561816,-0.008478569150104268,0.8610056285792246,4.9910631783008625
DUKE_GST1CCU,other,-4.7469979198819034,33.01133742656565,9.449420250956186,-20.33531717443685,0.07360934040126149,0.44796349728242635,15,19,23.89872785829308,0.03817600792242264,-0.03807274091931338,-0.020914821985399623,0.005975909559457265,0.014023131380830063,-0.04595767178035173,-0.023435219760751115,-0.008506562953186865,0.8606990112704636,4.996596387322655
DUKE_GT2_CCU,thermal,-4.740785747836006,33.012189963044655,9.450649533650944,-20.334273297922323,0.07360934040126149,0.44756089377977587,15,19,23.927632850241547,0.038218967042330264,-0.038079195686747405,-0.02093513593976732,0.005850594949633646,0.013960708883849293,-0.045860457331334537,-0.023343817025623003,-0.008422068670708547,0.8613824959382528,4.984897733867837
DUP_PUN1,other,-2.7083419445749177,24.484400183599647,6.069674562168691,-21.05543418313606,0.03066496678521103,0.385559954371603,8,19,11.965314009661835,0.035746366217865255,-0.0502435250054025,0.0041774258192615946,0.026875402969923915,0.005058578260258563,-0.004040755437996276,-0.024118515566172134,0.01396501351476207,0.9176088341611923,2.512468976676395
DUP_PUN2,other,-2.7083419445749177,24.484400183599647,6.069674562168691,-21.05543418313606,0.03066496678521103,0.385559954371603,8,19,11.965314009661835,0.035746366217865255,-0.0502435250054025,0.0041774258192615946,0.026875402969923915,0.005058578260258563,-0.004040755437996276,-0.024118515566172134,0.01396501351476207,0.9176088341611923,2.512468976676395
DUP_PUN3,other,-2.7083419445749177,24.484400183599647,6.069674562168691,-21.05543418313606,0.03066496678521103,0.385559954371603,8,19,11.965314009661835,0.035746366217865255,-0.0502435250054025,0.0041774258192615946,0.026875402969923915,0.005058578260258563,-0.004040755437996276,-0.024118515566172134,0.013965013514762068,0.9176088341611923,2.512468976676395
DUP_PUN4,other,-2.7083419445749177,24.484400183599647,6.069674562168691,-21.05543418313606,0.03066496678521103,0.385559954371603,8,19,11.965314009661835,0.035746366217865255,-0.0502435250054025,0.0041774258192615946,0.026875402969923915,0.005058578260258563,-0.004040755437996276,-0.024118515566172134,0.01396501351476207,0.9176088341611923,2.512468976676395
EBELLS_UNIT1,thermal,-0.7971327920552909,5.285698269807882,2.8072112997383076,0.18687562113752554,0.0052338455344561495,0.37126753002751123,19,15,6.499017713365539,0.00040242582483316405,0.018470028034505866,0.018801844047274505,0.07285124807040291,-0.014769935778335925,0.07062239997664367,-0.06642830592560273,-0.06812054905226803,0.8038642137737475,1.9695157482439452
EBNY_ESS_RN,storage,3.4005515667986312,13.395236549769225,4.334049520230827,13.990448560298837,0.021673488559350466,0.12286116889216936,18,3,7.209243156199678,-0.00046176872505671767,0.02669963299761088,0.06555849305651099,-0.03351074535659175,0.07536079674217608,0.010058076167405458,-0.020722553468638424,-0.004953206703121549,0.8740807282657819,2.473498988603829
ECLIPSE_UN1,other,6.213134939273972,13.894409619618138,9.048131919747702,3.240286667826733,0.06642957793732805,0.1998255384821848,20,14,18.238888888888887,-0.02369788684019191,-0.010208905687037015,0.05830740474298277,0.007382113788059394,-0.02355748771198385,0.026927410653522207,-0.018472519064343034,0.07210815616446639,0.6365985603160802,7.20027592631246
EIFSLR_UNIT1,thermal,0.06184258203046369,6.834392119939212,3.2194189089445078,6.593798484274165,0.007716567134134067,0.38394954036100115,19,15,5.406135265700483,-0.008801712740045757,0.04537487287995274,0.004891777188201798,0.0739286850260681,0.017242382148164974,-0.03762982684810576,0.021181728707904596,0.022580634955747435,0.8423818619734552,1.8329529296316787
ELB_ELBCREEK,other,-1.3543226196067903,16.348310020936577,9.978980742132457,2.6993357888104055,0.09716164530631416,0.43977722606186676,7,15,8.086183574879227,-0.039656826308277326,-0.010835623562495355,-0.011110584513562878,-0.0330474682653373,-0.007928720150321865,-0.0035492963745967798,-0.018816895311136436,-0.02722101643230169,0.6706862226034922,7.982766445135843
ELECTRAW_1_2,other,-4.645303630141582,9.869871214507949,6.12125880695162,4.295085120522588,0.031000469704086424,0.6227605180165068,7,16,4.071755233494363,-0.03971212853319054,-0.006311659381833622,-0.06346544889019845,-0.009916592395036389,0.02305616095879865,0.029452862557207343,-0.019838720405322186,0.032720251528642094,0.9647976488985623,1.4018779624256577
ELMCRK_RN,other,3.02699952416559,30.941782507733457,8.819636326558358,10.754555029697777,0.04931892907468295,0.326779842984634,18,0,11.760913539967374,,,,,,,,,,
ELSAUZ_ALL,wind,-12.669254512514259,34.77754588215505,14.9316406092733,-14.040213613228003,0.19801382272025767,0.5701536603368449,9,19,30.28315619967794,0.020091784534295436,-0.05855483012550699,-0.018634353384426504,0.02257641864119772,0.01927227516935605,-0.036022218977579124,-0.02449278791812015,-0.011770202182934642,0.8347484395268968,8.219530954346746
ELSA_ESR_RN,storage,-2.9422250553579823,33.52186538603842,9.834611823122861,-19.56171826565565,0.08226531570824666,0.40099308863987115,15,20,26.350225442834137,0.03919347073010861,-0.027364247948730942,-0.01909312211467873,-0.0034739989917165295,0.008163703860280367,-0.045262364453279295,-0.020549175395675027,-0.009931756553694113,0.7551843002357255,6.922484958487877
ELS_RN_1,other,1.3461235992753138,23.721244306093233,3.5434905723679795,35.717108200040265,0.00818627122055962,0.32557203247668254,19,2,3.983789786133679,-0.007614505236443616,0.05265436675943229,-0.008807290293885385,0.05426328694013194,0.012430385996546268,-0.03929464898711806,-0.007569333387287845,0.00616010877474327,0.7509747698145184,1.8864043566808373
ELZA_SLR_RN,solar,0.7173099375964572,6.216214615674692,3.037418640542173,6.725182898205871,0.005435147285781386,0.32812185466013555,19,4,2.468470209339774,0.0002545132916526381,0.05487967834923966,-5.006546228755868e-05,0.06772397674700455,0.006730262635238668,-0.05908673919249643,0.026274831882157755,0.014934779869111198,0.9544828232942256,0.931767816534611
EL_RAYO_ALL,wind,-9.821839898007113,34.655326186308685,12.216639602764545,-18.384671849149452,0.13628128564718514,0.5542508219821513,9,19,22.616763285024156,0.024735035206052986,-0.057463575624036915,-0.01683975821022235,0.022402105093184937,0.02501062266633662,-0.03530459392340645,-0.020718212963898665,-0.0038784688892805,0.8867081385632454,5.5244787971201035
EMPCT_RN,other,1.467232100919278,7.291104818211652,3.4832060658927735,6.100892366554302,0.009796685231161511,0.30517345500905857,18,4,3.7600161030595807,0.001470956443557761,0.05429959432639559,0.007560416269927485,0.05509026469058539,0.013789812185228777,-0.06687813651904326,0.04410161170975775,0.022750087282643317,0.9028565427569373,1.6399436818405906
ENDPARK_ESS1,storage,-6.370970945447225,12.937672748768833,8.329294772864525,2.246943132970478,0.07253573106086023,0.6551700999798699,7,21,6.141111111111111,-0.031865836175191994,-0.005056980138330906,-0.056773149639712875,0.00409443095158062,0.021450520486435656,0.011370266455205467,-0.008305961263802373,0.05969341461503049,0.7060618495940875,5.743707495580606
ERSL_RN,other,1.2556149768502987,11.03423588100097,6.521874119304838,-2.910717182568502,0.030530765617660875,0.27450848822384755,20,15,13.475442834138487,-0.002273136835956139,-0.018324390465986874,0.05787975103347244,0.030473754569725627,-0.008524141796596984,0.062108151855115104,0.015988586289409353,0.032759205106727064,0.5458092406901364,6.096338028500163
ESTONIAN_ALL,wind,0.29076427564919816,6.67912430558009,3.11284305173455,6.944908021377,0.007649466550358988,0.3666375897470308,19,15,4.520418679549114,-0.007740587322909079,0.04999500556067665,0.0018716488160326456,0.07024576255569945,0.019104566799483955,-0.045672511975355615,0.02329134235468911,0.029099803267977217,0.8989628451199543,1.4103583389985475
ETCCS_CC1,thermal,0.7010266389317586,14.449547650052246,3.395802187479031,24.14486942838622,0.007716567134134067,0.3396631550694491,9,4,2.6270692431561993,0.0006365846689287,0.047692589025212555,-0.010203714390134226,0.06063505286551648,0.008804943162550684,-0.04112168061916743,-5.938910842477094e-06,0.001942656592826388,0.7053321772983413,2.2046463097228335
ETCCS_CCU,thermal,0.7616801986177277,14.447268325443462,3.3936348386230963,24.15134462218513,0.008052070053009461,0.3369120311346709,9,4,2.626199677938808,0.001434258275931612,0.050118209359031156,-0.008333520713855578,0.06343711602162067,0.009597470334709708,-0.041875220093228166,-0.0018706729235700365,0.0037116046327133117,0.7701176504721207,1.9453885673319617
EUNICE_ALL,wind,7.027619942293499,16.126814187539992,11.242082802120379,3.5374630015201936,0.11581560759578609,0.25451251425887406,0,15,19.697777777777777,-0.039907592767036176,-0.023856286140263635,0.044353790537808295,-0.005782158476145142,-0.04807310052727085,-0.024067723920032216,-0.0037021208728674356,0.004492023583849792,0.9465108939560594,3.1919156837873075
EVLN_ESS_RN,storage,2.620194412344504,11.153791662919922,5.186281014207056,-3.46059990097216,0.038113131584244786,0.23807287123397974,15,6,13.016492659053833,,,,,,,,,,
EXGNSND_RN,other,-4.308137958800242,28.757471984783372,9.53489498758639,-17.42718796989156,0.08743206065892774,0.40870965577400525,15,20,18.803462157809985,0.02924582426983002,-0.03971669421598227,-0.020188258353030536,-0.0028630747623374308,0.028121368454887923,-0.046286402450971514,-0.011386213961004818,-0.025168509369743793,0.7055810061641978,7.360030608894576
EXGNWTL_1,other,-10.282330403274509,33.05724930791231,13.174541367509898,-14.885487629107908,0.15547205260685767,0.5255988727101926,13,20,30.582302737520127,0.02815397071616651,-0.04675435723518719,-0.027585941142655755,0.003943027016216357,0.028026148464290124,-0.06044542652798525,-0.03311091018010142,-0.024334099907029637,0.8770454521190343,6.607116427965471
EXN_14,other,2.2210038247332755,9.1676661663723,4.406267194524593,-4.463577051531007,0.025296920083204725,0.23364423270482454,15,6,10.213107890499195,0.043294417670516325,0.03232118223832841,-0.013907794334511786,-0.0320829801785783,-0.03450751253595279,-0.004709401837863745,-0.0211420764079297,-0.0016361873926191357,0.9773051293233039,1.0046232130391743
EXN_1_3,other,2.2210038247332755,9.1676661663723,4.406267194524593,-4.463577051531007,0.025296920083204725,0.23364423270482454,15,6,10.213107890499195,0.043294417670516325,0.03232118223832841,-0.013907794334511786,-0.0320829801785783,-0.03450751253595279,-0.004709401837863745,-0.0211420764079297,-0.0016361873926191357,0.9773051293233039,1.0046232130391743
EXN_4,other,2.2210038247332755,9.1676661663723,4.406267194524593,-4.463577051531007,0.025296920083204725,0.23364423270482454,15,6,10.213107890499195,0.043294417670516325,0.03232118223832841,-0.013907794334511786,-0.0320829801785783,-0.03450751253595279,-0.004709401837863745,-0.0211420764079297,-0.0016361873926191357,0.9773051293233039,1.0046232130391743
EXN_8,other,2.2210038247332755,9.1676661663723,4.406267194524593,-4.463577051531007,0.025296920083204725,0.23364423270482454,15,6,10.213107890499195,0.043294417670516325,0.03232118223832841,-0.013907794334511786,-0.0320829801785783,-0.03450751253595279,-0.004709401837863745,-0.0211420764079297,-0.0016361873926191357,0.9773051293233039,1.0046232130391743
EXN_9_13,other,2.2210038247332755,9.1676661663723,4.406267194524593,-4.463577051531007,0.025296920083204725,0.23364423270482454,15,6,10.213107890499195,0.043294417670516325,0.03232118223832841,-0.013907794334511786,-0.0320829801785783,-0.03450751253595279,-0.004709401837863745,-0.0211420764079297,-0.0016361873926191357,0.9773051293233039,1.0046232130391743
EXN_PUN1,other,2.221004495739113,9.167666590478692,4.40626786553043,-4.463575418021991,0.025296920083204725,0.23364423270482454,15,6,10.213107890499193,0.043294399977523775,0.03232124805754561,-0.01390765629970046,-0.03208297916558827,-0.03450746437887048,-0.0047094677919107325,-0.021142219826148133,-0.001636394900884197,0.9773049403734607,1.0046274795235084
EXN_PUN2,other,2.221010534791653,9.167710138236487,4.40627390458297,-4.463411020960148,0.025296920083204725,0.23364423270482454,15,6,10.213107890499193,0.043294399977523775,0.03232124805754561,-0.01390765629970046,-0.03208297916558827,-0.03450746437887048,-0.0047094677919107325,-0.021142219826148133,-0.001636394900884197,0.9773049403734607,1.0046274795235084
EXN_PUN3,other,2.220797825941086,9.167443705398766,4.406062537744079,-4.463937544697996,0.025296920083204725,0.23364423270482454,15,6,10.212173913043479,0.043295412401759166,0.03232117038636932,-0.013906021079144982,-0.032077342387379415,-0.03450644614547844,-0.004707256439169495,-0.02113706786276966,-0.0016286093639155212,0.9772946439411008,1.0048102295922954
E_BLACK_RN,other,2.7210159028383547,9.665050788208058,3.785376098772059,8.689716451967827,0.01925786754344763,0.14158223176541637,16,4,7.78867954911433,0.01520671885250297,0.02464820475059782,0.05106568142840557,-0.04032518305190694,0.07172998897544522,-0.0073044258493832155,-0.03203177334555888,0.02824457873816241,0.8280485132203478,2.53034269175371
FAGUSSLR_RN,other,-6.826975052681667,11.874971383384873,8.27126436000272,2.398391405330854,0.06622827618600281,0.6669127021405086,7,16,4.342479608482869,,,,,,,,,,
FALFUR_RN,other,-6.5640059048513715,31.241770196043365,9.95585586794605,-18.43766569303904,0.08890827350197947,0.47869556465141244,13,19,23.383478260869566,0.03451054883171455,-0.04646281121376743,-0.02184096158946862,0.007720375921035558,0.02162341766416211,-0.04683852177085669,-0.03452650992136733,-0.017325147568837178,0.9230571695831495,3.924349924829132
FALFUR_RN2,other,-6.520432329549316,31.39126991857191,9.946486302766639,-18.412725254308288,0.08709655774005234,0.4716500033550292,13,19,23.590815660685156,,,,,,,,,,
FAL_FALCONG1,other,-5.37036100114071,29.990612338804226,9.864070992417634,-17.78808359054277,0.09561833187948734,0.4414547406562437,15,20,22.64987117552335,0.031314093309259806,-0.04015293525933742,-0.02605475430337262,-0.002478950404524705,0.027601773541436316,-0.05320702150544736,-0.01837996317522844,-0.025332009204270863,0.8001887182299853,6.349155904097013
FAL_FALCONG2,other,-5.370520029524257,29.990584783096754,9.86405690129504,-17.788117401679227,0.09561833187948734,0.4414547406562437,15,20,22.650628019323673,0.0313141170915879,-0.04015297075702579,-0.02605477776385013,-0.002478686150283672,0.027601938314903054,-0.0532073951825497,-0.018380291709320463,-0.025329382351375322,0.8001894812279461,6.349123136464052
FAL_FALCONG3,other,-5.37050728041334,29.990587608319156,9.864069650405957,-17.788113587410475,0.09561833187948734,0.4414547406562437,15,20,22.650628019323673,0.03131409794902717,-0.04015299242832809,-0.026054826198493086,-0.002478662487501349,0.027601975475863322,-0.05320733449385135,-0.018380281234246967,-0.025329443555678493,0.80018950600298,6.349124979406707
FAULKNER_RN,other,9.529243105415016,20.00639817813678,13.526961685566665,4.165746175873298,0.16963027578339931,0.23941488290948132,3,15,24.5487922705314,-0.0359010405559097,-0.02052353797985944,0.050363300190333506,0.0017571338977464077,-0.0508744913390091,-0.02585871819814321,-0.037949476552954886,0.041503028772390226,0.9363838856612753,4.25790737089267
FEGC_RN,other,1.2071260819969136,8.848070377401049,3.761904314567537,-7.346890057357422,0.0139569214252164,0.25471381601019927,15,7,7.516698872785828,0.042906085873347724,0.025810490826597362,-0.011699050564753243,-0.0170572479510652,-0.0340344392723424,0.008709281284094417,0.0016314703362477708,0.015228387336340157,0.8405526864842859,2.1617791739147068
FENCESLR_ALL,wind,0.4787123397973562,6.948457418827694,3.0824981547339463,3.234515611748084,0.010132188150036905,0.32557203247668254,19,15,1.9947665056360704,0.0032014653925713805,0.04902824475026072,-0.0005501777500968886,0.06559300802564105,-0.008403505853736849,-0.02591835292881688,-0.010731191894357126,-0.01775157154033751,0.742426450946122,2.2167914172525687
FERGCC_CC1,thermal,3.331548681473529,16.787990468597595,5.317257599141112,14.156475663426104,0.03415419714151513,0.17399181372877945,16,2,10.028519741206402,0.0035083893277755196,0.028442696203788333,0.03371033707383973,-0.04721370125220196,0.07460005114451897,-0.031054996763970347,-0.015485853782708668,0.02552615593060127,0.7435812338932545,4.3584896926706085
FERGCC_GT1_1,thermal,3.3330758907602496,16.78980695646305,5.318668053412065,14.15232017152531,0.03415419714151513,0.17399181372877945,16,2,10.033978522316655,0.0035015153242281853,0.02844422096165199,0.033704315773070384,-0.04721981918717877,0.0746120574123856,-0.031047202451565246,-0.015476381814314906,0.025529592883144523,0.7436686078730872,4.359015086664267
FERGCC_GT2_3,thermal,3.333095349929545,16.789809612540566,5.31867543447628,14.152310530903932,0.03415419714151513,0.17399181372877945,16,2,10.033978522316655,0.003501658228693372,0.02844425199456045,0.03370479671446674,-0.04721970495941329,0.07461202004841884,-0.031046684787911494,-0.015476902039760461,0.02553007206282422,0.7436705015208414,4.35900232131108
FERGCC_ST1_5,thermal,3.328735825001677,16.78472217111416,5.314702408910958,14.163966276521327,0.03408709655774005,0.17405891431255452,16,2,10.018584361561814,0.003520399233930069,0.0284396434198018,0.03371954549753888,-0.047202922565854566,0.07457769795080382,-0.031070304546791765,-0.01550152197489131,0.025518418846712493,0.7434073100445115,4.357692979081849
FERMI_ALL,wind,9.558837817889014,30.695879298968688,16.61563577803127,3.7583509301447493,0.16895926994564853,0.337851439307522,4,14,24.963800322061193,-0.03621766524113386,-0.007300064420299951,0.01643594659851322,-0.006345657770324537,-0.03123275033583806,-0.025426197939652312,-0.0496559889083765,0.06507373209163027,0.6733764394183273,15.405027320954941
FILESSLR_PV1,other,-4.10121720458968,13.154438062015913,6.139767831980139,-2.152367215138398,0.06394685633765014,0.47547473663020867,19,15,14.114476650563606,-0.011322901250426684,0.005429976375591336,0.01387481149683024,0.04593243693641535,-0.021137010197808486,0.028169753240316665,-0.03462612169482359,-0.04213801867172536,0.3213424063274942,9.864274920813873
FIVEWSLR_ALL,wind,-0.8042615580755552,6.682848619584969,3.2103677111990874,1.13379164927941,0.012413607998389586,0.35992753136952294,19,15,8.157117552334942,-0.004181111790076903,0.014187808354355921,0.02572322853029892,0.0679788869635516,-0.010535875941224404,0.07711257695500295,-0.08060910227786633,-0.08890985647187492,0.8795539858774712,1.8496579864257825
FLCNS_UNIT1,thermal,3.3274978192310276,13.992948165973916,8.5338428504328,4.490633652018055,0.050862242501509766,0.30020801180970275,21,15,13.267954911433174,-0.04461991785741552,-0.020363524706041778,0.022598318650154957,-0.01744753170105817,-0.03353286441512598,-0.015701582704306882,-0.004447030631178377,-0.013314444496749638,0.8856207219068233,3.8737937926673567
FLCNS_UNIT2,thermal,3.3274978192310276,13.992948165973916,8.5338428504328,4.490633652018055,0.050862242501509766,0.30020801180970275,21,15,13.267954911433174,-0.04461991785741552,-0.020363524706041778,0.022598318650154957,-0.01744753170105817,-0.03353286441512598,-0.015701582704306882,-0.004447030631178377,-0.013314444496749638,0.8856207219068233,3.8737937926673567
FLCNS_UNIT3,thermal,3.3274978192310276,13.992948165973916,8.5338428504328,4.490633652018055,0.050862242501509766,0.30020801180970275,21,15,13.267954911433174,-0.04461991785741552,-0.020363524706041778,0.022598318650154957,-0.01744753170105817,-0.03353286441512598,-0.015701582704306882,-0.004447030631178377,-0.013314444496749638,0.8856207219068233,3.8737937926673567
FLOWERII_RN,other,9.646808696235658,19.72267762392998,13.590391867409247,4.028340510890973,0.16956317519962424,0.23257062336442327,3,15,24.018711755233493,-0.03681148423367116,-0.02081471399324884,0.04787054372060684,0.0003494944612465937,-0.05025108638909304,-0.02641438950243841,-0.03699092548630128,0.04472755606599923,0.9413390378878487,4.0449783649419375
FLTBES1,other,9.646808696235658,19.72267762392998,13.590391867409247,4.028340510890973,0.16956317519962424,0.23257062336442327,3,15,24.018711755233493,-0.03681148423367116,-0.020814713993248836,0.04787054372060684,0.0003494944612465942,-0.05025108638909304,-0.026414389502438414,-0.03699092548630129,0.044727556065999236,0.9413390378878487,4.0449783649419375
FLTCK_SSI,other,1.1502952425686102,11.168509596625398,4.230817285110381,10.605660596222483,0.018855264040797154,0.3573777091860699,18,1,6.106285163956071,-0.01726414343274081,0.042014119824728836,-0.020560431808050186,-0.006121656101882761,0.010174980302721326,-0.030487812574813932,-0.05454367640505872,0.00155125507548366,0.5176072420078568,4.71503175913527
FLUVANNA_1_2,other,-6.370970945447225,12.937672748768833,8.329294772864525,2.246943132970478,0.07253573106086023,0.6551700999798699,7,21,6.141111111111111,-0.031865836175191994,-0.005056980138330906,-0.056773149639712875,0.00409443095158062,0.021450520486435656,0.011370266455205467,-0.008305961263802373,0.05969341461503049,0.7060618495940875,5.743707495580606
FLVABES1_ESR,storage,9.646808696235658,19.72267762392998,13.590391867409247,4.028340510890973,0.16956317519962424,0.23257062336442327,3,15,24.018711755233493,-0.03681148423367116,-0.020814713993248836,0.04787054372060684,0.0003494944612465942,-0.05025108638909304,-0.026414389502438414,-0.03699092548630129,0.044727556065999236,0.9413390378878487,4.0449783649419375
FOARDCTY_ALL,wind,-5.0629853049721545,10.107928938450277,6.542349191437966,4.363324175631063,0.03274508488223848,0.6469838287593102,7,16,4.209790660225442,-0.038206675533063714,-0.0057623519508150775,-0.06539529346140348,-0.005746247148505298,0.023745455230974367,0.030052325881435867,-0.017526839458699654,0.04337988690474741,0.9536658836957124,1.6607372531394786
FORMOSA_CC1,thermal,-2.5132295510970946,25.797418777061782,5.9181923102731,-23.65085008166049,0.027645440515332482,0.3901227940683084,9,19,9.713027375201289,0.03533457637516402,-0.049277910489454305,0.007426602520433797,0.029562745594878967,0.00769822840191722,0.0009327630993813013,-0.022895308564338593,0.01790868079106919,0.9085924134229268,2.4614096541161525
FORMOSA_CC2,thermal,-2.517304569549755,25.797669389989693,5.922232436422197,-23.64969225267898,0.027645440515332482,0.3905253975709589,9,19,9.719677938808374,0.03532937973747577,-0.04928706037536982,0.007463612470561057,0.029607816547601352,0.0077183250752988096,0.0008755714289373196,-0.02288924019017885,0.017988058960191632,0.9089097550600082,2.457525631516714
FORMOSA_PUN1,other,-2.518227202576663,25.797523219591838,5.921352747768905,-23.64999013442924,0.027645440515332482,0.3905253975709589,9,19,9.719774557165863,0.035330686339849836,-0.049285239047451364,0.007472166595311845,0.029604571011879032,0.007710852397389235,0.0008645391782926477,-0.022884302153582343,0.017998122272263273,0.9089032154625726,2.4575086534715425
FORMOSA_PUN2,other,-2.518641884184393,25.797315730912697,5.9212494128698925,-23.65052518065791,0.027645440515332482,0.39065959873850903,9,19,9.718647342995169,0.03532571400967709,-0.049302671665442534,0.0074809252860410244,0.029612174104091143,0.007737967601659591,0.0008774019719580766,-0.022875632684267642,0.018017365774531256,0.9091329580658114,2.45422518672001
FORTMA_RN,other,3.243744883580487,20.21183690564498,7.665802187479031,6.4239349087551965,0.07709857075756558,0.17365631080990404,16,4,12.532882447665056,0.013507902190711258,0.025072487794354423,0.027120335622731362,-0.028698175539617107,0.05602017291551432,-0.016424969014630895,-0.0164530973871347,0.0019614275113830925,0.471274241735132,9.795320744381232
FOXTROT_ALL,wind,-5.964380326108837,44.20509312826841,8.511412467288466,-22.91699934715041,0.0580420049654432,0.4201167550157686,9,19,18.974573268921095,0.03285979541518192,-0.05455588152551414,-0.01038490272066368,0.02331314347869291,-0.003112694031619709,-0.016733943941684173,-0.016510967995621646,0.006720180879160089,0.9162740689474026,3.8271425465937314
FO_FORMOSA11,other,-2.5174005233845533,25.797637713341093,5.9221539287391805,-23.64976984372038,0.027645440515332482,0.3905253975709589,9,19,9.719581320450885,0.03532957331200981,-0.049287198839247204,0.007464496229347917,0.02960747016190434,0.007717709800104723,0.0008750343052661624,-0.022889520170328838,0.01798879152208392,0.9089163479529686,2.457410003951539
FO_FORMOSA12,other,-2.5173038985439176,25.797669470687058,5.922233107428035,-23.649692107656858,0.027645440515332482,0.3905253975709589,9,19,9.719677938808374,0.03532937656319006,-0.04928706393933416,0.007463630530470005,0.029607808573319117,0.007718306689795042,0.0008755780423507204,-0.02288922884645167,0.01798804298951093,0.9089096879047721,2.4575265894219154
FO_FORMOSG1,other,-2.5173032275380796,25.79767011428567,5.922233778433872,-23.649690441911968,0.027645440515332482,0.3905253975709589,9,19,9.719694041867955,0.035329363810391874,-0.04928706601699908,0.007463645321487301,0.029607859894338638,0.007718292701551332,0.0008755912683286584,-0.022889230048114235,0.017987938641434022,0.9089095829761554,2.457528595088186
FO_FORMOSG10,other,-2.5173038985439176,25.797669470687058,5.922233107428035,-23.649692107656858,0.027645440515332482,0.3905253975709589,9,19,9.719677938808374,0.03532937656319006,-0.04928706393933416,0.007463630530470005,0.029607808573319117,0.007718306689795042,0.0008755780423507204,-0.02288922884645167,0.01798804298951093,0.9089096879047721,2.4575265894219154
FO_FORMOSG13,other,-2.5173038985439176,25.797669470687058,5.922233107428035,-23.649692107656858,0.027645440515332482,0.3905253975709589,9,19,9.719677938808374,0.03532937656319006,-0.04928706393933416,0.007463630530470005,0.029607808573319117,0.007718306689795042,0.0008755780423507204,-0.02288922884645167,0.01798804298951093,0.9089096879047721,2.4575265894219154
FO_FORMOSG14,other,-2.5173038985439176,25.797669470687058,5.922233107428035,-23.649692107656858,0.027645440515332482,0.3905253975709589,9,19,9.719677938808374,0.03532937656319006,-0.04928706393933416,0.007463630530470005,0.029607808573319117,0.007718306689795042,0.0008755780423507204,-0.02288922884645167,0.01798804298951093,0.9089096879047721,2.4575265894219154
FO_FORMOSG15,other,-2.5173038985439176,25.79766948733479,5.922233107428035,-23.649692062635765,0.027645440515332482,0.3905253975709589,9,19,9.719694041867957,0.03532937780930932,-0.04928705917214812,0.007463625182699921,0.02960779235527625,0.007718323523166131,0.0008755247791268926,-0.02288923106444394,0.017988105811348843,0.9089096149675948,2.4575275892258994
FO_FORMOSG2,other,-2.5173038985439176,25.797669470687058,5.922233107428035,-23.649692107656858,0.027645440515332482,0.3905253975709589,9,19,9.719677938808374,0.03532937656319006,-0.04928706393933416,0.007463630530470005,0.029607808573319117,0.007718306689795042,0.0008755780423507204,-0.02288922884645167,0.01798804298951093,0.9089096879047721,2.4575265894219154
FO_FORMOSG3,other,-2.5173038985439176,25.797669470687058,5.922233107428035,-23.649692107656858,0.027645440515332482,0.3905253975709589,9,19,9.719677938808374,0.03532937656319006,-0.04928706393933416,0.007463630530470005,0.029607808573319117,0.007718306689795042,0.0008755780423507204,-0.02288922884645167,0.01798804298951093,0.9089096879047721,2.4575265894219154
FO_FORMOSG4,other,-2.5173038985439176,25.797669470687058,5.922233107428035,-23.649692107656858,0.027645440515332482,0.3905253975709589,9,19,9.719677938808374,0.03532937656319006,-0.04928706393933416,0.007463630530470005,0.029607808573319117,0.007718306689795042,0.0008755780423507204,-0.02288922884645167,0.01798804298951093,0.9089096879047721,2.4575265894219154
FO_FORMOSG5,other,-2.517303227538079,25.79766859361986,5.922232436422197,-23.649694464495447,0.027645440515332482,0.3905253975709589,9,19,9.719677938808374,0.03532937650662613,-0.04928706326988252,0.007463645187528076,0.029607795003090347,0.007718346328040848,0.0008755857589991579,-0.02288921535954921,0.01798803673151614,0.908909652992025,2.457526196626336
FO_FORMOSG6,other,-2.517302556532242,25.79766966511707,5.922233107428035,-23.649691722540663,0.027645440515332482,0.3905253975709589,9,19,9.719694041867955,0.035329372638136916,-0.04928706906133026,0.00746366750162945,0.029607803961138813,0.007718276689088128,0.0008755623737869931,-0.02288923056626955,0.017987991577038908,0.908909644820348,2.4575273062243084
FO_FORMOSG7,other,-2.517305240555593,25.79766982693257,5.922233107428035,-23.64969100604146,0.027645440515332482,0.3905253975709589,9,19,9.719677938808374,0.03532936008363244,-0.04928707870514268,0.0074635998049832585,0.029607840215513465,0.007718325770921316,0.0008756370444610124,-0.02288924643908177,0.01798802132529821,0.9089096479371097,2.457527519478591
FO_FORMOSG8,other,-2.5173038985439176,25.797669470687058,5.922233107428035,-23.649692107656858,0.027645440515332482,0.3905253975709589,9,19,9.719677938808374,0.03532937656319006,-0.04928706393933416,0.007463630530470005,0.029607808573319117,0.007718306689795042,0.0008755780423507204,-0.02288922884645167,0.01798804298951093,0.9089096879047721,2.4575265894219154
FO_FORMOSG9,other,-2.5173038985439176,25.797669470687058,5.922233107428035,-23.649692107656858,0.027645440515332482,0.3905253975709589,9,19,9.719677938808374,0.03532937656319006,-0.04928706393933416,0.007463630530470005,0.029607808573319117,0.007718306689795042,0.0008755780423507204,-0.02288922884645167,0.01798804298951093,0.9089096879047721,2.4575265894219154
FPPYD_FPP_G1,thermal,0.6176984499765148,7.7824888937848105,3.079849694692344,-8.434060279477306,0.010467691068912299,0.20727370328121855,16,7,3.2564090177133656,0.03300886132104913,-0.0005851365354779383,0.0528979417071853,-0.011441815150005748,0.05369523177254375,0.04273425597137681,0.0035490055028703734,0.018497756986859036,0.8329099313890014,1.8414530422686262
FPPYD_FPP_G2,thermal,0.6176984499765148,7.7824888937848105,3.079849694692344,-8.434060279477306,0.010467691068912299,0.20727370328121855,16,7,3.2564090177133656,0.03300886132104913,-0.0005851365354779383,0.0528979417071853,-0.01144181515000575,0.05369523177254374,0.042734255971376825,0.00354900550287038,0.018497756986859022,0.8329099313890014,1.8414530422686264
FPPYD_FPP_G3,thermal,0.6056257129437025,7.808929898450879,3.0810185868617057,-8.567987876058567,0.010534791652687378,0.2074079044487687,16,7,3.2510466988727864,0.033052357012718116,-0.0007918763545217667,0.05277598383290872,-0.011278961702998944,0.05352336653205257,0.043043171973698176,0.0040674160994866645,0.01874009012556919,0.8326495920464874,1.8446615831469673
FREC_1_CCU,thermal,0.29984097161645307,5.336324985288829,2.502385425753204,7.585170838891477,0.004160236194054888,0.32013688519090117,19,15,1.7290177133655396,0.005641650183664911,0.05334010044989096,-0.0015236440852611315,0.07252797317733593,-0.0065378371982242845,-0.018708882143787305,-0.015078032894962878,-0.011719885371569297,0.8797925295176375,1.187812043920681
FREC_2_CCU,thermal,0.4510044957391129,6.791738959628731,2.619259209555123,14.726411292389898,0.0056364490371066224,0.31792256592632356,19,15,1.6417552334943641,0.0038953581335447207,0.05306205669242301,-0.0030867628859274163,0.07194862272498495,-0.00642578157470416,-0.025146395772078934,-0.014759632728168715,-0.008490146720727869,0.8711852805455539,1.2467272192439764
FREC_CC1,thermal,0.2359169294772865,5.341036880551573,2.514168288264108,7.57036960352735,0.004160236194054888,0.32557203247668254,19,15,1.858486312399356,0.0045157036064728834,0.053280784560147676,-0.004010217570979171,0.07135746450723973,-0.005797801667861454,-0.015457829740133816,-0.018904055669552597,-0.009556427282519585,0.8613590532727947,1.2777928037349515
FREC_CC2,thermal,0.4397463597933302,6.800293290475125,2.6271368180903174,14.6710343521238,0.0056364490371066224,0.3187277729316245,19,15,1.6607890499194848,0.0036018824802771477,0.05291224917908669,-0.003391240153028686,0.07172788234763822,-0.006913333086769862,-0.025315690269173942,-0.01446270394390586,-0.008921466897582211,0.8662628100817462,1.2761384505055353
FRMRSVLW_RN,other,0.8591176273233576,6.654484646996471,3.1317097228745885,7.145136850736746,0.007045561296383279,0.3263101388982084,18,4,3.476247987117552,-0.005486105441681978,0.05669747432810648,0.00027239155875930356,0.057029256922662266,0.0200145460437904,-0.0586711051467792,0.027754707878862413,0.028115390353257705,0.9282021406927575,1.2333739186794699
FRMR_BS2_RN1,other,0.8591176273233576,6.654484646996471,3.1317097228745885,7.145136850736746,0.007045561296383279,0.3263101388982084,18,4,3.476247987117552,-0.005486105441681978,0.05669747432810648,0.00027239155875930356,0.057029256922662266,0.0200145460437904,-0.0586711051467792,0.02775470787886241,0.028115390353257705,0.9282021406927575,1.2333739186794699
FRNYPP_1_CCU,thermal,0.6108944507817218,5.993313596264656,3.0072683352345164,6.176020406320504,0.005099644366905992,0.32959806750318726,19,15,2.20268921095008,0.001839002898858119,0.05233537977655214,-0.001268485111265706,0.07153707936006666,0.0016222113864933735,-0.054844654439368264,0.02468801559856959,0.009694242970891925,0.9295550969742332,1.149460594400397
FRNYPP_2_CCU,thermal,0.6103100046970408,5.991580076997202,3.006670469033081,6.178563173852367,0.005032543783130913,0.32959806750318726,19,15,2.2026731078904986,0.001862984717556963,0.0523133126532517,-0.0012915635440095383,0.07156935818278702,0.0015960680910502983,-0.0548150530244159,0.024770710183811627,0.009699728346997194,0.9295308999143732,1.1487849816412599
FRNYPP_CC1,thermal,0.6108937797758841,5.99331400224363,3.0072690062403544,6.176019364216916,0.005099644366905992,0.32959806750318726,19,15,2.2027053140096613,0.001838998561060914,0.05233537547706812,-0.0012684840400495505,0.07153708702953995,0.0016221912000816867,-0.054844673753843505,0.024687998605684405,0.009694221635067892,0.9295551386419769,1.1494603983541238
FRNYPP_CC2,thermal,0.5792236462457223,6.013102768667937,3.024241427900423,6.112783276352288,0.005032543783130913,0.33161108501643966,19,15,2.2039774557165854,0.0012044250401949343,0.05191890135360234,-0.002018018613757172,0.07081294274562806,0.000322157215487669,-0.054867703644604235,0.024985256541680333,0.008345479849349738,0.9142874400539545,1.277700280940244
FRONT_EC_CC1,thermal,-5.316636247735357,32.5864960342023,9.30945111722472,-20.78035680774446,0.07139502113668389,0.4844662148560692,15,19,22.00320450885668,0.034227707544210104,-0.04094673519912323,-0.02535567037119096,0.006327192226519012,0.008319087791740358,-0.04479591048696928,-0.02250148219431814,-0.015180350362366481,0.8083158168675508,5.644205732545138
FRONT_EC_RN1,other,-4.873954908407703,32.711336561281,9.349347782325708,-20.582288128230868,0.07179762463933437,0.4631953297993693,15,19,23.144235104669885,0.038194682147015185,-0.04069194528689457,-0.01962552746489799,0.004061923169358798,0.014685597566754666,-0.04687094842902666,-0.02341935013794869,-0.009653763059506298,0.8929540943163413,4.296756529735125
FRONT_EC_RN2,other,-4.873955579413542,32.71133650673434,9.349348453331544,-20.58228817005432,0.07179762463933437,0.4631953297993693,15,19,23.144235104669885,0.03819468506563715,-0.0406919413827352,-0.01962552909580057,0.004061922720975921,0.014685608042999133,-0.04687094065148467,-0.02341933575712573,-0.009653791841656724,0.8929541143962209,4.296756102441637
FRONT_EC_RN3,other,-4.873954908407703,32.711336561281,9.349347782325708,-20.582288128230868,0.07179762463933437,0.4631953297993693,15,19,23.144235104669885,0.038194682147015185,-0.04069194528689457,-0.01962552746489799,0.004061923169358798,0.014685597566754666,-0.04687094842902666,-0.02341935013794869,-0.009653763059506298,0.8929540943163413,4.296756529735125
FRYE_SLR_ALL,solar,-7.456371871435281,12.501356042207863,8.95876870428773,2.1378576332674353,0.07984969469234382,0.6910018117157619,8,21,4.82499194847021,-0.029485020477135256,-0.0012386511000998727,-0.06677211684929549,0.0021146295731617267,0.023617280929628188,0.03613017259358479,-0.027325222166347352,0.08354232221736108,0.8635946615962666,3.787087625228485
FTDUNCAN_RN,other,6.252443132255251,15.109427754525404,9.43316781856002,2.0548019270748674,0.07944709118969336,0.21270885056699992,20,13,19.320740740740742,-0.014291680865152026,-0.00697461378528286,0.05748902148356985,0.00826600681908341,-0.023621694854490827,0.04811708501796689,0.0012328428316901049,0.06654576734248181,0.5290686981814734,8.790650896135793
FTR_CC1,thermal,0.7890149634301818,6.110433576498246,2.9288914983560357,-2.5089495968672124,0.010266389317587063,0.2664564181708381,15,5,4.102173913043478,0.0349250150297211,0.034870767413635075,-0.013177825850039009,0.004845500082420995,-0.04093837641614758,0.023224026180581416,-0.009238731009472883,-0.01354535960332971,0.7440640361925577,2.2409107566052184
FTR_FTR_G1_4,thermal,0.9213151714419916,5.80573262497961,2.814615849157888,-2.3391406485216533,0.008320472388109776,0.2598134603771053,15,5,4.122898550724637,0.03614128669296364,0.03751199302102512,-0.009247075355725793,0.005279520340955867,-0.03930050999629658,0.0193863406198101,-0.012973543721496828,-0.012673902215099791,0.7866597518165965,1.9505271062453204
FTWIND_UNIT1,wind,-3.293546265852513,10.23422462767408,4.999851036704019,5.603010466769969,0.03227538079581292,0.5119103536200765,7,16,4.60341384863124,-0.043055493328220215,-0.014563484801374822,-0.03272362284387814,-0.015125839842810834,0.012298617620995298,0.0025971938472589364,0.04223402433705224,-0.028754688202012074,0.8298786211047231,3.0193106952757938
FWLR_SLR_1,solar,8.5755492182782,19.565252053055367,13.113172515600885,3.4686406659209057,0.1503053076561766,0.26914044152184124,4,15,24.743703703703705,-0.04035586381238939,-0.020603292329348905,0.036887875091891426,-0.0018928496310430965,-0.050189354947355755,-0.02729901294171446,-0.031062916183819882,0.04273608866779065,0.9480411452438989,3.8935552369096205
GALO_RN1,other,-2.8206663087968864,11.270961032726163,5.59984499765148,7.288062085058582,0.02912165335838422,0.4886935516338992,20,15,5.964202898550724,-0.04329824443665082,-0.0140982586218581,-0.02017676441075464,-0.02074499573159478,0.012939325700935863,0.0017507168888039142,0.04695360055567513,-0.05701681185556685,0.8440293822888847,3.0581059099242975
GAMBIT_RN,other,-0.15082667919210913,9.03838146679728,2.972068039991948,-14.424254461478052,0.007515265382808831,0.27672280748842515,15,7,3.421046698872786,0.046353381248606516,-0.00378434240607992,0.01168364873836742,0.01520172493356231,-0.005710076198415659,0.04571260405963663,0.020900456691091057,0.04654427973671826,0.8768070845964959,1.4328680838876433
GARC_BESS_RN,storage,-4.054466885861907,33.00271255057439,8.946185331812387,-16.353712918353025,0.06582567268335235,0.4344762799436355,15,19,21.014299516908213,0.037727781102373424,-0.04024839298962936,-0.015374488233295607,0.003701343615975737,0.01562015924708548,-0.042511426504853345,-0.020272585090035777,-0.008420157412325388,0.8490016032155885,4.82337633815346
GBY_GT,other,1.57392605515668,8.23534764360719,3.7459571898275517,-6.509134393342692,0.014829229014292424,0.23545594846675166,15,6,7.947954911433173,0.04322153897160246,0.033146272036756186,-0.013558495029794617,-0.024280746382201682,-0.03659465111998653,-9.005976536227895e-05,-0.014076679393484509,0.0023935776168787968,0.9534378999597258,1.1916263791467276
GID_GIDEONG1,other,2.1064228678789503,7.54403545927574,3.2943393947527344,6.194254797302619,0.01274911091726498,0.14520566328927062,16,4,5.735136876006441,0.022280135492640005,0.017181277123338248,0.05616892324747295,-0.032395842354202495,0.06842327345534754,0.013085158649520841,-0.020022944123176793,0.02060161090962964,0.8305752979057103,2.0888484571626904
GID_GIDEONG2,other,2.10580554250822,7.543881542369472,3.2938146681876135,6.194839169489195,0.01274911091726498,0.14520566328927062,16,4,5.7338969404186795,0.022282461993763162,0.017178726936754807,0.056175912712960165,-0.03239581136027679,0.0684204309478034,0.013065352744506925,-0.02003821595666298,0.02058955556780738,0.8306268885574738,2.088428379727528
GID_GIDEONG3,other,1.9273850902502851,7.325026544465786,3.16845467355566,6.157122737914388,0.011407099241763403,0.15158021874790312,16,4,5.201513687600644,0.024189333395251394,0.014336281421922172,0.057147583547686356,-0.028590897058684308,0.06686163552368361,0.011688157220119729,-0.023158529710175846,0.019389171821322538,0.8275274037421813,2.003802797306031
GIGA_ESS_RN,storage,2.6419720861571494,8.75416013588009,3.6758283567067034,7.614434056830838,0.019056565792122393,0.13936791250083877,16,4,7.248115942028984,0.013177711678605859,0.023048616419745278,0.053600135845820525,-0.04097791401974586,0.0765444207391973,-0.008103742861786506,-0.028135176617935992,0.025487481378064208,0.8542339857349177,2.291792784444159
GKS_BESS_RN,storage,-6.5730879688653285,33.08763496035349,9.795613634838624,-20.315294466027296,0.0830705227135476,0.48896195396899955,14,19,21.749533011272142,0.034323462822865525,-0.04931701995921221,-0.02063889460642652,0.012484722537334245,0.020449074071081062,-0.046190949328230896,-0.02317579656943044,-0.008550757740023293,0.9449519799038445,3.222731952976064
GOA_GOATWIND,wind,-1.3820042944373614,12.15230579208746,6.226388646581225,7.474447744133324,0.029322955109709455,0.4427967523317453,20,15,7.425233494363929,-0.044947903780535925,-0.012690705162219528,-0.008256744291244799,-0.02674698233482443,0.00458181155131407,0.001308410726012152,0.01540497953362765,-0.05666551946007967,0.8343443213202387,3.551432222872685
GOLINDA_UN1,other,-0.909380661611756,8.359566474582747,3.8971415151311812,2.1772140546820453,0.02207609206200094,0.3862309602093538,19,15,10.3056038647343,-0.006746968549992217,0.014153472937879571,0.02590285404592311,0.07243723847186251,-0.0075364033513814765,0.06750512429824311,-0.08470050666822944,-0.07091598601840611,0.855418302566796,2.5036699710008032
GOMZ_RN,other,9.130706569147153,19.619468459736282,13.37108904247467,3.829016519847521,0.16661074951352076,0.26008186271220557,3,15,24.895297906602252,-0.03785122159245572,-0.021079614184900845,0.04671337131725597,0.0013930890268454522,-0.0524039291072313,-0.026077563049481275,-0.03763413457842816,0.045235505896881294,0.9741321262816813,2.6911224512062235
GOODNIT1_ALL,wind,-7.309979198819029,12.349344970948263,8.805376098772058,2.2109209151102323,0.07656176608736497,0.6874454807756828,8,21,4.571996779388084,-0.030170237417756617,-0.0015552563815718291,-0.06644273695858803,0.0013608354366889644,0.023342198421475776,0.036352994466100526,-0.027771303341411466,0.08111523378923374,0.8676501775582778,3.6782395358245026
GPASTURE_ALL,wind,-4.9793531503724076,11.263616589457255,6.503285244581627,2.466300354256411,0.04609810105347917,0.6109508152720928,7,16,4.169210950080515,-0.03704212076116225,-0.009573764828152639,-0.05586543270095089,-0.013640842310647558,0.024884106558161263,0.014195813661766293,0.0004978948118853385,0.009640202999210137,0.7956617954484735,4.063312797529168
GRANDVW1_A_B,other,-7.293622089512179,12.333530538829852,8.787120042944373,2.2117864794248594,0.07636046433603973,0.6870428772730323,8,21,4.542769726247988,-0.030208584746173116,-0.001591357062763144,-0.06641295208144052,0.0012627951406286601,0.023283064002654678,0.03643686738410056,-0.027855010419318486,0.0808725711499988,0.8676014472541684,3.6744780782693054
GRAN_SLR_RN,solar,1.963691874119305,11.896145027110473,3.3482976581896264,17.912780947586302,0.01570153660336845,0.19365228477487753,18,2,3.245856336775069,0.015425822954604993,0.01983846082056071,0.059093927978741426,-0.003398342853518478,0.057930648822519484,0.023492641089664618,-0.05632141327972838,-0.006876206342871566,0.6954931529587897,2.938758751224524
GRDNE_ESR_RN,storage,5.535388847882977,15.744163480529085,10.248478829765821,3.7028143601540617,0.0919949003556331,0.28209085419043145,21,15,16.758228663446054,-0.04136989862148281,-0.022288039708032743,0.03264845332817204,-0.014102872176842486,-0.03926865265666447,-0.020976421019959737,-0.002199221727427915,-0.013664150220207203,0.8698119076722306,4.838244600340185
GREASWOD_ALL,wind,7.147133463061129,18.526378690333324,12.00366973092666,4.51633304057624,0.12427028115144602,0.2722270683754949,4,14,22.508454106280194,-0.041094416167521707,-0.01984135539927728,0.03830235039466403,-0.0014357666385108826,-0.04733490275774117,-0.02433673214992828,-0.03197410902168738,0.04106704561234144,0.9509942915871371,3.418637746891103
GREGORY_RN,other,-4.4459847010669,29.693434044820048,7.522692746426894,-21.28126730829603,0.044554787626652353,0.4503791182983292,9,19,16.287842190016104,0.035063971636661244,-0.052783937882602786,-0.010158281673115496,0.0226799068817253,0.00842501666838838,-0.018299202793130135,-0.01965459020373984,0.006062611525229266,0.9412755787444655,2.6081563045873186
GRIF_TRL_RN,other,-4.992754478963967,10.073498875194979,6.4774877541434615,4.354586971748051,0.03274508488223848,0.6432261960679058,7,16,4.367117552334944,-0.038732688127481374,-0.006269949005309079,-0.06424775759782847,-0.00595243439599437,0.022859171752312443,0.030958126851368787,-0.017616871960954905,0.039620323607022674,0.9508931025118234,1.702856965402707
GRSES_UNIT1,thermal,-3.472986646983829,10.15376028626351,5.362918875394216,5.039461062215937,0.027041535261356775,0.5570690465007045,7,16,4.277455716586151,-0.04163056577363002,-0.006906299630063492,-0.050889531319972786,-0.013357879740848405,0.015941072051852502,0.022362043965427323,-0.005606979903883574,-0.005468253531963031,0.8568337567544886,2.714767083458317
GRSES_UNIT2,thermal,-3.4683473126216198,9.183453184244865,5.084366905992082,4.794790304306415,0.02261289673220157,0.5614976850298597,7,16,4.2529307568438,-0.04394315855211451,-0.009175792136104715,-0.05135068919418796,-0.015043026086522486,0.013883379384873423,0.021187853069130933,-0.0019418281429722485,-0.006845505205141371,0.9326544140544913,1.7660830472551572
GUADG_CC1,thermal,1.8457471650003354,7.581198525392921,3.2615990069113603,-2.702044301715855,0.012078105079514193,0.1478225860564987,18,3,4.232447665056362,0.012765844412489942,0.012951204748645228,0.0698195256334978,-0.027535032020541254,0.0778045643509408,0.019228238331008368,-0.01628864608857762,-0.004887575530166016,0.8875262716099701,1.6198163153710035
GUADG_CC2,thermal,1.750024827215997,7.613506486196396,3.2803140307320677,-2.6665696613295258,0.011876803328188955,0.15453264443400658,18,3,4.144557165861514,0.011879200452351614,0.013005833791253871,0.06748562731646428,-0.02695437246753143,0.07285616886634409,0.01879622107449571,-0.015146281286181553,-0.00952950827087589,0.8106603298998449,2.115708487841041
GUADG_CCU1,thermal,1.8868261423874388,7.590857623853249,3.2854264242098905,-2.7005429372787684,0.012078105079514193,0.14547406562437093,18,3,4.292834138486313,0.013750213680234482,0.01318413996602843,0.07011417213776916,-0.027290300222558128,0.07772998849556657,0.019032560037158218,-0.01730142332521397,-0.00545534099007678,0.8997175971577778,1.5344708535283305
GUADG_CCU2,thermal,1.8868261423874388,7.590857623853249,3.2854264242098905,-2.7005429372787684,0.012078105079514193,0.14547406562437093,18,3,4.292834138486313,0.013750213680234482,0.01318413996602843,0.07011417213776916,-0.027290300222558128,0.07772998849556657,0.019032560037158218,-0.017301423325213974,-0.0054553409900767865,0.8997175971577778,1.5344708535283305
GUNMTN_NODE,other,13.923838153391934,30.08921467564721,18.06842783332215,2.5019107738543647,0.20606589277326712,0.2508890827350198,22,14,34.72383252818035,-0.024224903175550747,-0.018777505841103957,0.05173816621067918,-0.012274761169152874,-0.050260729260875214,-0.011481454955931884,-0.007322326518866407,-0.018320837656098855,0.6377424065363714,17.21267571081984
GWEC_G1,thermal,0.4128484197812519,12.669924173632634,4.13429913440247,11.9621948839138,0.025296920083204725,0.33127558209756425,17,0,6.769597423510467,-0.023967381180872323,0.020410137270628476,-0.0069801335779079345,-0.045725176523574454,0.05151242410473568,-0.04708371588335196,0.02087311076819293,0.013800834346389984,0.6484503476758618,4.038687959533934
HALO_RN1,other,-0.8987740723344293,6.299406321565608,3.1541911024625917,0.9775519693964325,0.010601892236462457,0.3772394819834933,19,15,8.045233494363929,-0.0031354096237115525,0.015345198397912756,0.023706225409209504,0.07078477980145217,-0.011940922079819649,0.07707931548649939,-0.07729291525593893,-0.0742488131404414,0.8552235826308916,1.946225641200599
HAMI_BESS_RN,storage,11.859302824934577,29.497389657076813,15.234472924914447,5.131976850109831,0.14393075219754412,0.22639736965711602,5,14,26.692206119162638,-0.035255798450501495,-0.0019149954166730644,0.03232870689317999,0.0036780947769206296,-0.030795503116419137,-0.01771504855468101,-0.04835919427684752,0.063770531624782,0.6862574725219479,13.546336369914545
HAYSEN1_2,other,1.2962940347581022,7.237920732176315,3.2191887539421593,5.615723650490775,0.012279406830839428,0.19613500637455547,16,4,2.0185668276972626,0.006610940011984073,0.005092745435883501,0.06092277183203579,-0.020470363381084815,0.07165733632529406,0.022174785731966663,-0.0181320574170391,-0.019004163567871674,0.6635652439651252,2.815664112341942
HAYSEN3_4,other,1.8809944306515467,6.849921997301433,3.111645977320003,7.1109001754367975,0.010534791652687378,0.15158021874790312,17,4,3.5497745571658617,0.013079005630522049,0.015334360570661053,0.0675542105467306,-0.02611490436898956,0.07779242846511683,0.015557489260035461,-0.025793884313643947,-0.006702452703442589,0.8740870030617068,1.6475390732684614
HB_BUSAVG,hub,-0.030985036569818155,1.48453154140989,0.8490337515936388,4.850202174010486,0.00020130175132523654,0.14768838488894853,19,15,0.6581642512077293,0.00807782204524351,0.04807745318368466,0.00401980828526389,0.0821243667380905,0.026261103514163386,-0.029813922308501366,-0.007489384348965617,-0.00318033918675873,0.9620754138287848,0.22420220540569916
HB_HOUSTON,hub,1.1766188015835737,7.998654291936191,3.519687982285446,-8.036456173420857,0.011407099241763403,0.24981547339461854,15,6,7.190418679549113,0.04583805652976116,0.029117715214245807,-0.011732088073560229,-0.02075814659455322,-0.03522184542713385,0.008921199136532392,-0.007559298591786157,0.007803372439126158,0.9723087261931491,0.8409468393950397
HB_NORTH,hub,-0.01804334697711874,5.07580146098584,2.374937931960008,8.511223963837487,0.003355029188753942,0.3530161712406898,19,15,2.8251368760064413,-0.007739470126867205,0.05300288143796685,-0.010264367684381479,0.07869391664594683,0.004751039128782942,-0.027837059216721135,0.00404792636545607,-0.0026953583060939958,0.9666501614800593,0.5738963547312472
HB_PAN,hub,-7.174915788767363,12.139408467155487,8.6734127356908,2.432828840946338,0.07152922230423404,0.6871099778568074,8,21,4.610885668276973,-0.03069444625433786,-0.0017008549916509453,-0.06701214110309932,0.0013231362789186518,0.02367273198785479,0.03584254758120021,-0.02675663774471395,0.0803252413563424,0.8814105639480354,3.404815331621559
HB_SOUTH,hub,-0.5054512514258874,7.430154125781218,3.2842353888478835,-8.817657806175513,0.007515265382808831,0.35563309400791787,15,19,3.225410628019324,0.034884189330323584,-0.033757833259036474,0.03880394379605634,0.000705017319820925,0.06106398030330611,0.007565157351693171,-0.018228711579387324,-0.0023517043917075393,0.9376457914579295,1.1357008570100084
HB_WEST,hub,-0.6531040730054352,10.508179548884378,5.573096020935383,6.737825632257526,0.01576863718714353,0.3475810239549084,20,15,7.671513687600644,-0.050513049272408045,-0.020175700618758775,-0.010233727633010989,-0.017199599594180787,-0.01306564104596738,0.0019143185229877956,0.007336276090925176,-0.010658126972820432,0.9820602004395343,1.0125228368747328
HDNLAKES_RN,other,2.580332147889687,11.09230958996896,5.143990471717104,-3.463326646232785,0.038113131584244786,0.24283701268201033,15,7,12.90669887278583,0.042469777001423396,0.029182696862814796,-0.01454896489572597,-0.03414231469434963,-0.03222982011692103,-0.009408308081182714,-0.025252538862798872,-0.002165104309132605,0.930770481310496,2.141365319626104
HEARN_RD_RN,other,-4.375202909387533,30.517191010365085,7.501081503636733,-21.08471072192263,0.04361537945380125,0.43501308461383614,9,19,16.226362153344212,,,,,,,,,,
HELIOS_RN,other,3.656639602764544,10.864895225884485,6.500131517144198,4.530139773805308,0.02737703818023217,0.20157015366033684,20,13,13.801594202898551,-0.01411775665833747,-0.0012998723636809476,0.07158534662216377,0.005383093146596882,0.006523179410335182,0.04895131145659174,-0.003150342825257421,0.047424224353209046,0.604539528648075,5.253909855088775
HHGT_KENDAL,other,2.089181372877944,18.23212568167564,4.295483459706099,21.274107668498516,0.018855264040797154,0.19975843789840972,19,12,5.665136876006441,-0.012212327501180472,0.013961110184546495,0.05831175592318599,-0.029008844310647264,0.07079293416923214,0.011898989437642326,-0.010690213905690488,-0.0312190562226018,0.720931909068351,3.021309724381003
HHOLLW2_WND1,wind,-2.6728604978863317,10.80385615019923,5.264915788767363,7.530782359443731,0.025766624169630277,0.4680265718311749,20,15,5.732882447665057,-0.04602819488832263,-0.013730622652912984,-0.026465492234130444,-0.01867520499936299,0.008503012440290047,0.007212499076914822,0.028624829756613505,-0.038443712045131584,0.8843763016657487,2.527820590045414
HHOLLW3_WND1,wind,-2.527224719855063,10.403287738014638,5.154476950949475,6.953063938742548,0.025095618331879486,0.4566865731731866,20,15,5.038244766505636,-0.045327889985030255,-0.010119761559099008,-0.02862922176838377,-0.024901349916999514,0.005039025042433394,0.008802115404002109,0.026665310848923884,-0.03792077334178274,0.8737436432389432,2.6189027775631954
HHOLLW4_WND1,wind,-2.8161309803395294,10.33540992363861,5.1347312621619805,7.052833312190734,0.025229819499429644,0.470643494598403,20,15,5.741513687600644,-0.046222343395615255,-0.01478511243150918,-0.027695526825590268,-0.01846256440991894,0.009423370934065827,0.009033908521236382,0.03275055156937208,-0.03751128146125268,0.905800540822681,2.2288447840896892
HICK_G1_G2,thermal,0.8060954170301283,14.986373049889876,7.169760450915923,11.05636255332912,0.03214117962826277,0.3603301348721734,20,14,11.331191626409018,-0.04180159872192389,-0.017034244088703,0.028359758375693038,-0.01980676335075537,-0.009783905347172038,-0.007783617984002898,0.008599289134579913,-0.04269604190314628,0.7783742856211014,4.556339628256915
HI_LONEB_RN1,other,1.809415553915319,15.096988680743967,7.828288264107899,8.877869503870956,0.04079715493524794,0.33791853989129705,20,14,12.771658615136877,-0.041716353001922855,-0.018522311861720233,0.03418522932915231,-0.017018023274506553,-0.021882166376908648,-0.012319621763041614,-0.002839347686939704,-0.028090128163251203,0.8124371691310616,4.584003570188066
HI_LONE_ALL,wind,1.8099248473461718,15.097111085018755,7.8287344829900025,8.877575804260811,0.04079715493524794,0.33791853989129705,20,14,12.771787439613526,-0.041716881017428334,-0.01852066504841455,0.03418263718482185,-0.01701816263484877,-0.021885674472866174,-0.012312103345701543,-0.0028392703975789104,-0.028079964024703998,0.8124214671312658,4.584279588720569
HLSES_UNIT3,thermal,-0.30945044621888207,6.654021634987394,2.875457290478427,6.3531205022562744,0.009997986982486747,0.39435013084613835,8,15,1.5426892109500807,-0.01462047741378759,0.036123955353665034,-0.015292561181536804,0.05001093777974367,0.010388959833684435,-0.012495721070684855,-0.032337360624807986,0.007004249999025647,0.5198850751040704,2.9552080855336578
HLSES_UNIT4,thermal,-0.31162517613903246,6.664135761784773,2.8774736630208686,6.300271476575757,0.009997986982486747,0.3944172314299134,8,15,1.5543317230273752,-0.014630636565465614,0.03607585453265816,-0.015316279488258503,0.049959715536938926,0.010361396625665082,-0.012492728602140207,-0.03231515226118666,0.0069362655207035676,0.5190290026524293,2.9598760681354457
HLSES_UNIT5,thermal,-0.31162517613903246,6.664135761784773,2.8774736630208686,6.300271476575757,0.009997986982486747,0.3944172314299134,8,15,1.5543317230273752,-0.014630636565465614,0.03607585453265816,-0.015316279488258503,0.049959715536938926,0.010361396625665082,-0.012492728602140207,-0.03231515226118666,0.0069362655207035676,0.5190290026524293,2.9598760681354457
HLY_RN,other,1.9905354626585252,8.672669793703932,4.132563242300208,-5.073472005292113,0.0196604710460981,0.23136281285647184,15,6,9.228872785829308,0.04330408478838679,0.0326698617958242,-0.01333708209671709,-0.029867505042088918,-0.03535539546002799,-0.00289577650220666,-0.018710367557191895,-0.000844475727449083,0.9708050408550212,1.055859729358248
HMNG_ESS_RN,storage,-2.02072804133396,9.056024776565861,4.313071864725223,2.6697253589181855,0.026974434677581694,0.47849426290008723,19,23,4.431674718196458,-0.023271734160967887,0.022645390986242703,-0.04660990396089787,0.0016826608226960362,0.022785521631294405,0.02642274201624205,-0.0959942156528169,0.028186826187102686,0.6874735154876861,3.764527744202763
HOLCOMB_RN1,other,3.8152492786687247,23.763361704494866,9.672363953566395,-10.647823252970792,0.0929343085284842,0.21613098033952896,20,5,12.43426731078905,0.006918572515566895,-0.0057664738125486155,0.03932026938561017,-0.004087280984951271,-0.007292961550665209,0.04660390743810394,0.030758450295552898,0.020142242842336157,0.24515398313778958,12.882097955486431
HOLSTEIN_ALL,wind,-2.780069113601288,10.29199253543928,5.129064617862175,7.032250249300681,0.024156210159028385,0.465543850231497,20,15,5.6783896940418686,-0.04667616673970597,-0.014074146233374852,-0.028446536466523006,-0.018417016679049818,0.00902579532030573,0.009174158506862602,0.028843234747575525,-0.035785234778508396,0.9131987091045235,2.129943470029976
HOL_ALL,wind,-1.9610568341944576,11.171414406539096,3.8705045963899884,-13.920055425155597,0.014292424344091793,0.40730054351472855,9,15,2.8013848631239933,0.027044875136344057,-0.031887454751003845,0.025788204461015454,0.04213168379275979,0.011386157146068058,0.07535411061603105,0.03768508865863326,0.04166537302579657,0.8403847350332925,2.313737530875359
HOPKNSLR_ALL,wind,0.2749641011876804,6.757073647147091,3.2467469636985844,6.540166963751416,0.0065087566261826475,0.36838220492518287,19,14,4.924589371980676,-0.007263393173795154,0.04391683066399722,0.007101126136466605,0.07306244705042347,0.021181183802170142,-0.04496256550992233,0.0324199793296151,0.030906478598940707,0.8517007050641936,1.8225286811011003
HORSCR_RN,other,8.945481446688586,20.163303919023868,13.469899349124338,3.419822557905634,0.15708246661745956,0.26846943568409043,4,15,25.651288244766505,-0.039885624567280016,-0.02017047973324684,0.03723952628565941,-0.0010533404599407247,-0.050724540018861175,-0.02753484506388364,-0.034576614814868914,0.04714147872991314,0.9485268360418585,4.005889054106427
HORSECRK_RN,other,-4.936363148359391,10.059535258800311,6.429407501845266,4.324523703173283,0.03254378313091324,0.6412131785546534,7,16,4.484331723027375,-0.03908363367927476,-0.006657101485633637,-0.06320493818678365,-0.006051448778547356,0.022087181421102484,0.031685787891319664,-0.01771035015971882,0.03654124905099378,0.9459820051138019,1.7831373267933421
HOUSEMTN_RN,other,8.923792524994967,19.494431622295927,13.387892370663623,3.7563808212583667,0.1617795074817151,0.2696101456082668,3,15,25.008599033816424,-0.037694307946550834,-0.021628812504658066,0.04494627699257645,0.0019960492216077015,-0.051997345540286004,-0.026736546012299904,-0.0362636233593483,0.044949903621926114,0.9571409664106861,3.4414573358059077
HOVEY_GEN,other,8.770144937260955,19.217428964589793,12.995690129504128,4.087731922849529,0.15587465610950815,0.26115547205260686,3,15,24.04210950080515,-0.03797812021442862,-0.020872793129871992,0.04731295608226018,0.0013023960731253757,-0.05121092524440582,-0.02571294395136174,-0.036381791306628136,0.043728534711707574,0.9692586325777084,2.844613518505704
HRBESS_BESS,storage,8.80193316781856,19.220272283777813,13.020613970341543,4.066716564767116,0.15647856136348387,0.2607528685499564,3,15,24.093590982286635,-0.037952946778185205,-0.020936809307109783,0.04725132315232323,0.0013709141529371876,-0.05128495671473842,-0.025745146919632714,-0.03626336711402979,0.04388070323395279,0.9690957427327306,2.8539461337573324
HRFDWIND_ALL,wind,-7.616387975575387,12.681261785037718,9.122617593773066,2.014593381957148,0.08421123263772395,0.694491042072066,8,21,5.098325281803542,-0.02856253666959104,-0.0008453782355094148,-0.0671180333196669,0.002914765386108448,0.023820545161103848,0.0361103557809319,-0.027066566620871427,0.08623913709442568,0.8569529043719604,3.9469817461647705
HRNT_SLR_RN,solar,-7.644586324901027,12.715823499396167,9.153250352278066,2.0002685138635514,0.0846809367241495,0.6950278467422667,8,21,5.1514170692431565,-0.028450763956593773,-0.0008245308705421113,-0.06711372665603882,0.0030147351989602183,0.023858505351640635,0.03598844382484101,-0.02694550025693172,0.08657548754647976,0.8554158847295126,3.9781840900252536
HRZN_SLR_UN1,solar,0.46293632154599745,10.100950821387014,5.90446889887942,-2.527399460056751,0.025967925920955513,0.27605180165067433,21,15,11.918486312399356,0.0026178385408273824,-0.026132982422045998,0.055359860314465284,0.03289823627555522,0.0006304003678696237,0.055550431513498005,0.010751173038584397,0.020493210129784237,0.5491834255682506,5.647414500416471
HWF_HWFG1,other,-3.0963530832718242,9.55845326088079,4.997858820371737,6.004543578001333,0.020063074548748575,0.5037240823995168,7,16,4.687246376811594,-0.045952722591288644,-0.010728526786100978,-0.04220151678891246,-0.01626111615712216,0.0121779416699863,0.016330432014930257,0.007724081764756543,-0.018715665619142296,0.9301233236925438,1.8291950294682815
HYDR_ESS_RN,storage,7.105582097564249,18.505526864751193,11.95886935516339,4.642111181128703,0.12346507414614508,0.27189156545661947,4,14,22.404669887278583,-0.04110459251578371,-0.01982649829932516,0.03854803053759061,-0.001361399151781418,-0.047205955875792356,-0.02427167929207928,-0.032229553258226455,0.04124869679375066,0.9525098471547566,3.348293022311195
H_HOLLO_WND1,wind,-2.849065959873851,10.34567140286933,5.155188217137489,7.0362544799781865,0.025431121250754883,0.47292491444675566,20,15,5.723268921095008,-0.04606274957231592,-0.014646148196840859,-0.027883599499338503,-0.01855694444266909,0.009247669727818762,0.009271233046345747,0.03230773572965195,-0.0371755510324333,0.9001991283575389,2.2980716681290194
IMP_RN1,other,0.2821800979668523,6.719443194787889,3.1434711131986846,7.183945033363338,0.007045561296383279,0.36992551835200965,19,15,4.535346215780999,-0.007395954161904336,0.047961626951872054,0.003439022543330588,0.07190142197646081,0.01898373456601672,-0.04449095846319127,0.03007891848854502,0.03289696818115412,0.8901679319493647,1.489777284166158
INDNENR_1_RN,other,10.253086626853653,22.815443784967904,14.74252365295578,3.1587059366086545,0.16801986177279743,0.2677313292625646,4,14,28.825619967793884,-0.038935025312938285,-0.01763210195786509,0.03329896109122658,-0.00032424039064364894,-0.049367830559994864,-0.028423194528849238,-0.04083318089540228,0.05821876358012648,0.9068144796244725,6.256615209864406
INDNENR_2_RN,other,9.595488156746963,21.60664056975897,14.1438784137422,3.2706142985246713,0.16137690397906462,0.2682681339327652,4,14,27.347133655394526,-0.03948465907912775,-0.018517296722041336,0.03444062277238977,-0.0006998633488118806,-0.04972581663586974,-0.028323099292667474,-0.03781961240394097,0.05323832537344745,0.921213876191231,5.40322842422762
INDNNWP_RN,other,9.875755217070388,22.00448901151384,14.373695229148494,3.215976878277639,0.16473193316781856,0.26779842984633967,4,14,27.906892109500802,-0.03925434935730733,-0.01831002441567681,0.03441192216817717,-0.0005096498186137913,-0.04980524072960542,-0.028263033897697274,-0.03930671633629637,0.05544399708145312,0.9200619362552819,5.553447835561122
IND_INADALE1,other,-2.8252647118029928,10.415233573920608,5.594127356908005,6.705487031621789,0.02100248272159968,0.5111051466147756,19,15,5.1442834138486315,-0.04459013467358976,-0.00786083287760819,-0.03329022524918244,-0.015672349027420672,0.013318537047087724,0.012283076900526324,0.008811273315182088,-0.026678694071103664,0.8270252961282591,3.1069350927712884
INGLCOSW_CC1,thermal,-5.1780668321814405,31.59450178116422,7.935343890491847,-20.945207413306434,0.04871502382070724,0.46903308058780113,9,19,17.875700483091787,0.03452432202112572,-0.05203224750511481,-0.011953573486881306,0.023956483509949923,0.005468585477301788,-0.01693303006801793,-0.019728303039664285,0.006920523332533088,0.9197685976815358,3.20757104332771
INGLCOSW_STG,other,-5.1780668321814405,31.59450178116422,7.935343890491847,-20.945207413306434,0.04871502382070724,0.46903308058780113,9,19,17.875700483091787,0.03452432202112572,-0.05203224750511481,-0.011953573486881306,0.023956483509949923,0.005468585477301788,-0.01693303006801793,-0.019728303039664285,0.0069205233325330875,0.9197685976815358,3.20757104332771
INGLCOS_CTG1,other,-5.1780668321814405,31.59450178116422,7.935343890491847,-20.945207413306434,0.04871502382070724,0.46903308058780113,9,19,17.875700483091787,0.03452432202112572,-0.05203224750511481,-0.011953573486881306,0.023956483509949923,0.005468585477301788,-0.01693303006801793,-0.019728303039664285,0.0069205233325330875,0.9197685976815358,3.20757104332771
INGLCOS_CTG2,other,-5.1780668321814405,31.59450178116422,7.935343890491847,-20.945207413306434,0.04871502382070724,0.46903308058780113,9,19,17.875700483091787,0.03452432202112572,-0.05203224750511481,-0.011953573486881306,0.023956483509949923,0.005468585477301788,-0.01693303006801793,-0.019728303039664285,0.0069205233325330875,0.9197685976815358,3.20757104332771
INGLCO_PUN1,other,-5.142652486076629,31.596550129505903,7.928969335033215,-20.94428890244021,0.04871502382070724,0.46628195665302286,9,19,17.82423510466989,0.03442861838849786,-0.05224502731809719,-0.011557470346393994,0.02390175382703481,0.005720351314399227,-0.01756713043145634,-0.019699362737217913,0.00560742798411446,0.920696327503898,3.1894124476713763
INGLCO_PUN2,other,-5.177971549352479,31.59456705445953,7.935249949674562,-20.945086194973644,0.04871502382070724,0.46896598000402606,9,19,17.8750885668277,0.03452240583136534,-0.05203557197662078,-0.011953942232343761,0.023954470043874233,0.005476175634984692,-0.016945242590361377,-0.019738052297106397,0.006906264921095513,0.9197946581642631,3.20709549306715
INGLCO_PUN3,other,-5.172811514460176,31.594549064881047,7.932572636381937,-20.945647512660457,0.048647923236932164,0.4685633765013756,9,19,17.854315619967796,0.034528906869355155,-0.05203302193500969,-0.011903560923410404,0.023995489594930038,0.0053651480974489085,-0.01696173490183132,-0.01968309712723457,0.006946028764695829,0.919870357132102,3.2053966801135934
INKS_INKS_G1,thermal,4.019504126685902,17.321785599175758,5.861629873179896,11.927704694676144,0.04529289404817822,0.1579547742065356,16,4,11.034074074074073,0.002282194435472747,0.03125877986779721,0.03215720693559915,-0.04341800956491197,0.06678527850270094,-0.03705925306848434,-0.022782800103639037,0.027144789740384694,0.6935553306721294,5.406452763881428
INRT_W_ALL,wind,-4.704336710729383,9.770816022906263,6.209628262765886,4.828181476759047,0.027041535261356775,0.6375897470307992,7,16,4.533913043478261,-0.04018270256421904,-0.00603985851402163,-0.06067032926798131,-0.005402267681711293,0.017622226738209467,0.03052374656383817,-0.01485220276788549,0.03255298913383606,0.9299585030114179,1.9468283665174118
JACKCNTY_CC1,thermal,-0.8823243642219689,12.840577507509037,5.315948466751661,6.062317414343408,0.04636650338857948,0.4342078776085352,18,1,6.9111257384883835,-0.013892448701271208,0.03357689182759762,-0.023354079913165546,-0.007609722455614355,0.01968462126454379,0.007226835526050148,-0.1103944102901972,0.029856626419542127,0.5700630545205765,5.924248604512743
JACKCNTY_CT1,thermal,-0.8823223512044555,12.840577830057288,5.315947795745823,6.062316564851274,0.04636650338857948,0.4342078776085352,18,1,6.911141841547964,-0.013892455473026437,0.03357688574387246,-0.023354073439689014,-0.00760970317907856,0.019684592569928827,0.0072268116330053275,-0.11039447893718653,0.02985669105538345,0.5700632887805472,5.92424733843179
JACKCNTY_CT2,thermal,-0.8823223512044555,12.840577830057288,5.315947795745823,6.062316564851274,0.04636650338857948,0.4342078776085352,18,1,6.911141841547964,-0.013892455473026437,0.03357688574387246,-0.023354073439689014,-0.00760970317907856,0.019684592569928827,0.0072268116330053275,-0.11039447893718653,0.02985669105538345,0.5700632887805472,5.92424733843179
JACKCNTY_STG,other,-0.8823223512044555,12.840577830057288,5.315947795745823,6.062316564851274,0.04636650338857948,0.4342078776085352,18,1,6.911141841547964,-0.013892455473026437,0.03357688574387246,-0.023354073439689014,-0.00760970317907856,0.019684592569928827,0.0072268116330053275,-0.11039447893718653,0.02985669105538345,0.5700632887805472,5.92424733843179
JADE_SLR_ALL,solar,-5.731221901630544,11.540208245583823,7.4941823793867,3.5238085900133886,0.053814668187613234,0.6581225256659733,8,21,4.91,-0.03522190221957159,-0.004574521148298993,-0.05978006836543941,0.0012574418003533738,0.023916370738578708,0.01673178908737918,-0.007107247860510548,0.049353436592573734,0.8019374928621013,4.062224102987449
JAD_RN,other,1.9808380862913508,8.654111733048575,4.1263336241025295,-5.108582393391292,0.019392068710997787,0.23203381869422263,15,6,9.191884057971015,0.043300441135264336,0.03250412439327498,-0.013181914291926474,-0.02980521333105212,-0.035230861201901685,-0.002913454615170737,-0.018531217349155128,-0.0005663103717453462,0.9677203748680219,1.1078693356736764
JAG_SLR_RN,solar,-3.5227550812317308,12.72748283849767,5.564854190741622,-2.4395328927620965,0.05099644366905992,0.4488358048715024,19,15,13.051337683523654,,,,,,,,,,
JAR_RN,other,-0.5708488223847548,9.430897356410354,3.3973656310809908,-10.834883833643527,0.014359524927866872,0.32557203247668254,16,7,2.9105797101449276,0.03448795346526333,-0.0074912868648160415,0.0025003463900251477,0.015433310623456705,-0.01345556194740188,0.047086459462807796,0.04880957939471497,0.056453240677363056,0.6114801587441216,3.314322892649892
JAY_RN_1,other,-1.716096088035966,9.7778147870485,3.6298047373012143,-11.794868009999934,0.014762128430517345,0.3840166409447762,9,15,2.9618035426731084,0.02516066236414252,-0.031166508366596197,0.024720081551468886,0.044149973411682294,0.00937938587809816,0.07795577211182544,0.03265985324343024,0.03649242563766115,0.8044557253848348,2.509942291225123
JCKCNTY2_CC1,thermal,-2.544933905924981,8.43236282467725,4.130986378581493,3.300284896778999,0.017311950613970343,0.5245923639535663,8,16,3.317842190016104,-0.03399172312610967,0.0041220697172655784,-0.05427852558195844,-0.0021100967454527925,0.010482587050048375,0.019394997790714883,-0.03876567942902071,-0.004276536860375504,0.6868925069746254,3.1647014792113546
JCKCNTY2_CT3,thermal,-2.544933905924981,8.432363011691205,4.130986378581493,3.3002846362391707,0.017311950613970343,0.5245923639535663,8,16,3.317842190016104,-0.03399173027533026,0.004122073849824025,-0.05427852086304367,-0.002110086514175614,0.010482541844285346,0.01939500620010346,-0.03876567445743288,-0.004276563494440774,0.6868925881518203,3.164701224977144
JCKCNTY2_CT4,thermal,-2.544933905924981,8.432363011691205,4.130986378581493,3.3002846362391707,0.017311950613970343,0.5245923639535663,8,16,3.317842190016104,-0.03399173027533026,0.004122073849824025,-0.05427852086304367,-0.002110086514175614,0.010482541844285346,0.01939500620010346,-0.03876567445743288,-0.004276563494440774,0.6868925881518203,3.164701224977144
JCKCNTY2_ST2,thermal,-2.5449332349191436,8.432376517265677,4.130987049587331,3.300365256241432,0.017311950613970343,0.5245923639535663,8,16,3.317842190016104,-0.03399173027533026,0.004122073849824025,-0.05427852086304367,-0.0021100865141756137,0.010482541844285346,0.01939500620010346,-0.03876567445743288,-0.004276563494440766,0.6868925881518203,3.164701224977144
JC_BAT_RN,storage,3.4624082399516873,17.48189083359464,5.073573777091861,15.243437667646083,0.029188753942159296,0.1430584446084681,16,2,8.475121137151762,0.0006915270867374181,0.02842135406304675,0.039289544107571385,-0.045537173582335465,0.07623926953705235,-0.027385396474361567,-0.019505078958519155,0.021570704763756745,0.7677866369267334,3.821252295485195
JDKNS_RN,other,8.73826075286855,51.495010726888495,15.100322082802123,31.444960322010875,0.1509763134939274,0.28396967053613364,2,15,23.222011139467067,-0.03081784015389825,-0.011968744876356982,0.03753250960805319,0.0021418502857597412,-0.035338376982955805,-0.020113703150110462,-0.033940805572659855,0.02213455059547408,0.5754185642387704,12.72137977755183
JKLP_SLR_RN,solar,-4.708739180030866,30.068870831176067,7.579402804804402,-20.988233497552923,0.0450244917130779,0.4586324901026639,9,19,15.499259259259262,0.034106309170885245,-0.055216879793664665,-0.008603574835193915,0.02288452945561315,0.012024925339639772,-0.019710952005616303,-0.022079124608083648,-0.0003390469296558176,0.9665669600531193,1.9574325013619878
JUNCTION_RN,other,19.011354760786418,59.90175644526612,22.412614909749717,7.377136833014975,0.1786217540092599,0.2011004495739113,18,10,30.421288244766508,-0.02015405188447582,0.018135076704984352,0.00943944104021219,-0.01200553847218348,-0.001293528005289555,-0.04777022026503422,-0.05739707784981167,0.01466693683952252,0.34846422437098434,36.93554767537412
JUNG_SLR_RN,solar,2.92023552304905,29.23533931486473,5.550601221230626,20.847953893118074,0.03925384150842112,0.24632624303831444,19,11,10.193333333333333,-0.00021985348471765596,0.02675288147875292,0.02689160452144327,0.01678686262118965,0.015499962209930196,0.02531110308113434,-0.05696934847896244,-0.02227515648003211,0.29987513434897883,7.8598990522957015
JUNORTH_RN,other,18.7977977588405,59.076760641397605,22.194881567469636,7.496768643314181,0.1785546534254848,0.20183855599543715,18,10,30.484492753623194,-0.01982210459895747,0.01794416776625167,0.009744013940032412,-0.012620890371970684,-0.0013005384664454688,-0.04874440822272948,-0.05711927025183638,0.014097712016356373,0.346450616460102,36.17965453243311
JUNO_ALL,wind,-1.6366047104609807,14.35827851161465,8.347224048849224,3.5518592378850204,0.062269341743273164,0.4652754478963967,7,15,6.83194847020934,-0.036838211145021144,-0.004848996209708578,-0.017600752489547473,-0.01743451997456951,0.016487917237183628,-0.009867207905912986,-0.00037939701931870176,-0.051559186303637726,0.5776354906851067,7.790790594336923
KARAKAW1_1,other,-5.745998121183654,37.29120258143555,8.144414547406562,-22.214863355619578,0.05347916526873784,0.4664832584043481,9,19,17.421610305958133,0.03328157605268376,-0.05550405244785741,-0.010556250762703884,0.023111472952042994,0.003618687120203706,-0.020323821234051655,-0.020351744580317646,0.002575998262158005,0.9487749103526641,2.714272161355903
KARAKAW2_1,other,-5.745986714084412,37.29120345305141,8.144411192377374,-22.214862690862983,0.05347916526873784,0.4664832584043481,9,19,17.421626409017712,0.033281561887593916,-0.055504070352521216,-0.010556291786206486,0.023111479718032926,0.00361872782354931,-0.02032372533769497,-0.020351692273444057,0.002575904764857758,0.9487748496699243,2.7142740463970334
KEECHI_U1,other,-0.8818647252231094,12.840775835430797,5.316602697443468,6.06193379950116,0.04636650338857948,0.4342078776085352,18,1,6.911141841547964,-0.013890406791133939,0.03357586437081274,-0.02336207688135111,-0.007612641543876692,0.019693151262976754,0.007227682175738106,-0.11038377147205213,0.02986839871886244,0.5700514483202318,5.924524180817141
KELAMSL_U1,other,1.2000389183385896,8.165843219718552,3.2809528282896068,13.760468933564768,0.010668992820237536,0.28115144601758035,19,4,2.00330112721417,0.0029772813982189127,0.05108568182884557,-0.0047319545940024835,0.05954018704744251,-0.002676119779665248,-0.04226651314758174,-0.002229756158235172,-0.003965267490559199,0.745588371472458,2.36323313887968
KEO_KEO_SM1,other,8.959082064013957,20.15679357222562,13.481719116956317,3.418799502446175,0.15708246661745956,0.2679326310138898,4,15,25.69710144927536,-0.03990380058400719,-0.020228046274988795,0.037351043407961686,-0.0010087796085306842,-0.05077427200876437,-0.027474868558115335,-0.03455607603433207,0.04722623378569545,0.9503531216508168,3.9321955200943792
KINGE_ALL,wind,8.885751862041198,20.2780288368043,13.483020868281553,3.43523010370366,0.15426424209890627,0.26880493860296584,4,15,25.748695652173915,-0.039993422404328606,-0.019945092436404632,0.03610056136035336,-0.0011797574736498986,-0.050208628948416746,-0.027451068460396886,-0.033870945354590655,0.04673291856195364,0.938623790433932,4.408884093635242
KINGW_ALL,wind,8.621813057773602,19.77722879430083,13.203253036301417,3.4660015756597127,0.150640810575052,0.2692075421056163,4,15,25.005684380032204,-0.04030291110473961,-0.020353118916272978,0.03621914422708192,-0.001789858318720805,-0.04997743059433892,-0.027338002875598257,-0.031547921823442876,0.043483773898541904,0.941428932661651,4.18950604335755
KMCHI_CC1,thermal,0.41704690330805877,6.550918270965867,2.962686036368517,8.480723620838653,0.006240354291082333,0.3577803126887204,19,14,3.734331723027375,-0.00805471813786331,0.05324784304645553,-0.0034839630349607605,0.06682292315172035,0.019184429368884724,-0.05014951704897396,0.0231908546642799,0.029936108964878028,0.9355190327787779,1.07730448063732
KMCHI_CC2,thermal,0.41704690330805877,6.550918270965867,2.962686036368517,8.480723620838653,0.006240354291082333,0.3577803126887204,19,14,3.734331723027375,-0.00805471813786331,0.05324784304645553,-0.0034839630349607605,0.06682292315172035,0.019184429368884724,-0.05014951704897396,0.0231908546642799,0.029936108964878028,0.9355190327787779,1.07730448063732
LACASAWD_RN,other,-1.8489820841441327,11.100632911867478,5.043877071730524,7.072514440244612,0.023619405488827752,0.486814735288197,19,23,2.443671497584541,-0.03527822766472743,0.010943405338369565,-0.042685349552761064,-0.020284130047170352,0.014044220689885359,0.006993080502271982,-0.026599922243775456,-0.0069448366878666614,0.6517205961375858,4.239014803417328
LACY_CRK_ALL,wind,-1.3712265986714085,14.453036555719612,8.492874589008924,4.110265575550408,0.06555727034825203,0.4437361605045964,20,15,7.66048309178744,-0.04199187690574332,-0.01084481571583786,-0.009913524692038154,-0.03066428327858049,-0.004481894681545138,-0.0030532228517143323,-0.010558764252590717,-0.03548582248045497,0.7241073278854107,6.171756013217068
LAMESASLR_G,other,10.72462121720459,23.598882356568968,15.003417432731665,2.479685036815474,0.17580352949070657,0.2594108568744548,22,15,29.680692431561994,-0.028988442024404495,-0.019958416383211233,0.05005951121330935,-0.012381395918087524,-0.04726546554351373,-0.010420953358120745,-0.004280862970726426,-0.02462052711186097,0.7051105755622455,11.965653674449896
LAPETUS_U1,other,7.858715694826545,16.942856515822317,11.976836878480842,3.257340004239209,0.13561027980943435,0.24880896463799235,0,15,21.213011272141706,-0.03837742320410623,-0.023358210083611764,0.04820327283150933,-0.004050937362744974,-0.04967056738572283,-0.024773275422825813,-0.006644066697999254,0.007907095355600363,0.9405597078689878,3.5853047464385326
LARDVFTN_G4,thermal,-9.126051130644836,33.24878671356859,13.983420787760853,-10.533159213940863,0.16547003958934442,0.4848688183587197,14,19,30.215780998389697,0.02838843961843006,-0.04049731357976898,-0.028341713634859846,0.007702249891341653,0.02517810346765864,-0.05143823669735995,-0.02285097613511761,-0.0268344379173592,0.7510632862809662,10.7848563796906
LARDVFTN_G5,thermal,-9.125907535395557,33.24880775908195,13.983318794873515,-10.533151044114748,0.16547003958934442,0.4848688183587197,14,19,30.215764895330114,0.028388438394304962,-0.04049726260028415,-0.02834203322901698,0.0077018603266310265,0.025178232368997525,-0.051438022978950323,-0.022851753025121775,-0.02683465213111412,0.7510641786098526,10.78485036780161
LASSO_GEN,other,8.990201972757164,19.484377009184897,13.42885056699993,3.7545983918188868,0.16198080923304034,0.26659061933838823,3,15,24.867954911433173,-0.03760311596451601,-0.02168772463806972,0.04485416708397012,0.0018840111552986959,-0.05167754692719647,-0.026891296644921993,-0.03578464950566009,0.045020896336220896,0.9523735717466126,3.626877040242932
LAUR_BESS_RN,storage,-10.443177212641748,35.74986002119863,13.322883312084814,-16.836423522912302,0.1563443601959337,0.5554586324901026,9,19,22.566956521739133,0.02201430628578036,-0.0560578238292776,-0.017371389856794,0.021556891687066034,0.028203834352976447,-0.036447308023563135,-0.018087069855572097,0.0011784913473173548,0.8257468386842087,7.566003465889628
LBRA_BES1,other,1.736836878480843,6.189662444028274,3.0555190230155,4.898605779109173,0.009997986982486747,0.15822317654163592,18,4,3.3168760064412233,0.014714892181453422,0.006870826395333321,0.07201088254814009,-0.022105330489981683,0.0784870834816184,0.01982398935420972,-0.020727854055136403,-0.008454372035884523,0.9024489226949457,1.4495312194487637
LEG_LEG_G1,thermal,-0.008337918539891319,4.134099695612756,2.249227672280749,-0.9676295496694169,0.002549822183452996,0.3226867073743542,19,15,1.9241706924315616,0.01671878308163635,0.04365753303114577,-0.0004170721584039208,0.06191381911761353,-0.01806543669967467,0.02282157866478594,-0.03220494579239444,-0.027988309660897992,0.7540841861690446,1.579188011959174
LEG_LEG_G2,thermal,-0.008337918539891319,4.134099695612756,2.249227672280749,-0.9676295496694169,0.002549822183452996,0.3226867073743542,19,15,1.9241706924315616,0.01671878308163635,0.043657533031145786,-0.000417072158403925,0.06191381911761348,-0.018065436699674673,0.022821578664785885,-0.032204945792394454,-0.02798830966089801,0.7540841861690447,1.5791880119591737
LEONLCPCT1_2,other,4.714825873985104,24.94335850953676,5.445383479836274,23.85740069008483,0.028115144601758034,0.09769844997651479,19,2,8.084776105036692,0.0010825902559877237,0.03373828305828248,0.05685106851912149,-0.037630586696338,0.06639338934365664,-0.003975784869639495,-0.018924943082640543,0.002088307249648121,0.8035082155386746,3.344436365935269
LEONLCPCT3_4,other,4.714825873985104,24.94335850953676,5.445383479836274,23.85740069008483,0.028115144601758034,0.09769844997651479,19,2,8.084776105036692,0.0010825902559877237,0.03373828305828248,0.05685106851912149,-0.03763058669633801,0.06639338934365664,-0.0039757848696394885,-0.018924943082640526,0.0020883072496481313,0.8035082155386746,3.344436365935269
LFSTH_RN,other,0.6640938066161177,6.902589496846002,2.995780044286385,11.310317786207694,0.006710058377507884,0.3142991344024693,19,4,1.7033333333333327,0.003961103842637624,0.05331428293669961,-0.0030805077003031108,0.06929834142986195,-0.0021073719465015428,-0.03547195051268009,0.00030812652835454754,0.00015512581679995646,0.8602421671949373,1.5479901415151862
LGDRAW_S_ALL,wind,-1.613239616184661,14.346563631332446,8.324644031403073,3.5576701992995217,0.06220224115949809,0.46447024089109573,7,15,6.752898550724637,-0.03677234650899911,-0.004796254955661319,-0.01767453079046682,-0.01766160837032548,0.01660462421753739,-0.010052200857204372,-0.00039290259169583614,-0.051519892439287784,0.5769545301825596,7.788284017378845
LGD_LANGFORD,other,2.275526404079715,20.22505502691791,10.496328927061665,6.178685184334757,0.09635643830101322,0.3824062269341743,6,15,14.679130434782607,-0.04436459959874276,-0.011914987444133017,0.009610747345531507,-0.011881630173286124,-0.02206450996520789,-0.022324410272291123,-0.027295507211114775,0.026299695375205656,0.7825900892636113,7.250381554939017
LGE_CC1,thermal,-5.134330671676843,31.596911571802213,7.925583439575925,-20.94438020543923,0.048647923236932164,0.4656109508152721,9,19,17.803381642512075,0.034421331756050305,-0.052258857721556654,-0.01151448868251882,0.02395680306447112,0.00563194916367945,-0.017651214712791016,-0.01968502760388709,0.005609636209948082,0.9208985422514906,3.1853534906725627
LGE_LGE_GT1,thermal,-5.134330671676843,31.596911571802213,7.925583439575925,-20.94438020543923,0.048647923236932164,0.4656109508152721,9,19,17.803381642512075,0.034421331756050305,-0.052258857721556654,-0.01151448868251882,0.02395680306447112,0.00563194916367945,-0.017651214712791016,-0.01968502760388709,0.005609636209948082,0.9208985422514906,3.1853534906725627
LGE_LGE_GT2,thermal,-5.134330671676843,31.596911571802213,7.925583439575925,-20.94438020543923,0.048647923236932164,0.4656109508152721,9,19,17.803381642512075,0.034421331756050305,-0.052258857721556654,-0.01151448868251882,0.02395680306447112,0.00563194916367945,-0.017651214712791016,-0.01968502760388709,0.005609636209948082,0.9208985422514906,3.1853534906725627
LGE_LGE_STG,other,-5.134330671676843,31.596911571802213,7.925583439575925,-20.94438020543923,0.048647923236932164,0.4656109508152721,9,19,17.803381642512075,0.034421331756050305,-0.052258857721556654,-0.01151448868251882,0.023956803064471125,0.00563194916367945,-0.01765121471279102,-0.019685027603887087,0.0056096362099480835,0.9208985422514906,3.1853534906725627
LGW_UNIT_ALL,wind,-2.8290894450781723,11.293961079908946,5.162022411594981,5.750898669527518,0.03536200764946655,0.49748372810843455,7,15,3.3042028985507246,-0.038651036316341814,-0.009058558465661072,-0.028207778447374262,-0.02219455893536658,0.021249395855578508,-0.0028904494845742035,0.03210765345569527,-0.01673859986330018,0.6755810075490389,4.399817193993624
LHM_CVC_G4,thermal,1.7824095819633632,8.510866383388194,3.990828021203784,-5.355168584748337,0.018385559954371602,0.24256861034691002,15,6,8.834734299516908,0.04288694410737571,0.03375887096078866,-0.01446985728415515,-0.027526460538043945,-0.03743168508253142,-0.002671641980782683,-0.01900651396743159,-0.0022352588480189454,0.9714550774945248,1.014631427795645
LHM_PUN1,other,1.7824095819633632,8.510866383388194,3.990828021203784,-5.355168584748337,0.018385559954371602,0.24256861034691002,15,6,8.834734299516908,0.042886944107375716,0.033758870960788646,-0.014469857284155155,-0.02752646053804394,-0.03743168508253141,-0.0026716419807826823,-0.019006513967431592,-0.002235258848018943,0.9714550774945249,1.0146314277956447
LHM_PUN2,other,1.7824095819633632,8.510866383388194,3.990828021203784,-5.355168584748337,0.018385559954371602,0.24256861034691002,15,6,8.834734299516908,0.042886944107375716,0.033758870960788646,-0.014469857284155155,-0.02752646053804394,-0.03743168508253141,-0.0026716419807826823,-0.019006513967431592,-0.002235258848018943,0.9714550774945249,1.0146314277956447
LHORN_N_U1_2,other,-7.352108971348051,12.391033687761086,8.852163993826746,2.2070083057056142,0.07709857075756558,0.688586190699859,8,21,4.646425120772948,-0.030070114967106425,-0.0014700177681608686,-0.06651027314860226,0.0015989598834816937,0.023486737508098966,0.03614737156282399,-0.027591221098987755,0.08171035206622193,0.8676367135907711,3.6909439916434605
LHSES_UNIT1,thermal,0.8330792457894383,7.141952588743205,3.3807139502113666,5.759767822130685,0.009461182312286117,0.32758504998993493,19,4,2.581014492753622,0.0029227075996139987,0.04882515642585974,0.000269482184608765,0.06423354742450121,0.006195874918159278,-0.06287572967804068,0.031692705141271725,0.01526984658547398,0.8418939332651071,1.9611938704756369
LHSES_UNIT2,thermal,0.8330792457894383,7.141952588743205,3.3807139502113666,5.759767822130685,0.009461182312286117,0.32758504998993493,19,4,2.581014492753622,0.0029227075996139987,0.04882515642585973,0.0002694821846087652,0.06423354742450121,0.006195874918159274,-0.06287572967804067,0.03169270514127172,0.015269846585474,0.8418939332651071,1.9611938704756366
LIGSW_RN,other,0.7688713681809031,6.306560037336024,2.9571582902771256,7.5559368399057885,0.0069784607126082,0.3212104945313024,19,3,2.5047504025764895,-0.001321255949992933,0.05345121893079147,0.0020285931692799186,0.06374000611865366,0.013713459944876235,-0.050403998285255006,0.016715089183527886,0.018350249077395738,0.8638793041192966,1.5500120361606977
LIG_RN,other,1.7747030799167953,8.444250429183889,3.96061464134738,-5.402937350429195,0.017781654700395895,0.2404213916661075,15,6,8.718212560386473,0.04296249472605007,0.033863531112453354,-0.014278931737172066,-0.027152656007678612,-0.037321935002990705,-0.0022854388289517257,-0.01904522576281118,-0.0022316209640385835,0.9723852331460525,0.9882010695811436
LILY_RN,other,1.239071327920553,8.834013953635555,3.4075514996980476,10.502645777224606,0.010065087566261826,0.3082600818627122,19,4,3.5712238325281804,-0.002957932558399154,0.05605415255891322,0.003326023529670555,0.0574239837207438,0.007888077741616152,-0.053234684101552264,0.010756337826123043,0.01306505498454634,0.8530452809685181,1.8611434096093564
LMAJADAS_ALL,wind,-9.817165000335502,34.78629515515381,12.186926793263103,-18.48035542046551,0.13587868214453466,0.5530430114741999,9,19,22.36412238325282,0.02430070706342953,-0.057773515917479645,-0.016978862475121377,0.023564336810121118,0.023753827818217152,-0.03335926699908764,-0.020759604043882666,-0.0034756375526344392,0.8819873921748334,5.6312223665899435
LMO_ESR_RN,storage,0.49193182580688455,5.258259658589049,2.5485016439643027,-3.107099898953207,0.005502247869556465,0.2785345232503523,16,5,2.8062318840579707,0.03124133211371099,0.038207827959384884,-0.007230446497900576,0.024253550920931673,-0.03201427672060263,0.014917970888142233,-0.020383106162308925,-0.016729097202887885,0.6941678118882688,2.0536378196144427
LNCRK_ALL,wind,-2.984744682278736,9.708602462619357,5.0207280413339594,6.302541152235754,0.02026437630007381,0.48728443937462257,7,16,4.793446054750403,-0.04625143215795633,-0.011011123575964765,-0.03930072259281867,-0.016490936185569887,0.011622430505642815,0.014965286118611412,0.010218892355002526,-0.022074026923367993,0.9227859690874547,1.9417812398874699
LONESTAR_RN,other,9.353484533315438,19.694383074312682,13.3801368851909,4.0806729514075375,0.1668791518486211,0.2432396161846608,0,15,24.39418679549114,-0.03585242686661802,-0.020888925257893983,0.05121247696517572,0.0017554455188483987,-0.051225213513979566,-0.025653698011323008,-0.035380959048792064,0.037557792144616416,0.937599089086532,4.159244297493066
LONEWOLF_ALL,wind,-0.8182520297926592,11.613665940173616,6.234848688183588,5.976120546203126,0.026504730591156142,0.38455344561497684,20,15,7.774444444444445,-0.047232489065845394,-0.01446029951543416,-0.009715151299070381,-0.024304418434023638,-0.005335451034783823,0.00022025573004274488,0.00305812541451825,-0.036000836698431016,0.8717155937145611,3.126073245145788
LON_RN1,other,0.5381225256659733,8.949732729826554,3.363860967590418,-12.563975984416796,0.008991478225860565,0.25303630141582234,15,7,5.976618357487923,0.05022539749032747,0.012756241300457995,0.000122307064755587,-0.007111560705620572,-0.021652795128620922,0.026524798468770823,0.0014843860788719407,0.028425914294359422,0.95446465606102,1.0002017486965287
LOSTPI_CC1,thermal,1.3115882708179563,6.935785547334316,3.0080722002281415,-1.914076172994933,0.010199288733811984,0.18143997852781318,16,4,3.67170692431562,0.027027198316156326,0.008278207081282523,0.06075588429391518,-0.018363804446760435,0.0628920172883998,0.027908578167787513,-0.022774812713513226,0.010828411451597396,0.8416926339031872,1.7982354050041558
LOS_LOSTPGT1,other,1.311588270817956,6.935786176222046,3.0080735422398175,-1.9140759431112753,0.010199288733811984,0.18143997852781318,16,4,3.67170692431562,0.027027192031503236,0.008278185104123287,0.060755899363129515,-0.018363785839310795,0.0628920385425168,0.027908588331050158,-0.0227748038920419,0.010828456417945071,0.8416927309878905,1.7982352375718784
LOS_LOSTPGT2,other,1.311588270817956,6.935786176222046,3.0080735422398175,-1.9140759431112753,0.010199288733811984,0.18143997852781318,16,4,3.67170692431562,0.027027192031503236,0.008278185104123285,0.060755899363129515,-0.0183637858393108,0.0628920385425168,0.027908588331050158,-0.02277480389204188,0.01082845641794506,0.8416927309878904,1.7982352375718789
LOS_LOSTPST1,other,1.311588270817956,6.935786176222046,3.0080735422398175,-1.9140759431112753,0.010199288733811984,0.18143997852781318,16,4,3.67170692431562,0.027027192031503236,0.008278185104123285,0.060755899363129515,-0.0183637858393108,0.0628920385425168,0.027908588331050158,-0.02277480389204188,0.01082845641794506,0.8416927309878904,1.7982352375718789
LPCCS_CC1,thermal,0.30193048379520904,6.582590334715868,3.0450318727772934,7.977974522220537,0.006240354291082333,0.3698584177682346,19,15,4.270547504025765,-0.00854090069273651,0.050126176414945774,3.678377803434804e-05,0.06978544650590858,0.0184447465560606,-0.04644575149456931,0.0281167269194197,0.03167266874477452,0.9087206810927844,1.3163060910530353
LPCCS_CC2,thermal,0.12061464134737974,6.740558547897812,3.1658793531503724,7.348661066262399,0.007045561296383279,0.3822049251828491,19,15,4.346086956521739,-0.010902525356732043,0.04628612826041079,-0.004035416611296333,0.06601477761708693,0.01860297377527543,-0.05193722392002686,0.036507933131931306,0.029744537328936775,0.8536826892860425,1.7256069387855302
LPCCS_CT11,thermal,0.22075689458498293,6.823487980536251,3.1475783399315573,6.824493932711223,0.00818627122055962,0.3711333288599611,19,15,4.537278582930757,-0.0077284589965675625,0.049055477724837725,0.0011787820622172968,0.07160463779644974,0.017369999997327756,-0.044259151982157845,0.02680016288991713,0.030754658339463493,0.8954117600838273,1.4426708061517983
LPCCS_CT12,thermal,0.38192243172515605,6.545903927027317,3.0154136750989737,8.11510408605126,0.006307454874857411,0.364289069314903,19,14,4.11805152979066,-0.007762543653840463,0.05117664603619112,0.0004289600448227771,0.0697517045098182,0.020147395603990762,-0.04827023487465915,0.02612494334214783,0.03043440557099591,0.9269504073780641,1.1645131647378855
LPCCS_CT21,thermal,0.22075689458498293,6.823487980536251,3.1475783399315573,6.824493932711223,0.00818627122055962,0.3711333288599611,19,15,4.537278582930757,-0.0077284589965675625,0.049055477724837725,0.0011787820622172988,0.07160463779644977,0.017369999997327756,-0.044259151982157845,0.02680016288991712,0.0307546583394635,0.8954117600838273,1.4426708061517983
LPCCS_CT22,thermal,0.22075689458498293,6.823487980536251,3.1475783399315573,6.824493932711223,0.00818627122055962,0.3711333288599611,19,15,4.537278582930757,-0.0077284589965675625,0.049055477724837725,0.0011787820622172968,0.07160463779644974,0.017369999997327756,-0.044259151982157845,0.02680016288991713,0.030754658339463493,0.8954117600838273,1.4426708061517983
LPCCS_UNIT1,thermal,0.38192243172515605,6.545903927027317,3.0154136750989737,8.11510408605126,0.006307454874857411,0.364289069314903,19,14,4.11805152979066,-0.007762543653840463,0.05117664603619112,0.0004289600448227771,0.0697517045098182,0.020147395603990762,-0.04827023487465915,0.02612494334214783,0.03043440557099591,0.9269504073780641,1.1645131647378855
LPCCS_UNIT2,thermal,0.3819217607193183,6.545903828297749,3.0154130040931353,8.115104754149435,0.006307454874857411,0.364289069314903,19,14,4.11805152979066,-0.007762540778035395,0.051176643046698195,0.0004289776422194544,0.0697517073054355,0.0201473922858641,-0.04827024739362977,0.026124951196904434,0.030434434116708955,0.9269504391990843,1.164512862853199
LV1A_LV1B,other,-10.029727571629873,34.92137436881028,12.460883714688316,-18.193309641923513,0.1426558411058176,0.5541166208146011,9,19,22.739565217391302,0.023847600408156304,-0.05796322674978788,-0.016460586662611448,0.023899074286853908,0.022773421991868298,-0.03157795428521455,-0.02149195475155663,-0.005324132313246762,0.8725845960627787,5.961039865051293
LV3_RN,other,-9.09472253908609,31.56659292515867,11.717379722203583,-16.596040319709257,0.131919747701805,0.5276118902234449,9,19,23.288695652173917,0.025635862186370824,-0.05520481265338944,-0.023532413277146256,0.009603202910785015,0.02696900853444911,-0.05176308122879606,-0.026841582071502397,-0.017967070867439445,0.9138459855529366,4.69248175561705
LV4_UNIT_1,thermal,-9.226979802724284,31.545606649050054,11.842266657719922,-16.373291534544492,0.13473797222035833,0.528551298396296,9,19,23.5970692431562,0.02549914262685273,-0.05496354064226541,-0.023825468347855025,0.00930189943817463,0.02730110281093222,-0.05246639540330065,-0.02711129117613387,-0.018657207989744823,0.9118300061015318,4.798630355688279
LV5_UNIT1,thermal,-4.541636583238275,32.038907569822,8.976508756626181,-20.93525360847394,0.06730188552640408,0.44870160370395223,15,19,21.552818035426732,0.03812114898612589,-0.04101497579053808,-0.017594581503424262,0.0041144293398414,0.014809853065189527,-0.04473429653273304,-0.022023002058461246,-0.009315363226929703,0.8819253837181833,4.335271964249811
LZ_AEN,load_zone,3.8395504260887074,14.231958677266725,4.6440636113534195,12.772276403232274,0.027309937596457088,0.11903643561698987,16,4,10.489822866344605,0.009223289947731651,0.030273982842656585,0.044492251761575057,-0.04687043029948032,0.07201976701413275,-0.024560445227719795,-0.025426400185618352,0.03467819950371981,0.8374601086101092,3.001949702612817
LZ_CPS,load_zone,3.967197879621552,18.636884777695958,4.790644165604241,20.700411139178424,0.02563242300208012,0.11239347782325707,18,2,8.17799427157719,-0.0008648268500922097,0.030179036537239006,0.0640500231797313,-0.036962996475752866,0.07243933423465636,0.006502949817545715,-0.02107650278843742,-0.0031845362595714763,0.8827666606455294,2.5248216387321616
LZ_HOUSTON,load_zone,1.3615835737770918,8.344424721425074,3.687976917399182,-8.495927756008832,0.011943903911964034,0.23847547473663022,15,6,7.798615136876006,0.046530561681797915,0.02916124103236054,-0.010560786265149722,-0.022711995965032084,-0.03234074469467237,0.005665788734860302,-0.01161539530821926,0.008963872587736562,0.9883813594807681,0.5679336810467396
LZ_LCRA,load_zone,4.20499698047373,17.374528033039653,4.941280950144266,16.596564799742424,0.029054552774609138,0.10474401127289808,17,2,12.094502040848182,0.004272616805704809,0.03006032702461423,0.042003039874147,-0.043018108005776774,0.061007483644914304,-0.02834384810668616,-0.026635339116891348,0.030141525160199523,0.6915563345790083,4.780480481744324
LZ_NORTH,load_zone,0.6839790646178622,6.845786848389205,2.708664027377038,10.64839400351247,0.006441656042407569,0.30839428303026234,19,3,3.34256038647343,-0.006840677206310977,0.06097000240974213,-0.0045027511984116406,0.05153687643629498,0.022776876088879447,-0.040492083781484764,-0.018070110043604592,0.023615299930074968,0.9110963125756825,1.1549755179365988
LZ_RAYBN,load_zone,0.980738106421526,7.272196340229419,3.117509226330269,9.156387805752479,0.00925988056096088,0.31282292155941754,18,3,3.303574879227053,-0.0039618360592383346,0.05888358936161718,-0.0012121775169213614,0.053526721478294764,0.016644964829522414,-0.05900231283162524,0.01037458358348944,0.02275342039925324,0.9130242630742094,1.3574796972877692
LZ_SOUTH,load_zone,-0.40992551835200974,14.515529785492435,4.65000603905254,-18.70320413566423,0.01737905119774542,0.320002684023351,15,19,9.861980676328503,0.0387181151578844,-0.033781774584309386,0.013139875233942482,-0.00541121048593121,0.039249822465639364,-0.0350991007893602,-0.03828246324056813,0.015800773625020945,0.8697162185947904,2.26995278865355
LZ_WEST,load_zone,5.964708447963497,15.377671767924655,10.274560155673354,4.168123896878346,0.08790176474535329,0.25733073877742735,4,15,17.60607085346216,-0.04280237283676787,-0.021217275830208444,0.036260756792949676,-0.007310168527961709,-0.04845753542754729,-0.023268749850654465,-0.026774719934596833,0.02696428744202281,0.9832022261249022,1.6438880856590723
L_FRE_ESR_RN,storage,-10.123892504864791,35.31658219470612,12.803237603167148,-17.288399557019684,0.14708447963497281,0.5543850231497014,9,19,22.347906602254433,0.02292933242481907,-0.05611926032765582,-0.017892695443363485,0.021960244500684022,0.027767510408349058,-0.03798338627896249,-0.017766042977412022,0.0003372437556884849,0.8457186851791111,6.866019099952061
MADERO_RN,other,-4.76527142186137,32.857800427368566,9.406213514057571,-20.48850364999557,0.07287123397973562,0.4392404213916661,15,19,23.003123993558777,0.03765253857925399,-0.04186009827283967,-0.02090333345017935,0.005219306384975146,0.016221521206017123,-0.04597869082015469,-0.023455230841391644,-0.010617763293988074,0.8999270578800632,4.197238860172941
MAINLAND_RN,other,2.0564114607797084,10.485734736665679,4.721442662551164,-4.995401955089065,0.028853251023283902,0.24538683486546334,15,7,11.195169082125604,0.044355043886039676,0.026254070147276633,-0.012392658692055466,-0.027801766231435425,-0.03041101071778959,-0.000627733208808809,-0.01736166471567569,0.007344848260262616,0.9121087376419458,2.129234060204104
MAND_SLR_RN,solar,-0.7736093404012614,5.728637686503462,2.961445346574515,0.7968060754820013,0.008320472388109776,0.3739515533785144,19,15,7.09294685990338,-0.00032251840472140287,0.017392993849428655,0.021118465093049252,0.0711829873995693,-0.012837313256585792,0.07460523320347993,-0.07283467188276599,-0.06946095057286872,0.8227661756154481,1.997596395748794
MARBFA,other,3.545562638394954,16.57367919479229,5.264230020801181,14.074160722284995,0.034019995973964975,0.15379453801248072,16,2,10.188632878857645,0.003915208865164391,0.029350796833684262,0.03552080892908667,-0.04807831992975211,0.07527982967917159,-0.03231287648690134,-0.015846399879691428,0.027586926171163074,0.7795533251278031,3.99329907066302
MARIAH_ALL,wind,-7.616387975575387,12.681261785037718,9.122617593773066,2.014593381957148,0.08421123263772395,0.694491042072066,8,21,5.098325281803542,-0.02856253666959104,-0.0008453782355094148,-0.0671180333196669,0.002914765386108448,0.023820545161103848,0.0361103557809319,-0.027066566620871427,0.0862391370944257,0.8569529043719604,3.9469817461647705
MAR_MARSFOG1,other,4.032730993759645,14.397604217262103,4.8924746695296255,11.67952755008175,0.03308058780111387,0.12138495604911763,16,4,11.563687600644123,0.007559908915169322,0.03023627141459671,0.03962198318210965,-0.04902498040358101,0.07254535659829606,-0.030167753633810898,-0.019683179961819838,0.039963190372293324,0.8244162900458223,3.408415850444163
MAR_MARSFOG2,other,4.042312286116889,14.402108542629074,4.896388646581225,11.67080065674624,0.03308058780111387,0.12078105079514191,16,4,11.5973268921095,0.00754845815359333,0.030332941555278208,0.03945003076961138,-0.04904384294820431,0.07260847543467126,-0.030577772858702494,-0.01955219580386732,0.0404447655139165,0.8261446749291681,3.394268679494222
MAR_MARSFOG3,other,4.032260618667382,14.392700105119763,4.88714487016037,11.685512353547702,0.03308058780111387,0.12118365429779239,16,4,11.568035426731079,0.007569968683957302,0.03024049594678754,0.03963371657504567,-0.04905111671020455,0.0725635971991048,-0.030173303988481726,-0.019646146104586443,0.04011221129319999,0.8250983470545833,3.4018666905430015
MASSENGL_G6,thermal,-6.240932027108636,12.36213691833396,8.33051935851842,3.063396573332768,0.06287324699724887,0.6577870227470979,8,21,6.855297906602255,-0.028255086458479742,0.0003080944057557512,-0.067666388469443,0.003457628697935848,0.03119116176620508,0.02001323129013669,-0.011611186685322506,0.06873655308930074,0.7952566013185313,4.417076686286191
MASSENGL_G7,thermal,-6.240932027108636,12.36213691833396,8.33051935851842,3.063396573332768,0.06287324699724887,0.6577870227470979,8,21,6.855297906602255,-0.028255086458479742,0.0003080944057557608,-0.067666388469443,0.0034576286979358358,0.03119116176620508,0.020013231290136678,-0.01161118668532249,0.06873655308930073,0.7952566013185313,4.417076686286191
MASSENGL_G8,thermal,-12.17904515869288,23.57951870692406,13.788764007246861,-3.404586549374616,0.14453465745151983,0.7325370730725357,10,21,18.56888888888889,-0.005638859616162147,0.004030338241774158,-0.056405028758393365,0.016329455914205003,0.02258133427671219,0.021615844720286055,-0.015859210770465027,0.10908348645352094,0.5364696501181306,13.469131362550309
MAVCRK_W_ALL,wind,-2.8206663087968864,11.270961032726163,5.59984499765148,7.288062085058582,0.02912165335838422,0.4886935516338992,20,15,5.964202898550724,-0.04329824443665082,-0.014098258621858109,-0.02017676441075464,-0.02074499573159478,0.012939325700935863,0.001750716888803905,0.046953600555675136,-0.057016811855566854,0.8440293822888847,3.0581059099242975
MCDLD_FCSBW1,other,5.293583842179427,15.879966615790716,10.131054150171105,3.5853294418496695,0.09132389451788231,0.2882641078977387,21,15,16.468856682769726,-0.04056791063363785,-0.0212165456448276,0.03162057977831663,-0.01614552867748339,-0.03698311540686557,-0.020121021648262176,-0.0021202507229257823,-0.02065377935591331,0.8321691521355207,5.579941175828837
MCLNSLR_RN,other,5.81219553110112,15.87959300953855,9.482622961819768,2.2376435156783283,0.08937797758840502,0.22760518016506742,20,13,23.27536231884058,-0.01292039622032445,-0.00013744362503707055,0.05729994156516212,0.012846009313009731,-0.022493795917134803,0.06575189774105494,0.01641134218448296,0.058266208129679,0.5616881761392676,9.194160336313377
MCSES_UNIT6,thermal,1.8794249479970477,9.738993246871534,3.8434160907199892,9.226962700467405,0.01925786754344763,0.2975239884586996,18,4,6.07122383252818,0.00022484824858063496,0.053402912116080746,-0.0005948240565764672,0.03318925136381975,0.017338428198549232,-0.06615277790842007,0.01664337363371325,0.031516268367532824,0.7181341068225535,3.479880520865813
MCSES_UNIT7,thermal,1.8794249479970477,9.738993246871534,3.8434160907199892,9.226962700467405,0.01925786754344763,0.2975239884586996,18,4,6.07122383252818,0.00022484824858063496,0.053402912116080746,-0.0005948240565764672,0.03318925136381975,0.017338428198549232,-0.06615277790842007,0.01664337363371325,0.031516268367532824,0.7181341068225535,3.479880520865813
MCSES_UNIT8,thermal,1.8794249479970477,9.738993246871534,3.8434160907199892,9.226962700467405,0.01925786754344763,0.2975239884586996,18,4,6.07122383252818,0.00022484824858063474,0.053402912116080746,-0.0005948240565764646,0.033189251363819755,0.017338428198549232,-0.06615277790842009,0.01664337363371326,0.03151626836753283,0.7181341068225536,3.479880520865812
MDANP_CT1_2,thermal,0.16262430383144325,5.475176338992179,2.519849023686506,7.842697825007437,0.004562839696705362,0.33275179494061596,19,15,1.6723510466988725,-0.006795915637295937,0.049001387195729655,-0.014517362621287198,0.06569401022737774,0.0036765009278605996,-0.02236699583698061,-0.01145555651677448,-0.0034659315883277457,0.7593712382430654,1.6450307327482006
MDANP_CT3_4,thermal,-0.03165939743675783,5.5689148994064706,2.520397235455948,8.0366767689288,0.005099644366905992,0.3537542776622157,19,23,1.3983574879227052,-0.012092249800109475,0.046133863737489185,-0.02209450600660238,0.056461364232273784,0.005730753972948136,-0.028104311942247485,-0.011037359089279754,0.005852592716387819,0.699292696107399,1.8733119363843715
MDANP_CT5_6,thermal,0.19264510501241353,5.513903725984001,2.5492149231698313,7.697149514331372,0.004562839696705362,0.3322820908541904,19,23,1.4632850241545894,-0.006624375261365748,0.049228164262220445,-0.015383679572025407,0.0628906718993662,0.004549766196641441,-0.027172933201071295,-0.010424644158194805,0.0014500209398720192,0.7449814713046736,1.7307909308631895
MEDILA_RN,other,5.561058176206132,34.72147731392872,6.4451070254311205,23.640383904560167,0.034892303563040995,0.11407099241763403,18,2,13.297213260180175,0.002707995363582848,0.03182259283591879,0.048570013286092166,-0.03256997214246879,0.04506756985506323,-0.003994217686236135,-0.03481711240689065,-0.009031447277078017,0.5747930095974569,6.440442465900341
MERCURY_ALL,wind,-5.068076897269005,14.057442342605123,6.882575991411125,-2.000568113115031,0.0786418841843924,0.4997651479567872,19,15,16.792657004830918,-0.016957462080683734,0.0022725805991406513,0.011672971934187676,0.048687759861168564,-0.02047479918425661,0.030219446133990437,-0.03802973717820811,-0.044703423950428686,0.3971709668454423,10.088931156151279
MESQCRK_ALL,wind,-1.6139455143259749,14.3352363335387,8.31639602764544,3.5664915775421004,0.06193383882439777,0.46447024089109573,7,15,6.754428341384863,-0.036804258294914696,-0.0047740954669093835,-0.017616768561078428,-0.017668980064015113,0.016556560749653657,-0.010056486410692397,-0.0003494137187134656,-0.051493693193606964,0.5774462217816068,7.776363455795509
MESTENO_RN,other,-9.226979802724284,31.545606649050054,11.842266657719922,-16.373291534544492,0.13473797222035833,0.528551298396296,9,19,23.5970692431562,0.02549914262685273,-0.05496354064226541,-0.023825468347855025,0.00930189943817463,0.02730110281093222,-0.05246639540330065,-0.02711129117613387,-0.018657207989744823,0.9118300061015318,4.798630355688279
MGSES_CT123,thermal,1.003389921492317,14.252943872351304,7.564942629000872,4.928301970265062,0.04052875260014762,0.357444809769845,20,15,9.675797101449277,-0.044095935217703046,-0.013865997420514108,0.005720719286638254,-0.023400244689996037,-0.017667796223778922,-0.009074314733175857,-0.00976916264042682,-0.025255326004857567,0.7717098612998778,5.2469370461243745
MGSES_CT456,thermal,1.0033905924981548,14.252943923745995,7.564943300006711,4.928301776526633,0.04052875260014762,0.357444809769845,20,15,9.675797101449277,-0.04409593523213569,-0.013865993431706811,0.005720715002903941,-0.023400247838908317,-0.01766780620275938,-0.009074306534227885,-0.009769161799630346,-0.025255340197000542,0.7717098768094192,5.246936910535975
MIAM1_G1_G2,thermal,-7.142409581963364,12.183082778340172,8.627632691404415,2.2709495344916073,0.07307253573106086,0.6835536469167282,8,16,4.306409017713366,-0.03090046135813757,-0.0018630483824146821,-0.06605339624637226,0.0004889183222443026,0.023005085229437647,0.03673102196937622,-0.028431407362254694,0.07824251757842743,0.871944291501505,3.5628318083822297
MIDWY_RN,other,8.422725625712943,17.66907321777393,12.483000738106421,3.5065965698427632,0.14936589948332551,0.2458565389518889,0,15,22.467761674718197,-0.037634048417023634,-0.023144149107769754,0.05011307932588226,-0.00045746195007116767,-0.051060560518165585,-0.02607483463733087,-0.01878945546172474,0.02305795770845808,0.9571929616066339,3.126109993063307
MILTON_RN,other,1.0618224457888654,9.429005374633961,3.2935007817279587,20.461092019285726,0.010266389317587063,0.20150305307656177,15,19,2.740195758564438,,,,,,,,,,
MIL_MILG1_2,other,0.6734073676440986,14.054207288303687,4.3192357243508015,16.184766724700914,0.01751325236529558,0.4014627927262967,18,1,5.679829752862046,-0.008166380712917882,0.04526217975373157,-0.015736592497916917,0.007399751087262039,0.01655273870974697,-0.024670825606752402,-0.09276191256981406,0.018837284363741595,0.5848912596545272,4.121506083072975
MIL_MILG345,other,0.6734073676440986,14.054207288303687,4.3192357243508015,16.184766724700914,0.01751325236529558,0.4014627927262967,18,1,5.679829752862046,-0.008166380712917884,0.04526217975373156,-0.015736592497916924,0.00739975108726204,0.016552738709746974,-0.0246708256067524,-0.09276191256981409,0.018837284363741626,0.5848912596545272,4.121506083072975
MIRAGE_G1,thermal,2.6427538079581288,10.552453261771962,5.0122217003287926,-3.1524329587744515,0.03656981815741797,0.23988458699590687,15,6,12.5317230273752,0.04222225175383286,0.031066233849395636,-0.01478705565670562,-0.035466801739698746,-0.03281207986367149,-0.010129709727377274,-0.02616916491281518,-0.0032524405481643482,0.9528823152110864,1.7191231383488434
MIRASOLE_GEN,other,-8.898474132724955,31.60857331377161,11.533032275380794,-16.922676499793354,0.12769241092397504,0.5255317721264176,9,19,22.831159420289854,0.025830536778666948,-0.05554690949076104,-0.023091035020194467,0.010067904061075208,0.026465930716840027,-0.050677260721632374,-0.02643304026168306,-0.01693253303633228,0.9164515485618334,4.54686148977754
MISAE_GEN_RN,other,-6.75417030128162,11.837860554683475,8.222059987921895,2.3766828682705574,0.0662953767697779,0.6720123465074146,7,16,4.372882447665056,-0.03264977974060004,-0.0026162141627415706,-0.064765578834557,-0.0016400650384668742,0.022133839461181692,0.03738309770078524,-0.029864643921719666,0.07042181398073394,0.8787956537711241,3.351231592702873
MLSES_UNIT1,thermal,-0.01597329396765747,6.423170450192172,3.0957464939944974,3.408831954601641,0.007515265382808831,0.358317117358921,10,21,1.7371497584541065,0.0010840177417827483,0.0450192896778101,-0.009374189954155374,0.07006593551752778,-0.010025086243859753,-0.042174558493162075,0.009533784184762353,-0.0021278577089841612,0.7606379534235663,2.125786962827732
MLSES_UNIT2,thermal,-0.015965912903442202,6.42317012012556,3.095739112930282,3.4088290416080618,0.007515265382808831,0.358317117358921,10,21,1.7371175523349436,0.001084009835308112,0.04501924607251859,-0.009374344808094829,0.0700660137453775,-0.010024966095402576,-0.04217443081265665,0.009533804469968992,-0.002127934775186793,0.7606379012381094,2.1257870034511215
MLSES_UNIT3,thermal,-0.01597329396765747,6.423170450192172,3.0957464939944974,3.408831954601641,0.007515265382808831,0.358317117358921,10,21,1.7371497584541065,0.0010840177417827483,0.0450192896778101,-0.009374189954155374,0.07006593551752778,-0.010025086243859753,-0.042174558493162075,0.009533784184762353,-0.002127857708984163,0.7606379534235663,2.125786962827732
MNWL_BESS_RN,storage,0.7397604509159229,13.615702081729744,4.62717774944642,13.675105445062346,0.023082600818627123,0.40837415285512985,18,1,7.162296161672647,-0.01044477722133107,0.04755079426992817,-0.018387497812641866,0.0032469435298930886,0.02227293087904981,-0.026879872359214355,-0.08663361525174332,0.023183427022551932,0.6355626897243316,4.43140013216632
MONT_WND_RN,wind,-5.0322035831711736,10.090899521992736,6.5132839025699525,4.363272588688177,0.03274508488223848,0.6458431188351339,7,16,4.277375201288246,-0.038447658001755355,-0.005988345696892205,-0.06492402766641614,-0.005844640227829517,0.023366385772249986,0.03042962109686385,-0.017558074454103935,0.04175768747569655,0.9529571109280958,1.6705259832715826
MOORE_FL_RN,other,-4.765441857344159,32.86160522378457,9.377683687848084,-20.4909596809888,0.07253573106086023,0.45145272763873046,15,19,23.510289855072465,0.03819548557528143,-0.039838624582362,-0.020283513791993866,0.004083674735165698,0.014433409018384274,-0.046835356078552125,-0.023325227034609226,-0.010024283070349433,0.8835250038565773,4.515270899624492
MOZART_WIND1,wind,0.7741669462524321,15.439600939131124,7.257548815674697,7.916589098604884,0.039790646178621755,0.3311413809300141,18,11,5.513784219001611,-0.041062999979763475,0.003932125451496973,-0.022832292476263717,-0.03246450565979104,-0.000704790860301026,-0.01152229662286526,-0.023914889408917384,-0.0063717808565052474,0.7158075355374387,5.637024413526914
MRKM_SLR_RN,solar,-0.29984902368650607,9.846089357617558,3.9706025632423003,7.43518597269663,0.020935382137824598,0.40193249681272225,19,15,9.217439613526569,-0.006702413423832574,0.01991368502330454,0.02642921710219811,0.06126441500879627,-0.0039158254999703416,0.057191607982348916,-0.09510661387914592,-0.05605542660008906,0.7419582195333935,3.4044778849215964
MROW_SLR_RN,solar,0.4971395021136684,10.036709157109238,5.870233510031537,-2.5450140965632393,0.024625914245453937,0.27578339931557405,21,15,11.793188405797103,0.00262917181149603,-0.026259421853539924,0.05563479005304704,0.03288902541186215,0.00098848800219856,0.05595766813697818,0.010911029782311616,0.02083156019441136,0.554476397762506,5.553790897356422
MUENSTER_RN,other,-3.975041937864859,16.10935560114356,7.490535462658525,-0.3231098219085719,0.08427833322149902,0.48325840434811784,18,0,7.7852012882447665,-0.018625127393062272,0.014087810038778112,-0.04076323534999437,-0.0256430171379826,0.02464852172412143,0.024787748541137734,-0.09759700869590499,0.022555049034664487,0.5797854790068444,8.956367104743613
MUSTNGCK_ALL,wind,0.5445474065624372,23.088555567851962,5.05718378849896,30.029509229597167,0.021807689726900625,0.29611487619942295,6,19,7.716795491143317,0.027465054753486713,-0.031088789194722893,0.028660210614005394,0.020832511710116252,0.03184531040255129,-0.0035533427261391125,-0.04099735394208436,0.010566352557104497,0.6044225917229187,4.159794960693238
MU_RN,other,1.5890075823659664,9.530806921129651,4.1933114138093,-7.816247814027703,0.020063074548748575,0.24350801851976112,15,7,9.346425120772947,0.046775017971098044,0.024680267180808263,-0.00933169366390408,-0.025795642938566905,-0.029191599763947463,0.0034606827557253704,-0.015936430772221854,0.009971419964046017,0.9574259789405358,1.2720323813682493
MV_VALV4_RN,other,-2.6302932295510972,33.5332680217842,10.02250553579816,-18.757399395051035,0.08360732738374824,0.39629604777561567,15,20,26.933059581320453,0.038937303585843276,-0.027245798581950836,-0.01881446280149652,-0.005873700378687581,0.00938262414443049,-0.04597182834049963,-0.020266512648194276,-0.009394997532330052,0.7508715136282635,7.101330757793477
MWEC_G1,thermal,-1.7921707038851236,11.677642949596287,6.282504193786486,5.243392668769669,0.03133597262296182,0.4376971079648393,7,13,3.5930917874396133,-0.04350903234799384,-0.0021022431855158724,-0.03654883911973814,-0.023457763860710395,0.003733759162320193,-0.0018071268033082325,-0.01482519418561116,0.009717022031762858,0.8052421584526639,3.9115911807493218
MYRY_BES2_RN,other,-4.926818761323224,32.790978918726424,9.324310541501712,-20.54731307687797,0.07226732872575992,0.44903710662282764,15,19,23.133961352657003,0.03788831636182252,-0.041569308571787075,-0.020213603677794293,0.004735369805249895,0.015542844059694147,-0.04699101857690279,-0.0235918409633333,-0.010111255400994399,0.901112670753294,4.1400913382326605
MYRY_ESR_RN,storage,-4.926818761323224,32.790978918726424,9.324310541501712,-20.54731307687797,0.07226732872575992,0.44903710662282764,15,19,23.133961352657003,0.03788831636182252,-0.041569308571787075,-0.020213603677794293,0.004735369805249895,0.015542844059694147,-0.04699101857690279,-0.0235918409633333,-0.010111255400994399,0.901112670753294,4.1400913382326605
MYR_ALL,wind,-0.009195464000536802,8.952171995781939,3.037346842917533,-14.151836644175853,0.007917868885459303,0.27007984969469234,15,7,4.222608695652174,0.04876027252610939,0.0022040520622811513,0.007138900062480157,0.008286832901767635,-0.013698708266350359,0.042811828121298655,0.016454261896904184,0.04230932361568008,0.9257875736542629,1.1515461782808136
NACPW_UNIT1,thermal,0.5672180097966852,5.802451461633656,2.90658994833255,5.703865715950243,0.005435147285781386,0.3143662349862444,19,4,1.4924959742351038,0.004458366649341144,0.052809614617451366,-0.004376940780364119,0.07159880285629944,-0.0037011690956447224,-0.038251689180464524,-0.0030842080371263603,-0.0005082731405163871,0.884740864298282,1.3834329259246225
NBOHR_RN,other,-1.2327014695027845,14.852466344634824,8.842557203247669,3.784220590703368,0.07213312755820976,0.44132053948869354,20,15,7.702673107890499,-0.04176312218734359,-0.0108212316701575,-0.00957084960536381,-0.030407151396142855,-0.006623987155992286,-0.004374417456223489,-0.012362284484630651,-0.03217681995079906,0.7144969821481579,6.525668632372391
NCARBIDEG8,other,-0.9121982151244717,26.934979002012334,6.484003891833859,7.471307670914844,0.03368449305508958,0.35549889284036773,8,19,13.137906602254429,0.0323387271543424,-0.04504413822934437,0.008018027165953732,0.020790491287886976,0.018388068297000404,-0.011632662351925357,-0.030549692494932928,0.006739833181578082,0.7655244456843635,4.262816090323902
NCARBIDE_1_7,other,-0.912197544118634,26.93494741828686,6.48400322082802,7.47117287393629,0.03368449305508958,0.35549889284036773,8,19,13.137874396135265,0.03233873218424242,-0.045044151668234104,0.00801812352579327,0.02079045829783376,0.018388000829488473,-0.011632632882210342,-0.030549626772715045,0.006739999343642322,0.7655245806950177,4.2628165123490485
NCARBID_PUN1,other,-0.912197544118634,26.93494741828686,6.48400322082802,7.47117287393629,0.03368449305508958,0.35549889284036773,8,19,13.137874396135265,0.03233873218424242,-0.045044151668234104,0.00801812352579327,0.02079045829783376,0.018388000829488473,-0.011632632882210342,-0.030549626772715045,0.006739999343642322,0.7655245806950177,4.2628165123490485
NCARBID_PUN2,other,-0.912197544118634,26.93494741828686,6.48400322082802,7.47117287393629,0.03368449305508958,0.35549889284036773,8,19,13.137874396135265,0.03233873218424242,-0.045044151668234104,0.00801812352579327,0.02079045829783376,0.018388000829488473,-0.011632632882210342,-0.030549626772715045,0.006739999343642322,0.7655245806950177,4.2628165123490485
NCO_RN,other,-0.0909937596457091,8.955999529119563,2.952965174797021,-14.764347792464443,0.007179762463933436,0.2705495537811179,15,7,3.6060064412238324,0.04803324058936708,-0.0007265153749132147,0.010014415275338818,0.012388085970166603,-0.009228084123348875,0.043324090827641146,0.017275300280455517,0.046123377455517756,0.913103740829422,1.191234626801954
NEBULA_RN,other,-6.97163188619741,42.894072086078,13.322024424612495,11.152536741284015,0.14413205394886935,0.534389049184728,6,19,24.557246376811595,0.020766985484246065,-0.051212756727419866,-0.014499461475320162,0.0201044172869553,0.03053571999183098,-0.04575436621912629,-0.03834718623224166,0.001481355109125591,0.7646574444434384,8.147141819226983
NEDIN_CC1,thermal,-5.152580017446152,33.434289332569314,9.45782191505066,-20.25596031517497,0.07246863047708516,0.45621686908676107,15,19,24.100096618357487,0.03741594151609274,-0.039453336943656644,-0.022579808084970527,0.008498212012179537,0.01327207368620003,-0.045656745797140456,-0.020630314391255355,-0.006734627748508901,0.862202071878158,4.973677507093233
NED_NEDIN_G1,thermal,-4.907275045292894,32.978264005582155,9.421070925317052,-20.448603238010737,0.07334093806616118,0.4517211299738308,15,19,23.897874396135265,0.03824205873396179,-0.03885932383033869,-0.021203064753776094,0.006317606273180935,0.013927284702932823,-0.04539579004545129,-0.023136743512629055,-0.007999392922586186,0.8713902339182573,4.780119553950565
NED_NEDIN_G2,thermal,-4.89637858149366,32.954640522781865,9.414993625444543,-20.433711609069903,0.07313963631483594,0.4495068107092532,15,19,23.90122383252818,0.038201127771903515,-0.03893507660607083,-0.021209967301200856,0.00629132073893627,0.014194739773423086,-0.04564824584326978,-0.02333198148909839,-0.008197760786815304,0.8726312057382842,4.7561650085690195
NED_NEDIN_G3,thermal,-5.2281446688586195,34.367475302236734,9.658059451117225,-19.79459268372037,0.07555525733073878,0.45682077434073676,15,19,24.623977455716588,0.037818781630189834,-0.0395011029136968,-0.021959568349459998,0.00823387457853179,0.013221263295988448,-0.04351436673061618,-0.021164445056682957,-0.005853187173243449,0.8648175247813361,4.9945821339857295
NF_BRP_RN,other,8.70549755082869,75.23803336300521,9.601220559618868,46.68067652467528,0.07656176608736497,0.11970744145474066,16,23,22.90648953301127,0.0016183402392945033,0.02937560923655607,0.019456677865901356,-0.050949355272677285,0.05587510188470757,-0.047236183956745316,-0.016071252162533297,0.048533679365573186,0.6476198083747234,10.025460690141836
NOBLESLR_ALL,wind,-2.0217063678454,9.057999063503447,4.314051533248339,2.666474778363525,0.026974434677581694,0.47849426290008723,19,23,4.431706924315621,-0.023274686144363003,0.022630476201996073,-0.04660240639177915,0.0017173328537326018,0.022767073509970127,0.026439692033516607,-0.09596915669951653,0.028170407825362818,0.6872364393897321,3.7669967152838426
NOVA1SLR_ALL,wind,-5.729317587063007,11.10173297618337,7.369179359860431,3.950746751404458,0.04972153257733342,0.6667114003891834,8,21,4.8931561996779385,-0.035277175877280555,-0.0045099319077443805,-0.0635778245515052,0.0006873806921633905,0.024822305904602528,0.02105840195613459,-0.009613950107573262,0.05455494195982553,0.8586695444020298,3.2843498181353667
NOVA2S_UNIT1,thermal,-5.740818627122055,11.125105518441318,7.380740790444877,3.911448418495546,0.050124136079983894,0.6667114003891834,8,21,4.899887278582931,-0.03521665098009049,-0.004491444007450427,-0.06351618300882551,0.0006608956673330677,0.024800437520337504,0.02090330492738475,-0.009525437063715166,0.054577157564390064,0.8562825920907451,3.3198219172506196
NUECES_B_CC1,thermal,-5.459249144467557,31.250699406585234,8.16891431255452,-20.43159738734395,0.05347916526873784,0.48090988391599004,9,19,18.86589371980676,0.034000254909883766,-0.052787452734109674,-0.011921432972490688,0.022807542330530707,0.008242781877226504,-0.02397759077333326,-0.024253897470732096,0.001234817100378975,0.9304355351262134,3.114833071644668
NUE_NUECESG7,other,-5.8993457693081925,31.925873188001454,8.556107495135208,-19.37485314773816,0.05837750788431859,0.4885593504663491,9,19,21.24170692431562,0.032952411723420776,-0.050545883604608904,-0.013471791691964047,0.023046760738189818,0.005142256608582571,-0.024009820614255765,-0.022755586489167385,0.0019767118144930437,0.8693526382013946,4.646877204262159
NUE_NUECESG8,other,-5.037548815674696,30.947349663555663,7.878370126820104,-20.957359035594166,0.049050526739582635,0.4674897671609743,9,19,16.602737520128827,0.034405504734587325,-0.05427941654306828,-0.009998434748796374,0.021699941650944424,0.010460804818734128,-0.021363918398637445,-0.02306994174411056,0.000452803356094099,0.956222554512983,2.338992097025884
NUE_NUECESG9,other,-5.0358806951620485,30.946642580352712,7.877159632288801,-20.95890800757907,0.04898342615580756,0.4674897671609743,9,19,16.57107890499195,0.03440797329754454,-0.05428746539885627,-0.0099988340212125,0.021696251351426377,0.010470436925649855,-0.021348493991995964,-0.02304851849615948,0.00041455232826146743,0.956382197453368,2.334275557315213
NWF_NWF1,other,8.00999396094746,17.1140563069869,12.104833926055157,3.4562295495007715,0.13862980607931288,0.24753405354626584,0,15,21.639533011272142,-0.0383563491083604,-0.023643723623002235,0.04921679492694101,-0.0024186491917814724,-0.050785149036036065,-0.025159388433295682,-0.014827917544358854,0.01698746856639293,0.9633349050861858,2.803621839437728
N_AL_BESS_RN,storage,-3.4699261893578472,33.32521825358933,9.653691874119305,-19.851588213117054,0.07797087834664161,0.41085687445480773,15,19,25.489082125603865,0.03920505706306384,-0.03132683958621747,-0.019666314014714303,-0.0020705318486464726,0.009980480477202094,-0.04645012877098601,-0.021630045193531424,-0.010590440726259852,0.8007559142053572,6.11984639894492
N_MRD_ESR_RN,storage,-1.0571368180903178,34.82878600363764,10.809742333758301,-17.530077651708268,0.10192578675434476,0.376165872643092,15,20,28.7729307568438,0.03669815912315185,-0.0157546150065779,-0.015062281870821788,-0.007587817067666517,-0.002785833957197353,-0.03436928334275681,-0.01676574687187273,-0.014943533300599885,0.5703339898134616,10.371333533280412
OBERON_U1,other,8.923039656445011,18.87583040238631,12.974070992417634,3.8577809922832276,0.16070589814131384,0.24578943836811382,0,15,23.679227053140096,-0.03612004937087584,-0.022091800247889187,0.05243066343822214,0.0015285755912870717,-0.05183193981488326,-0.02619228429319098,-0.020840213418358986,0.02496846341242381,0.938501297935361,3.911439839785177
ODESW_RN,other,7.104302489431659,16.86162956295182,11.497354894987588,3.4782552671713476,0.12165335838421794,0.2620277796416829,0,15,19.721400966183573,-0.03839060292372197,-0.022448713104077263,0.040588951727672434,-0.004959974671363265,-0.042567488177737776,-0.02518203271686513,0.0061597941007764554,0.0018570960340951663,0.8429480173462441,5.753826851106567
OECCS_1,other,6.2268872039186745,15.932415852041741,10.800626719452458,3.781706422227419,0.10642152586727505,0.27229416895926994,0,15,18.54125603864734,-0.04029347476168596,-0.02342305017919918,0.03694913418117749,-0.007781014451627321,-0.043052290891062564,-0.02269602471136411,0.004447847662739277,-0.003019991325382258,0.8792804926612932,4.699896725120682
OECCS_2,other,6.227016708045361,15.932394298398561,10.800663624773536,3.781746144617115,0.10642152586727505,0.27229416895926994,0,15,18.54133655394525,-0.04029327135158323,-0.023423175666772683,0.036949245270578336,-0.007780826961508692,-0.04305249614373056,-0.02269651360259632,0.0044491409174607695,-0.003020868347936372,0.879278263514139,4.699971683172165
OECCS_CC1,thermal,5.965574045494197,15.768972751204835,10.574007246863047,3.863521472818133,0.10145608266791921,0.2758504998993491,0,15,17.737487922705313,-0.04049753741349061,-0.023241169736179262,0.032804311438945306,-0.008936425531097358,-0.041431285228730096,-0.02051187802298028,0.001944190863613138,-0.0020430081701584973,0.8504364850826105,5.129074373900961
OECCS_CC2,thermal,6.055388847882976,15.864984686099264,10.694511172247198,3.820227132805183,0.10507951419177347,0.27799771858015165,0,15,18.297020933977457,-0.040275426779909876,-0.02300877525362826,0.03544501946894729,-0.007500576290664831,-0.04166940705651899,-0.0221361896539685,0.004976311973616639,-0.0025880272583020366,0.8592699452342321,5.038015399938994
OGSES_1,other,-0.05183251694289742,4.185084892316524,2.297354894987586,-0.3802698241864774,0.0024156210159028382,0.32751794940615986,19,15,2.3413848631239933,0.01638343059038279,0.038994106105594555,0.0027987749673821644,0.0612160515874147,-0.019584259241231437,0.0352546272077938,-0.042065159251139086,-0.03732948147214863,0.7318502433782792,1.7203292140231496
OGSES_2,other,-0.051134670871636596,4.185933244821001,2.2980446889887944,-0.37955481808060193,0.0024156210159028382,0.32751794940615986,19,15,2.3414009661835746,0.016380214434876857,0.038987417446197846,0.002772526649568131,0.06119737690842381,-0.019592528580100434,0.0352222606427016,-0.04206173636222933,-0.03735514049686309,0.7315218186348071,1.7219308577080679
OGS_SLR_RN,solar,-3.431532577333423,25.967034554842837,6.640517345500906,-20.573350434285906,0.037509226330269076,0.4056230289203516,9,19,12.9358615136876,0.03593966864091885,-0.04980408593563269,0.0007993267886391796,0.019219593588297616,0.009294114943303079,-0.015930910145228266,-0.025866235380442824,0.0008998043028126074,0.8970840243833422,3.0466039382853682
OLIN_OLING_1,other,1.6197396497349528,8.133468092206511,3.579793330201973,7.611716959178125,0.013487217338790847,0.2879286049788633,18,3,4.266473429951691,-0.003030826057435785,0.05305639948205401,0.0058098739831539065,0.04465241936339972,0.025545195965932636,-0.059520591910167536,0.02875017664963339,0.02828471579458458,0.7845044851640806,2.5543838840880553
OLIN_OLING_2,other,1.5976239683285245,8.132737133612494,3.571397034154197,7.619523344796056,0.013487217338790847,0.29034422599476617,18,3,4.235813204508857,-0.003111399140461738,0.05303312241345856,0.0060360205453295806,0.04472737867465166,0.025504723935617094,-0.059513463856919246,0.029010237349055876,0.02860066164571925,0.7854308674079302,2.547622093734682
OLIN_OLING_3,other,1.5976239683285245,8.132737133612494,3.571397034154197,7.619523344796056,0.013487217338790847,0.29034422599476617,18,3,4.235813204508857,-0.003111399140461738,0.05303312241345856,0.0060360205453295806,0.04472737867465166,0.025504723935617094,-0.05951346385691924,0.02901023734905588,0.028600661645719245,0.7854308674079302,2.547622093734682
OLIN_OLING_4,other,1.5976239683285245,8.132737133612494,3.571397034154197,7.619523344796056,0.013487217338790847,0.29034422599476617,18,3,4.235813204508857,-0.003111399140461738,0.05303312241345856,0.0060360205453295806,0.04472737867465166,0.025504723935617094,-0.05951346385691924,0.02901023734905588,0.028600661645719245,0.7854308674079302,2.547622093734682
OLNEYTN_AGR1,other,4.3591290344226,33.27154347426697,10.839103536200765,6.134191939558721,0.06924780245588137,0.46010870294571565,17,0,23.86009661835749,0.0035757844344523164,0.029124428727735387,-0.01690505440542654,-0.014616924329821146,0.010260852409848129,-0.040513175801308,-0.04997487371670221,0.01964903784738535,0.29243643118527296,23.475471716072498
OLNEYTN_RN,other,4.3591290344226,33.27154347426697,10.839103536200765,6.134191939558721,0.06924780245588137,0.46010870294571565,17,0,23.86009661835749,0.0035757844344523164,0.029124428727735383,-0.01690505440542654,-0.014616924329821137,0.010260852409848129,-0.040513175801308,-0.049974873716702194,0.019649037847385354,0.29243643118527296,23.475471716072498
ORIANA_RN,other,-2.232012099789273,21.424646145907566,5.662487254435457,-20.43360495547765,0.02623632825605583,0.37764208548614375,8,19,10.700261011419249,,,,,,,,,,
OR_BESS_RN,storage,0.6249788633161109,7.857591758702715,2.9915990069113603,-12.17789094935326,0.0073810642152586725,0.22720257666241697,15,6,4.517584541062802,0.04770062739630659,0.01615809485445953,0.005003218238033192,-0.0023244350541482286,-0.017827522546309246,0.02264831274896113,-0.004390587225843073,0.017178246206708384,0.8621930604667161,1.5078563872405142
OUTP_SLR_RN,solar,-10.506102798094345,30.654894526406025,12.887970878346641,-13.508765476370833,0.16043749580621353,0.5295578071529222,9,19,26.43351046698873,0.023706151364316492,-0.05127753991765502,-0.024247869289125697,0.007715565399879131,0.027454051325349123,-0.05732980449910251,-0.0326162598408129,-0.023003687476223438,0.8442211821511713,7.260591890420894
OWF_OWF,other,5.355127826612091,17.082158073513316,10.276291350734752,3.7123733870085847,0.0872307589076025,0.2884654096490639,21,14,15.411964573268921,-0.03783901913062533,-0.01973064568529289,0.029504558175784706,-0.017185161353277374,-0.028414218290444566,-0.02139358628263862,-0.0023170823202591155,-0.019348437693327707,0.7110711062576924,7.894337297061352
OXY_OXY_CCG1,other,-4.861629202174059,31.06103186814948,7.8100999798698245,-21.09631756595185,0.04770851506408106,0.4608468093672415,9,19,16.398985507246376,0.03463468238231488,-0.0547356972588501,-0.00919986673323414,0.02044940292226259,0.01191389953355011,-0.022652397170249444,-0.02317048261144401,-0.0012227391364916193,0.9682276927455161,1.9763889762543378
OXY_PUN1,other,-4.90701066899282,31.066943089736085,7.821951284976179,-21.081986324599068,0.04811111856673153,0.46225592162651813,9,19,16.55961352657005,0.03457954368889743,-0.054818816049139386,-0.009322639570438138,0.02058333114807426,0.011867538209494113,-0.023164825208336213,-0.023358075363982166,-0.0013073265873928704,0.9698319366915112,1.9278827085529073
OXY_PUN2,other,-4.861135341877475,31.06096901257053,7.809709454472254,-21.09648684518533,0.04770851506408106,0.4608468093672415,9,19,16.39838969404187,0.03463620620001536,-0.05473362546151335,-0.009198183884108443,0.020450569041501162,0.011912759326292696,-0.022646424128012585,-0.023169319344030444,-0.0012234449589985398,0.9682170894893849,1.9766813418348725
PAD1_ESS_RN,storage,4.505602227739381,21.31429169635671,5.305571361470844,16.432904996237742,0.02737703818023217,0.11031335972622962,18,2,10.16791552527452,-0.0014007859992471207,0.029525154383443934,0.05887189826490725,-0.03783408599897408,0.07305381461091572,-0.00032520373209381464,-0.019520229989414096,0.002823163910062511,0.8318508257338177,3.4482828764197277
PALACIOS_RN,other,10.956432261960678,274.6090660637305,14.162216332282087,64.2266751386859,0.05119774542038516,0.24840636113534187,6,23,41.778325281803546,0.004005265011609493,-0.010826856887066168,0.03273392631379649,0.004239607050666854,0.052829443082213004,-0.018890115527197354,-0.029520669548881735,-0.01289126668094103,0.297455233063483,11.972423285535502
PALE_ESS_EN,storage,-7.5219452459236384,13.12771678705108,9.125015768637185,1.6807297610749656,0.07971549352479367,0.7010668992820237,9,21,8.282334943639292,-0.023007192222387455,0.0005121661577408638,-0.06884217962917902,0.0077200833875615575,0.02703230658938793,0.025732082359820076,-0.014482918113073171,0.0908264729415596,0.7740161053084896,5.036444861447187
PALMWI_UNIT1,thermal,-10.004415889418238,35.759284480437145,12.839388713681812,-18.03772918099522,0.1477554854727236,0.5537811178957257,9,19,22.621304347826086,0.0239537563246363,-0.05732054822068552,-0.016968817012340768,0.021732082098952162,0.025215672259945837,-0.032907756442746544,-0.019814056149644384,-0.003921999625029315,0.8639752480096465,6.301636843648102
PANDA_S_CC1,thermal,-0.08707911158827089,7.0709765903917905,3.0927638730456954,8.71989810897788,0.007515265382808831,0.4060256324230021,19,23,4.018566827697263,-0.015352258296570826,0.05194825179473163,-0.02134037510611199,0.039526530398575094,0.025770301676112203,-0.02598918109701723,-0.03939414673089129,0.040812004469165546,0.7853611510156626,2.1145459651135106
PANDA_S_CT1,thermal,-0.07978594913775754,7.066543621959092,3.0857833993155737,8.734634929176723,0.007515265382808831,0.40555592833657655,19,23,4.019871175523349,-0.015193181506179999,0.05209472574306347,-0.021123666149031193,0.03973107870627526,0.025964434599678902,-0.025318694675017177,-0.040230697810752995,0.040801075842251254,0.7873569671103606,2.101672994616397
PANDA_S_CT2,thermal,-0.07978594913775754,7.066543621959092,3.0857833993155737,8.734634929176723,0.007515265382808831,0.40555592833657655,19,23,4.019871175523349,-0.015193181506179999,0.05209472574306347,-0.021123666149031193,0.03973107870627526,0.025964434599678902,-0.025318694675017177,-0.040230697810752995,0.040801075842251254,0.7873569671103606,2.101672994616397
PANDA_S_ST1,thermal,-0.07978594913775754,7.066543621959092,3.0857833993155737,8.734634929176723,0.007515265382808831,0.40555592833657655,19,23,4.019871175523349,-0.015193181506179999,0.05209472574306347,-0.021123666149031193,0.03973107870627526,0.025964434599678902,-0.025318694675017177,-0.040230697810752995,0.040801075842251254,0.7873569671103606,2.101672994616397
PANDA_T1_CC1,thermal,-1.0019747701805006,7.147811193451799,3.3762618264778905,1.1242995099621798,0.015835737770918606,0.3679125008387573,19,15,8.880466988727857,-0.004906376386459832,0.009929090027291735,0.026031388312654627,0.06871791559569468,-0.010897625711488166,0.07937171169707387,-0.07691995351031516,-0.0894163711513642,0.8756379943146206,2.006576641109681
PANDA_T1_CT1,thermal,-1.0019754411863384,7.14781080788072,3.3762611554720525,1.1242999505590385,0.015835737770918606,0.3679125008387573,19,15,8.880466988727857,-0.004906374068502528,0.009929081590027639,0.026031410338155415,0.06871790329811313,-0.010897640838454362,0.07937168646089102,-0.0769199353192061,-0.08941646264665423,0.875638036660799,2.006576127352771
PANDA_T1_CT2,thermal,-1.0019754411863384,7.14781080788072,3.3762611554720525,1.1242999505590385,0.015835737770918606,0.3679125008387573,19,15,8.880466988727857,-0.004906374068502528,0.009929081590027639,0.026031410338155415,0.06871790329811313,-0.010897640838454362,0.07937168646089102,-0.0769199353192061,-0.08941646264665423,0.875638036660799,2.006576127352771
PANDA_T1_ST1,thermal,-1.0019754411863384,7.14781080788072,3.3762611554720525,1.1242999505590385,0.015835737770918606,0.3679125008387573,19,15,8.880466988727857,-0.004906374068502528,0.009929081590027639,0.026031410338155415,0.06871790329811313,-0.010897640838454362,0.07937168646089102,-0.0769199353192061,-0.08941646264665423,0.875638036660799,2.006576127352771
PANDA_T2_CC1,thermal,-0.994235388847883,7.141358864589076,3.3713111454069646,1.1301382136280451,0.01576863718714353,0.36744279675233177,19,15,8.851787439613528,-0.004974574384813007,0.010073735575430315,0.026117242245611672,0.06862403898609529,-0.010606172144750327,0.07951201477221917,-0.0767647663619566,-0.0893428516978922,0.8754304123887462,2.0048597507087673
PANDA_T2_CT1,thermal,-0.9942374018653963,7.141359089385061,3.3713131584244778,1.1301388798615515,0.01576863718714353,0.36744279675233177,19,15,8.851771336553945,-0.004974572094828108,0.010073748462628724,0.026117252954285068,0.06862404408142309,-0.010606168997790752,0.07951200644054428,-0.0767647633653278,-0.08934280778629256,0.8754303614382528,2.0048602564918627
PANDA_T2_CT2,thermal,-0.9942374018653963,7.141359089385061,3.3713131584244778,1.1301388798615515,0.01576863718714353,0.36744279675233177,19,15,8.851771336553945,-0.004974572094828108,0.010073748462628724,0.026117252954285068,0.06862404408142309,-0.010606168997790752,0.07951200644054428,-0.0767647633653278,-0.08934280778629258,0.8754303614382528,2.0048602564918627
PANDA_T2_ST1,thermal,-0.9942374018653963,7.141359089385061,3.3713131584244778,1.1301388798615515,0.01576863718714353,0.36744279675233177,19,15,8.851771336553945,-0.004974572094828108,0.010073748462628724,0.026117252954285068,0.06862404408142309,-0.010606168997790752,0.07951200644054428,-0.0767647633653278,-0.08934280778629258,0.8754303614382528,2.0048602564918627
PAP1_PAP1,other,-4.842786016238342,30.572456666937402,7.681996913373147,-21.039159273369382,0.04623230222102932,0.4609810105347917,9,19,16.09790660225443,0.03441749744350085,-0.05498087829215501,-0.00956783749720209,0.022484062173898235,0.011577780190251808,-0.021134921437457325,-0.02287274469084006,-0.0007738686756837696,0.9716739538920628,1.8351421277003785
PAULN_RN,other,0.9387868214453465,7.751235809469281,3.2398751929141785,9.414623221915516,0.011474199825538482,0.3145675367375696,19,3,1.7320128824476653,0.0022579122951534593,0.049993079562935513,-0.004634854958317569,0.056492994159906385,-0.006742061538151415,-0.04393848166179055,-0.006488095222718831,-0.004834185751616949,0.7077072028436251,2.6431668685702623
PAVLOV_BT_RN,other,-1.2839367912500839,28.423390884701682,5.644525934375629,-37.15455869492457,0.026504730591156142,0.3742870562973898,10,19,3.9540257648953308,0.03093842772168615,-0.03373406033736073,0.015281535661912185,0.031253398426873476,0.005554666124961163,0.027740874251128672,-0.007641797429317619,0.034139268064479214,0.6491374132658485,4.451212462082297
PAVO_ESS_ALL,storage,8.959082064013957,20.15679357222562,13.481719116956317,3.418799502446175,0.15708246661745956,0.2679326310138898,4,15,25.69710144927536,-0.03990380058400719,-0.020228046274988795,0.037351043407961686,-0.0010087796085306842,-0.05077427200876437,-0.027474868558115335,-0.03455607603433207,0.04722623378569545,0.9503531216508168,3.9321955200943792
PB2SES_CT1,thermal,10.23577266322217,21.995773768183394,14.263019526269877,4.627348356014274,0.17902435751191034,0.2444474266926122,0,15,26.467616747181964,-0.03284171940737869,-0.0185140499388932,0.052929560993720814,0.003927139289094275,-0.04977069111382924,-0.024964391027586658,-0.04313820535631188,0.03961542280850516,0.8723840575635611,6.644039720166463
PB2SES_CT2,thermal,10.223926055156682,21.99457438188802,14.257821244044823,4.6291422074805295,0.1785546534254848,0.2449171307790378,0,15,26.46098228663446,-0.03287056133285776,-0.018505061747913023,0.05289856640197893,0.003880090090407586,-0.049776575784422315,-0.024998496010399954,-0.043081106642734186,0.03965927999813861,0.8727305264647643,6.634419906330822
PB2SES_CT3,thermal,10.23577266322217,21.995773768183394,14.263019526269877,4.627348356014274,0.17902435751191034,0.2444474266926122,0,15,26.467616747181964,-0.03284171940737869,-0.0185140499388932,0.052929560993720814,0.003927139289094275,-0.04977069111382924,-0.024964391027586658,-0.04313820535631188,0.03961542280850516,0.8723840575635611,6.644039720166463
PB2SES_CT4,thermal,10.223926055156682,21.99457438188802,14.257821244044823,4.6291422074805295,0.1785546534254848,0.2449171307790378,0,15,26.46098228663446,-0.03287056133285776,-0.018505061747913023,0.05289856640197893,0.003880090090407586,-0.049776575784422315,-0.024998496010399954,-0.043081106642734186,0.03965927999813861,0.8727305264647643,6.634419906330822
PB2SES_CT5,thermal,10.223926055156682,21.99457438188802,14.257821244044823,4.6291422074805295,0.1785546534254848,0.2449171307790378,0,15,26.46098228663446,-0.03287056133285776,-0.018505061747913023,0.05289856640197893,0.003880090090407586,-0.049776575784422315,-0.024998496010399954,-0.043081106642734186,0.03965927999813861,0.8727305264647643,6.634419906330822
PCT_RN,other,-2.4158471448701606,12.914461092382314,4.162384083741528,-15.44891171337933,0.018251358786821447,0.42575320405287526,9,16,3.0182608695652178,0.026218485217807577,-0.03513042496777967,0.020803997602855017,0.04159602538907898,0.010365116525528234,0.07184719825313765,0.032484895413499894,0.03543137679479068,0.8060069135326344,2.7450117272285257
PC_NORTH_1,other,-1.3546440314030728,16.348883149930238,9.979247131450043,2.6988823833765845,0.09716164530631416,0.43977722606186676,7,15,8.085523349436393,-0.039656123348388236,-0.010835627104166155,-0.01111347848471578,-0.033048679301064005,-0.007925791172300556,-0.0035474091859301862,-0.018825336363639835,-0.027218736826620477,0.6706794344012725,7.983017936146602
PC_SOUTH_ALL,wind,-1.3546440314030728,16.348883149930238,9.979247131450043,2.6988823833765845,0.09716164530631416,0.43977722606186676,7,15,8.085523349436393,-0.03965612334838817,-0.010835627104166124,-0.011113478484715823,-0.03304867930106403,-0.007925791172300623,-0.0035474091859302,-0.01882533636363985,-0.027218736826620498,0.6706794344012725,7.983017936146604
PEARSALL_RN,other,0.4706334295108367,10.095944705245369,5.899524256861035,-2.5312128141179495,0.025967925920955513,0.275716298731799,21,15,11.905893719806762,0.0026477106171235295,-0.02617422211315976,0.05535429356181602,0.03282697373635143,0.0007207617879224634,0.0555581189794044,0.010759833824965271,0.020557691517522615,0.5492718602687175,5.642771737179817
PEARSA_1_24,other,0.4985848486881835,10.040598016353432,5.870750184526606,-2.544176145915794,0.024625914245453937,0.2755149969804737,21,15,11.813462157809983,0.0026340292448462674,-0.026318177694914895,0.05560863784037548,0.032901200239894464,0.0009050748401848074,0.05589032248517046,0.01084689635310138,0.02094757656239132,0.554615949072554,5.554709012716052
PENA_ALL,wind,-10.885661947258942,34.28908392646604,13.205130510635442,-16.09882516324656,0.16157820573038986,0.5564651412467289,9,19,27.677181964573265,0.022406874226609592,-0.05929138532381648,-0.017492978983236335,0.022958316626008876,0.015721662242885216,-0.03319027798754845,-0.023992376673567208,-0.008910482796348982,0.8660315760519477,6.540138384977136
PERE_SLR_RN,solar,-4.8931577534724555,33.08059502343974,7.484644031403072,-22.329360759531315,0.04348117828625109,0.4525263369791317,9,19,15.474653784219003,0.034036201382155754,-0.055571208417776116,-0.00841589858829254,0.02396349422232807,0.006834764012597006,-0.01604864489885959,-0.020157807895948142,0.004814617287994128,0.9641185298236733,2.045215075256154
PEY_RN,other,-2.4159545058042005,12.914453898657397,4.162487418640542,-15.448912804556887,0.018251358786821447,0.4258203046366503,9,16,3.0177455716586157,0.026218979767791663,-0.03513057415181666,0.020804257387237943,0.041595331819839945,0.010365218543653137,0.07184415614555473,0.0324862227534547,0.0354267182061174,0.8059968595722339,2.7450802450695444
PH1_UNIT1_2,thermal,-7.218402335100316,12.256910994860329,8.70761658726431,2.2426838766402,0.07501845266053815,0.6857008655975307,8,21,4.408180354267311,-0.030561460617408928,-0.0017182920127871329,-0.06624627415537154,0.0008657232833545531,0.023155368346756314,0.03658723883567328,-0.02814723405161776,0.07956524278400239,0.8700252218646889,3.613170457447384
PH2_U1_U2,other,-7.218402335100316,12.256910994860329,8.70761658726431,2.2426838766402,0.07501845266053815,0.6857008655975307,8,21,4.408180354267311,-0.030561460617408928,-0.0017182920127871329,-0.06624627415537154,0.0008657232833545531,0.023155368346756314,0.03658723883567328,-0.02814723405161776,0.07956524278400239,0.8700252218646889,3.613170457447384
PHILLWND_ALL,wind,-1.0082533718043347,7.005011502622732,3.3759779910085217,3.0023824612172247,0.009729584647386432,0.406830839428303,19,15,8.31135265700483,-0.009547861694756125,0.016259421778758245,0.022507121622866107,0.07487577470676117,-0.0059883664690654455,0.06606414282604887,-0.07704935159257426,-0.06619774280700816,0.8528177892336349,2.016181090834449
PHOEBE_ALL,wind,8.648266120915252,18.071793149073706,12.700487821244044,3.5876211024773013,0.15600885727705832,0.24538683486546334,0,15,22.966022544283415,-0.03709337956488338,-0.02274750183917596,0.05084948405714988,0.00017555819658611997,-0.05143376528445413,-0.0259053816065427,-0.022865888465480187,0.026245148873981022,0.9541656429707672,3.3062275687087608
PHOENIX_RN,other,0.3116231631215192,6.6423645301843415,2.987555525733074,7.71423778806878,0.007313963631483594,0.3589210226128967,19,14,3.9977616747181957,-0.009032872094612305,0.05404321070447672,-0.004392249654821171,0.06386274305192964,0.020747632605275616,-0.0458367271673866,0.010872420818725964,0.03246658813366713,0.912198646538392,1.2688425767689568
PHO_ALL,wind,-1.9034529960410658,10.851493299938051,3.8035643830101327,-13.75314264775179,0.013487217338790847,0.41280279138428505,9,15,2.862109500805153,0.02787871001176909,-0.030441383352987315,0.023666647195684502,0.042389486997121736,0.008202654153025528,0.07733420681580926,0.040725049669173626,0.044656215619123765,0.849282885861316,2.210564043871868
PIONR_DJ_RN,other,6.006275917600483,15.634351639750577,10.538362074750053,3.822628753551491,0.09722874589008924,0.27289807421324563,0,15,17.86281803542673,-0.04133408517311792,-0.023746141437917218,0.0360574282272212,-0.009406317613054565,-0.0426112562739987,-0.022944052549614066,0.0019950624724048055,-0.0046554960120374,0.9057291000679314,4.050408516542055
PIRATE_RN,other,-3.672682346543403,26.971460783609935,6.721084222690504,-20.965473633719323,0.035496208817016706,0.4206535596859693,9,19,13.99089722675367,,,,,,,,,,
PISG_RN_ALL,wind,0.07334563510702541,4.630225344315106,2.2945494195799503,6.191142054454482,0.0035563309400791785,0.3263101388982084,19,15,1.9505797101449276,0.007564550094922678,0.050494770280089786,-0.0025107795430923544,0.07045616423461089,-0.008250148751506347,0.0015672221508122156,-0.024145711065415677,-0.018958987578127882,0.8201366369773665,1.312544290228706
PITSDD_UNIT1,thermal,0.26057773602630335,28.28058236474493,4.316932832315641,79.66360297225397,0.01737905119774542,0.3790511977454204,19,15,10.371996779388084,-0.008094912445380005,0.023008994510047454,0.02434973468538916,0.05091126395676232,-0.0068216360677126366,0.028440338202645597,-0.05478005593238767,-0.0462995864513511,0.468518376541433,4.445390786403429
PLATINUM_RN,other,0.40995377608592204,6.582437588536077,2.9831493440282784,8.423103447892165,0.006240354291082333,0.3570422062671945,19,14,3.7753181076672107,,,,,,,,,,
PLN_ALL,wind,-1.9643440917935988,11.695032707913033,3.9791317184459505,-13.870476882737904,0.015835737770918606,0.39562504193786485,9,15,2.5711916264090178,0.02702389777067285,-0.032863323645167766,0.026399031221979473,0.03881261556835977,0.012499616292656173,0.07346102536001875,0.036070616960180255,0.041299309963237336,0.8229501632112353,2.528336981011447
PNPI_GT2_RN,thermal,0.9177762866536938,8.477768480879263,3.4394215929678587,-9.494245048027254,0.010870294571562772,0.24894316580554252,15,7,6.4796135265700485,0.044953451592871375,0.023867918188383602,-0.008519132659716709,-0.012739717670255548,-0.03167357335852509,0.014368825524756039,0.0028179559708619234,0.01821925028024218,0.8690254995610777,1.7462118893557506
PORTSL_UNIT1,thermal,-3.3243004764141446,9.713649294951743,5.201570824666176,2.050719319824371,0.03193987787693753,0.5433805274105885,19,23,4.096650563607085,-0.033206823133283485,0.008353569420646013,-0.0517942070786713,-0.011867602133931518,0.021718704533896557,0.03042656914255139,-0.06329056051487915,0.025604126519301346,0.761520499026826,3.7117657260791055
POTSVIL_RN,other,4.397382406226933,29.102452373104562,10.008201704354828,10.113251082586418,0.09253170502583373,0.37026102127088506,20,11,25.255877616747185,-0.006667905085124181,0.028638993962829862,0.016515085113229393,0.007193651559736091,0.010737607556130633,-0.023524626991800714,-0.01900869046181331,0.019653493531884877,0.21123678850413607,17.805415589708257
PRCRK_RN,other,1.453551633899215,7.773310144639298,3.50110984365564,7.2448561848403825,0.012346507414614507,0.30389854391733206,18,4,4.975587761674718,-0.0014575502826195338,0.05274671298797403,0.007733049618040307,0.0420778926000227,0.023707273336455222,-0.056985887843255936,0.03756652736011889,0.023846767128498085,0.7557506244497845,2.642932490568736
PRID_RN,other,-3.827642085486144,12.499066524648061,5.609392068710998,-0.21325803678212257,0.04106555727034825,0.48513722069382004,20,15,5.065652173913044,-0.0381712165092229,-0.012955115140391863,-0.02865194183776689,-0.01102957840693028,0.006019596380628362,-0.018961765810713245,0.06474414386208323,-0.030691679483188777,0.7115051252456022,5.1285322306513
PROSPERO_ALL,wind,7.259308863987117,16.32222415155515,11.440501912366637,3.4954122290020218,0.12125075488156747,0.252767899080722,0,15,20.15484702093398,-0.03959605984760393,-0.0238393902592203,0.04560580202449998,-0.0049760228505710356,-0.048872761905707225,-0.024377583964826966,-0.0059502881051769615,0.007193314382794004,0.9521507709050142,3.057981993690252
PRO_RN,other,1.2062497483728107,8.84494095168319,3.7606562437093203,-7.35725394574496,0.013822720257666241,0.2545796148426491,15,7,7.514267310789051,0.04292348039347471,0.025804025673998154,-0.011709981156918329,-0.017017420314825966,-0.03400869245074062,0.008706299754351192,0.0016336131581519023,0.01527999703013303,0.8408587301583991,2.1580399754278825
PRSPERO2_ALL,wind,7.259308863987117,16.32222415155515,11.440501912366637,3.4954122290020218,0.12125075488156747,0.252767899080722,0,15,20.15484702093398,-0.03959605984760393,-0.0238393902592203,0.04560580202449998,-0.0049760228505710356,-0.048872761905707225,-0.024377583964826966,-0.0059502881051769615,0.007193314382794004,0.9521507709050142,3.057981993690252
PR_PR_ALL,wind,2.11372609541703,8.958819019400995,4.294778232570623,-4.832611989240138,0.02274709789975173,0.2324364221968731,15,6,9.854122383252818,0.04355758118234123,0.032502663906207194,-0.013592848471896797,-0.030865219784074534,-0.03415640566841952,-0.005128936677756703,-0.019525976851914404,0.0006748697396607969,0.9781818056497382,0.9554613590330944
PSA_CC1,thermal,1.8255123129571227,8.604230516733924,4.043836140374421,-5.221364260456322,0.019459169294772864,0.2444474266926122,15,6,9.071916264090177,0.04295727334958633,0.033571179996726194,-0.014578407321560932,-0.02802511954071083,-0.037185967001523906,-0.003426319801831104,-0.0198707304695611,-0.0023528653858756955,0.9735641627199212,0.9922041112636566
PSA_PSA_G1,thermal,1.8547856136348388,8.67914983854288,4.084070992417634,-5.119698992314817,0.020734080386499362,0.2458565389518889,15,6,9.232834138486313,0.04296144487180023,0.033455048976284804,-0.014585576367414232,-0.02820884305627936,-0.03691255714271597,-0.0038049556959123543,-0.02052551223577946,-0.0024101070430218243,0.9726899952478903,1.0195807074154746
PSA_PSA_G2,thermal,1.856351741260149,8.677309063750819,4.082327719251158,-5.123725244170247,0.020734080386499362,0.2449171307790378,15,6,9.239533011272142,0.0429678815160251,0.0333826676381628,-0.014581803665298817,-0.028340605593981275,-0.03682607369757265,-0.0040033710214553994,-0.020321360840670624,-0.0022668984378233247,0.97216133302006,1.0289602181607629
PSA_PSA_G3,thermal,1.843034288398309,8.680669948042297,4.08395893444273,-5.114658543951165,0.020666979802724285,0.24666174595718982,15,6,9.22281803542673,0.04284522998571652,0.033500831252417006,-0.014755215286155999,-0.02804942064824137,-0.03708334214609585,-0.00394133583564435,-0.02046739179397822,-0.0025834480679804697,0.9702160841731893,1.0652047061470582
PSA_PSA_G4,thermal,1.8454257532040532,8.668201079227021,4.07435281486949,-5.142264908942868,0.020599879218949204,0.24572233778433872,15,6,9.207520128824477,0.042963297677689985,0.03343281158326104,-0.01453312501105266,-0.028142019269164136,-0.036888972144772936,-0.003945635372139484,-0.020320958121672828,-0.002292114165876517,0.9718691935707656,1.0323265122534264
PSA_PSA_G5,thermal,1.7905831040730054,8.532724581411982,4.0059759779910085,-5.307631993082402,0.01851976112192176,0.2429712138495605,15,6,8.886086956521739,0.042857559537153124,0.03376085391519663,-0.01454189720860141,-0.0275688444982565,-0.03741939113821537,-0.0027784920533018686,-0.01926056525617271,-0.00246070656251061,0.9711299260072392,1.024321080989346
PSA_PSA_G6,thermal,1.790248272159968,8.529638177438786,4.005643830101322,-5.316673354722723,0.01851976112192176,0.2429712138495605,15,6,8.886650563607086,0.04290635581236111,0.033711592267612306,-0.014612250648103653,-0.027486338408194408,-0.03738613804178156,-0.0026786536997804354,-0.01914609299893548,-0.002271078181467249,0.9716038031712493,1.0135473974780165
PSA_PSA_G7,thermal,1.7982902771254115,8.529676203694049,4.003533516741596,-5.315292078771123,0.01851976112192176,0.24236730859558478,15,6,8.89219001610306,0.04292052249536581,0.03372518635981166,-0.014483114408902846,-0.027697031059927355,-0.03735072935295887,-0.0027758857187162107,-0.019203244008729407,-0.0023059825334079023,0.9726333648187403,0.9964721925137978
PSA_PUN1,other,1.8036657048916327,8.537449360386649,4.0133939475273435,-5.300197160094122,0.01851976112192176,0.24156210159028382,15,6,8.889194847020935,0.04291288684485149,0.033743635486151086,-0.014546118206187439,-0.02748387088871281,-0.03736735198470126,-0.0026937809476659754,-0.01941326353416037,-0.0024984791068813116,0.9721198048576374,1.0076452231756683
PSA_PUN2,other,1.791037375025163,8.532865425771368,4.006308125880695,-5.307356683315878,0.01851976112192176,0.2429041132657854,15,6,8.88549114331723,0.042853859737816864,0.033762314214634354,-0.014548631964278044,-0.027582254353033717,-0.03743189494580892,-0.0027740363478642813,-0.01924646917670412,-0.0024461861239230285,0.9711468943973732,1.024056835304849
PSA_PUN3,other,1.8518016506743609,8.677355381197723,4.0811742602160646,-5.122334851374017,0.020734080386499362,0.2458565389518889,15,6,9.230418679549114,0.04293409269780523,0.03342505671544459,-0.014614197808625617,-0.028244239975891934,-0.03694961631110372,-0.003958234869412915,-0.02040185341341069,-0.002384417113116911,0.9718641675741934,1.0344763002393416
PSA_PUN4,other,1.8793873716701337,8.702117958632703,4.108398980071127,-5.066562488424437,0.020734080386499362,0.24397772260618666,15,6,9.313832528180354,0.042950053417330075,0.03325430886213223,-0.014620782404126273,-0.028657275350782052,-0.03643823184029935,-0.0041583925792906574,-0.02008355910670425,-0.0018741487387308588,0.9699407692816727,1.0725819253697069
PSA_PUN5,other,1.8036073273837485,8.537461682742872,4.0134040126149095,-5.30015461297285,0.01851976112192176,0.24156210159028382,15,6,8.889194847020935,0.042913044590808254,0.03374346722914969,-0.014545890273722729,-0.027483878701235174,-0.03736723570541413,-0.0026945463643897123,-0.01941387870861343,-0.0024946687198539744,0.9721218851762226,1.0076109082862326
PSG_CC1,thermal,2.2400637455545866,10.051048700433647,4.6447366302086825,-6.3680734656029365,0.02965845802858485,0.2444474266926122,15,7,11.470048309178743,0.04301650208496023,0.031447844243564636,-0.013832101406471122,-0.032621333353549414,-0.03285187262581824,-0.006445532746730981,-0.021590324511206,-0.0003156312083939727,0.9572669832921568,1.472910510999957
PSG_PSG_GT2,thermal,2.240061732537073,10.051055024021458,4.644735959202845,-6.368103153037903,0.02965845802858485,0.2444474266926122,15,7,11.470032206119164,0.04301649336553334,0.0314478553837037,-0.013832129237580638,-0.032621307940206755,-0.032851913173185705,-0.00644553349710129,-0.021590325288083058,-0.0003156653872116533,0.9572669286440766,1.4729112713622359
PSG_PSG_GT3,thermal,2.240061732537073,10.051055024021458,4.644735959202845,-6.368103153037903,0.02965845802858485,0.2444474266926122,15,7,11.470032206119164,0.04301649336553334,0.0314478553837037,-0.013832129237580638,-0.032621307940206755,-0.032851913173185705,-0.00644553349710129,-0.021590325288083058,-0.0003156653872116533,0.9572669286440766,1.4729112713622359
PSG_PSG_ST1,thermal,2.240061732537073,10.051055024021458,4.644735959202845,-6.368103153037903,0.02965845802858485,0.2444474266926122,15,7,11.470032206119164,0.04301649336553334,0.0314478553837037,-0.013832129237580638,-0.032621307940206755,-0.032851913173185705,-0.006445533497101288,-0.021590325288083058,-0.00031566538721165295,0.9572669286440766,1.4729112713622359
PTLBES_BESS1,storage,0.5767523317452863,53.288877434551544,6.955625041937864,54.32441329931344,0.0314030732067369,0.3289270616654365,6,19,15.268727858293076,0.029561595633456728,-0.04182761113145485,0.015993170260185895,0.01816996041187953,0.030556887096014125,-0.01426990476466696,-0.03334172017688121,0.002285752505851978,0.7071512203566455,4.570180910079404
PYR_PYRON1,other,-2.8252647118029928,10.415233573920608,5.594127356908005,6.705487031621789,0.02100248272159968,0.5111051466147756,19,15,5.1442834138486315,-0.04459013467358976,-0.00786083287760819,-0.03329022524918244,-0.015672349027420672,0.013318537047087724,0.012283076900526324,0.008811273315182088,-0.026678694071103664,0.8270252961282591,3.1069350927712884
QALSW_ALL,wind,6.215836408776757,15.908837317708446,10.785422398174866,3.7826184370946923,0.10541501711064886,0.27229416895926994,0,15,18.535024154589372,-0.04026140624538775,-0.023421912869414658,0.036963117631885783,-0.007657234684342502,-0.042953368188460794,-0.02272247923138532,0.0047706427445943006,-0.0032481606182392406,0.8779827523811375,4.7156890193391
QALSW_CC1,thermal,6.215645172112998,15.898863294523816,10.767182446487285,3.7919166440914034,0.10541501711064886,0.27229416895926994,0,15,18.500789049919483,-0.04018762757474806,-0.023366530393744363,0.03706671289520082,-0.0076359211918397354,-0.043007772542442355,-0.022748296862765603,0.004560359135942245,-0.0033445886739714627,0.8764013575430198,4.742126000250524
QALSW_CC2,thermal,6.2156445011071595,15.898864171200252,10.767183117493124,3.791915927313397,0.10541501711064886,0.27229416895926994,0,15,18.500789049919483,-0.04018763068648929,-0.0233665269984314,0.037066699559913756,-0.007635919352336679,-0.04300777565111633,-0.022748292729987584,0.004560330174384893,-0.003344584363259177,0.8764013376215818,4.742126740712342
QUEEN_BA_RN,other,7.524368248003757,18.20000156448323,12.27444809769845,3.867291972565365,0.13540897805810911,0.2705495537811179,4,15,22.577616747181963,-0.04111823677628569,-0.021638047594450247,0.03768871026571453,-0.00291344701877047,-0.049291678377027984,-0.025554092976146806,-0.02279853649355823,0.029379866161078648,0.9494832340887749,3.493547972263561
QUEEN_SL_RN,other,7.52282828960612,18.202659913364144,12.276651009863786,3.865353991230933,0.13540897805810911,0.2705495537811179,4,15,22.59230273752013,-0.041118642655742665,-0.021642547004529927,0.037679743406761404,-0.0029048950196537745,-0.04929328427413667,-0.02553257564925383,-0.022780055126671497,0.029352282236407033,0.9493988237926441,3.4976190501559064
RAB_G1-8,thermal,-0.702563242300208,10.999574574453328,3.7511360128833124,-16.464611451811383,0.014762128430517345,0.32751794940615986,12,7,4.534363929146538,0.03679961078469767,-0.0016107039894568435,-0.003770047243734525,0.009696207412880915,-0.019665531420350865,0.04089669379316823,0.03867338859259976,0.03819751988682483,0.5981165813932021,3.7068471639010725
RADN_SLR_ALL,solar,-3.2310695833053744,10.986983008153311,5.3356861034691,4.651288984184134,0.03408709655774005,0.48439911427229415,20,15,5.272254428341385,-0.04314178264119058,-0.014539730339287956,-0.02766550425234306,-0.016256020345370478,0.009733187136956489,-0.004158142289705458,0.052481179135236186,-0.04096423986114441,0.8397916083846465,3.153954369035776
RAMBLER_UNIT,thermal,-2.276573173186607,12.181598092853951,6.064401127289807,9.511454115568213,0.025229819499429644,0.4844662148560692,20,15,6.657729468599034,-0.04147492397428559,-0.011806953790335887,-0.009445890660338156,-0.02548500206475639,0.016297090345970627,0.006212343177820592,0.038806215039857,-0.07376444407680513,0.8005882791469077,3.6090167680550453
RANCHERO_ALL,wind,1.2299094142119036,14.961002998974298,7.420799838958599,10.075768208968006,0.03475810239549084,0.35013084613836143,20,14,11.919243156199677,-0.04196759169667807,-0.017878232257055753,0.030735140598730143,-0.018511567211711724,-0.01507646736876238,-0.010548938595915446,0.0031314285353890906,-0.03642274890126683,0.7951769766455359,4.543007226578384
RAT_RN_1,other,-1.2797128095014425,17.044615984544333,7.781265517009998,9.6039847906246,0.05837750788431859,0.4569549755082869,20,15,10.742979066022544,-0.045190981168835506,-0.010445793195585957,0.002372956634433337,-0.015429369888600455,-0.0007686383551381158,-0.01337795785685488,0.0021397626863190198,-0.02842551089358144,0.7536220140890424,5.686667258287805
RAYBURN_CC1,thermal,-2.4178460712608203,23.491026114717762,5.801872106287324,-21.478951213649804,0.02892035160705898,0.3679125008387573,8,19,11.239629629629631,0.03550247348816207,-0.04870861240761072,0.006626545501641669,0.027158372926287463,0.005507450749040302,-0.0036504431927585445,-0.02496141309929415,0.014259240552792317,0.8914286370358107,2.7379087042615646
RAYB_G78910,thermal,-2.4152210964235388,23.491904241255483,5.804203180567671,-21.476842908138,0.02892035160705898,0.367644098503657,8,19,11.240273752012884,0.03550223359361876,-0.048742380087528764,0.006667658425292923,0.027077941635220548,0.005656353355288641,-0.0036183831074934852,-0.024945442920206916,0.014374862461461933,0.8918027715388425,2.733909066053889
RBN_BESS1,storage,0.7860356975105685,7.689106349991673,3.052102932295511,-10.700624120310094,0.00811917063678454,0.22720257666241697,15,6,5.3268276972624795,0.0454702981628617,0.025871364203236918,-0.004086512250183513,-0.007822527301309456,-0.025283442541509375,0.012629170931383953,-0.0035250614055064105,0.017549668378195927,0.8674010757612377,1.5335146607474113
RDCAN_RDCNY1,other,-1.7437435415688118,11.999530893975292,6.503747567603838,4.877921063905109,0.034489700060390524,0.4334697711870093,7,15,4.384605475040257,-0.04405206920700927,-0.005877837214904194,-0.03254812384853873,-0.02073674558488293,0.0027710310215143153,-0.00010466734930812568,-0.010770852510694954,0.007153067130245171,0.79174358161701,4.151047011732022
REDBARN_RN,other,7.105861906998591,18.505579312813893,11.959149164597733,4.642028510635767,0.12346507414614508,0.27189156545661947,4,14,22.404669887278583,-0.04110471007835317,-0.01982593392149964,0.03854917674879324,-0.001362588172577367,-0.047207064405751814,-0.02426789952685927,-0.03222349528780956,0.04124321223413279,0.9525020862293233,3.34858174725213
REDFISH_ALL,wind,-6.541520499228343,34.349567215906966,10.704472924914448,-19.353152954554297,0.0964235388847883,0.48480171777494463,13,19,22.43632850241546,0.03316189923055939,-0.04711071287643575,-0.01857976296421517,0.015450453643865549,0.009095707455350271,-0.03148701567366038,-0.025187730644069258,-0.012260305045356924,0.8322415243006359,6.182771887951673
REDGATE_RN,other,-4.854299134402469,32.943235157498215,9.39408709655774,-20.455901758149096,0.07307253573106086,0.4478292961148762,15,19,23.854734299516906,0.03820605694503842,-0.03894852916023424,-0.021147924954596845,0.006232142270200771,0.014189540610634729,-0.045861407065393725,-0.023742030111381915,-0.008161294908930038,0.8736219788699582,4.734019901440092
RELOJ_ALL,wind,-10.312004965443199,31.46864020309996,12.873851573508688,-14.398415628655576,0.158290277125411,0.5347245521036033,13,19,26.256183574879227,0.024335523836426044,-0.05306339893331332,-0.025935565055629946,0.006956982660215053,0.028995119446626787,-0.057166590681768645,-0.028423949006834284,-0.023472412538251112,0.8905232323512385,5.893891555394078
REROCK_ALL,wind,8.773336912031136,19.216292747976485,12.997141515131181,4.088080298965292,0.15587465610950815,0.26115547205260686,3,15,24.042012882447665,-0.03798378666750262,-0.020860503389094644,0.04731285165086971,0.001316321185715578,-0.051204366879314504,-0.025688264895939554,-0.036365434865807324,0.04372392126785745,0.9692187169995007,2.8462827935726183
RHESS2_ESS1,storage,17.999216936187345,126.62748186397144,18.728957256928137,25.998509388513646,0.11984164262229081,0.11427229416895927,17,23,59.061239935587764,0.0036914908204053144,0.02786291470930884,0.011000673078295557,-0.046443628162464966,0.03621199016712756,-0.03664368393081677,-0.012953685789002424,0.04542877322269641,0.4502930341133792,25.53678270191444
RIGGIN_UNIT1,thermal,8.79939676575186,19.671777732092455,13.363644232704823,3.5573504227562793,0.16231631215191572,0.2756491981480239,4,15,25.20876006441224,-0.03868852342471685,-0.021783340967002924,0.042768599051692696,0.0002388006800729127,-0.05256319916722045,-0.027197015336463015,-0.036862359983061276,0.04671773314522359,0.9758082077844175,2.6391072967132634
RIOG_ESR2_RN,storage,-3.8677474334026702,34.02800108119227,9.221803663691874,-14.340249423343536,0.06777158961282963,0.4350801851976112,15,19,22.66246376811594,0.03782432949804599,-0.03913066049555584,-0.016178963547407617,0.0032084635664810725,0.015859828582506043,-0.04405544433373373,-0.020152795769521552,-0.007902401887188798,0.8432889692779649,5.0165177847137405
RIOG_ESR_RN,storage,-3.8677474334026702,34.02800108119227,9.221803663691874,-14.340249423343536,0.06777158961282963,0.4350801851976112,15,19,22.66246376811594,0.03782432949804599,-0.03913066049555582,-0.016178963547407617,0.003208463566481071,0.015859828582506036,-0.04405544433373371,-0.02015279576952156,-0.007902401887188793,0.8432889692779649,5.0165177847137405
RIONOG_CC1,thermal,2.0972159967791724,6.704619996504221,3.1762886667114003,6.989961351895341,0.010870294571562772,0.14131382943031603,17,4,4.099420289855073,0.013720179978710454,0.016118328129546174,0.06943314421542356,-0.028917590220755716,0.07907978137807602,0.01352341620842663,-0.02459820266052312,-0.0025715468723226872,0.9238673969505419,1.3317584056403036
RIONOG_CT1,thermal,2.0972153257733344,6.704619574355326,3.1762879957055628,6.989962853679306,0.010870294571562772,0.14131382943031603,17,4,4.099420289855073,0.013720179382473984,0.016118336589760206,0.06943315720310536,-0.02891757109745604,0.07907975977463914,0.013523438639158907,-0.024598212139171276,-0.002571598138835786,0.9238673464809988,1.331758678077203
RIONOG_CT2,thermal,2.0972153257733344,6.704619574355326,3.1762879957055628,6.989962853679306,0.010870294571562772,0.14131382943031603,17,4,4.099420289855073,0.013720179382473984,0.016118336589760206,0.06943315720310536,-0.02891757109745604,0.07907975977463914,0.013523438639158907,-0.024598212139171276,-0.002571598138835786,0.9238673464809988,1.331758678077203
RIONOG_CT3,thermal,2.0972153257733344,6.704619574355326,3.1762879957055628,6.989962853679306,0.010870294571562772,0.14131382943031603,17,4,4.099420289855073,0.013720179382473984,0.016118336589760206,0.06943315720310536,-0.02891757109745604,0.07907975977463914,0.013523438639158909,-0.024598212139171273,-0.002571598138835787,0.9238673464809988,1.331758678077203
RIONOG_ST1,thermal,2.0972153257733344,6.704619574355326,3.1762879957055628,6.989962853679306,0.010870294571562772,0.14131382943031603,17,4,4.099420289855073,0.013720179382473984,0.016118336589760206,0.06943315720310536,-0.02891757109745604,0.07907975977463914,0.013523438639158907,-0.024598212139171276,-0.002571598138835786,0.9238673464809988,1.331758678077203
RIPPEY_ALL,wind,-3.3155747165000338,16.24837749609811,6.839861101791586,-1.2847211806510843,0.06904650070455613,0.4481647990337516,18,0,8.285458937198067,-0.016945961525717153,0.015384901752540151,-0.03448199706227817,-0.021970181856671378,0.01826838823343997,0.032246919483008125,-0.11687839917460782,0.028260366353636643,0.5965775146931526,8.763015203169887
RN_APOGEE,other,-4.760305978662014,11.411885277235173,6.363407367644098,2.648047163357025,0.045963899885929006,0.590686438972019,7,16,4.372946859903381,-0.03753330094660931,-0.011254660598936107,-0.052033542398171796,-0.014480062958760207,0.024398080236196037,0.011002468631008296,0.0074433022591540235,0.0007173061646770921,0.7774664526940633,4.284853359234285
RN_BYU_G8,thermal,2.666913373146346,10.635904270160509,5.04634838623096,-3.0786833975575423,0.03717372341139368,0.240018788163457,15,6,12.66098228663446,0.042134451633062626,0.030988533466199168,-0.014860986309009557,-0.03556658092384114,-0.032757534035136614,-0.010369745562903408,-0.0263789441176784,-0.003349222519142354,0.9504470496367252,1.779851434703964
RN_DEC_AGR_A,other,-4.900119439039121,19.163640958853627,7.796373884452795,-3.4250511563186286,0.07958129235724351,0.46997248876065223,18,0,7.871400966183575,-0.01802726526931972,0.006377873570735162,-0.038826355601733156,-0.022426860744592908,0.018538827831748293,0.04033491763164058,-0.11730198681167413,0.0225840311866181,0.6213385185088087,10.235382840612703
RN_DEC_AGR_B,other,-4.893975038582836,19.15628869200391,7.792595450580421,-3.423889308081108,0.07958129235724351,0.46889887942025094,18,0,7.882640901771336,-0.0180261008881965,0.006377236000079868,-0.0387854707084411,-0.022433877216094644,0.018570281253672216,0.04033697662641138,-0.11727577145793981,0.022617112343037028,0.6210614270835786,10.23433944010306
RN_DEC_AGR_C,other,-4.89491042072066,19.155776497322364,7.791776823458364,-3.4239992558391146,0.07958129235724351,0.46896598000402606,18,0,7.866795491143318,-0.01802871984606036,0.0063716956085383344,-0.038794173400882676,-0.022433249944263066,0.018564890152748523,0.04032890051249863,-0.11728139949492915,0.022604635097026496,0.6211203980262074,10.23317538970871
RN_DEC_AGR_D,other,-4.894533986445682,19.15592832582278,7.791895591491645,-3.4239888023758014,0.07958129235724351,0.46883177883647587,18,0,7.867809983896939,-0.01802894399645002,0.006371808106429227,-0.03879489487088388,-0.02243296565771202,0.018566194332776207,0.040330914176811124,-0.11727816870035687,0.0226011586842093,0.6211175884665557,10.233308022366845
RN_ECEC_HOLT,other,8.032117694423942,17.326581696006606,12.136920754210562,3.332724184584215,0.1385627054955378,0.24693014829229015,0,15,21.439855072463768,-0.03800795447741071,-0.022927577308032576,0.048150052511459866,-0.001970138300673537,-0.048657400338132935,-0.02696512079826339,-0.005776971955815508,0.011754188882433455,0.9254247368346257,4.0504044817308
RN_OCI_ALAMO,other,4.0701227940683085,25.13943319035689,4.9918996175266726,24.521364640427336,0.022411594980876335,0.11870093269811448,19,11,8.34463768115942,-0.0027969573640269454,0.03082663011482955,0.06650070185545906,-0.033492839936183655,0.06848208234872386,0.013403951330669088,-0.020384794676360837,-0.015091579503912277,0.8764776796887143,2.453901879347932
RN_RTS1,other,-3.0350083875729723,11.078118308597846,5.446446353083272,6.096723911243169,0.03167147554183721,0.48674763470442195,20,15,5.621417069243156,-0.04336172729746576,-0.014469111451483498,-0.02446900360549124,-0.018234570722303077,0.011322478982132494,-0.0009062313790067929,0.04981969657398891,-0.049059866563685495,0.8453867240152095,3.056013519433624
RN_SR_WIND1,wind,-10.192102261289673,35.569437956252536,13.148812990673019,-17.06322688396783,0.15426424209890627,0.5545192243172515,9,19,22.434009661835752,0.02281660949121577,-0.056087654664301795,-0.01768772672248215,0.021081069808029984,0.028114405742239765,-0.03693568632255171,-0.018773350281123983,0.0008320954297938407,0.8393300108388755,7.134441512178874
RN_TOSBATT,other,2.973890491847279,16.18255355105967,8.736063208749917,4.4539409209317835,0.06508756626182648,0.3250352278064819,20,15,11.336022544283413,-0.03901244093068969,-0.01573138816757055,0.014680128320874354,-0.019845197264458388,-0.01327135786657985,-0.02111858305583729,-0.0028678373516999385,-0.024899739934200305,0.6416055202393499,7.913905288112438
ROSELAND_ALL,wind,-0.784160236194055,5.897800698947803,2.9504609810105347,2.9127717449495636,0.006307454874857411,0.38857948064148157,19,15,6.886280193236715,-0.0060341872362071735,0.020770010023832407,0.020760899662744834,0.07778801985805106,-0.007760819289525589,0.05954639820620375,-0.06808992614495692,-0.06458916079288234,0.8350440884788458,1.8114500876065727
ROUTE66_RN,other,-7.293622089512179,12.333530538829852,8.787120042944373,2.2117864794248594,0.07636046433603973,0.6870428772730323,8,21,4.542769726247988,-0.030208584746173116,-0.001591357062763144,-0.06641295208144052,0.0012627951406286601,0.023283064002654678,0.03643686738410056,-0.027855010419318486,0.0808725711499988,0.8676014472541684,3.6744780782693054
ROW_ALL,wind,-2.2979755753875057,11.228183632796252,4.112069382003623,-13.753579031120488,0.019392068710997787,0.43145675367375697,9,16,4.365475040257649,0.023118490977647118,-0.029353916316681262,0.021475149462154817,0.0457907511691299,0.006048743530256382,0.07713642755777865,0.04176245377350856,0.03518565894650341,0.7562444219728599,3.211650892124216
RPUBRDS_RN,other,1.5432698114473595,7.165097953145506,3.0490793799906055,6.788972028454135,0.013151714419915453,0.24531973428168824,16,2,5.248482826438154,0.01515939093201881,0.0393923387750028,0.007398589457187218,0.004336839316235834,0.01319560541007445,-0.01837311621881969,-0.02547930445001178,0.03334937214129125,0.38696509220420605,4.088034091109749
RRANCHES_ALL,wind,9.794627927262969,20.561824879885513,13.76628598268805,4.29875194117232,0.1722471985506274,0.2385425753204053,2,15,25.07062786323586,-0.035014230197625076,-0.01993434696093257,0.05117706646534506,0.002427397496944278,-0.05052443508047863,-0.025706253735103195,-0.03983667054748634,0.041337849385235964,0.9183794244767612,4.961109753735914
RRC_WIND_ALL,wind,-4.300082533718044,9.30424911552296,5.627878279541031,3.9144345993290233,0.02851774810440851,0.6159162584714487,7,15,7.782834138486312,-0.0418910186842292,-0.010788699139946997,-0.03771347944547472,0.011171656173419711,0.003368034121143602,0.035802701436186295,-0.0036563942841481103,-0.014721398282210016,0.7895878135615332,3.2428983602556425
RSK_RN,other,-1.2327068375494865,14.852430267855382,8.84252633697913,3.7842530552405136,0.07213312755820976,0.44132053948869354,20,15,7.702512077294686,-0.04176325256647297,-0.010821180439456887,-0.009571001430083697,-0.030407212498311444,-0.006623893172590693,-0.004374334293420312,-0.012362331808642562,-0.032176959159003135,0.7145011199509865,6.525597834890252
RTLSNAKE_BT,other,9.75361269543045,20.713003197728153,13.776762396832853,4.320955752893932,0.17231429913440247,0.24364221968731128,0,15,25.28840579710145,-0.03469098700702054,-0.01966897864979033,0.05169297489863609,0.002759547144727466,-0.05056060251088512,-0.02559009937069369,-0.04030178965965882,0.04060841394185415,0.9131901401302014,5.163880480134866
RUSSEKST_RN,other,32.27282023753607,74.0611171260699,35.645402939005564,3.423754550775906,0.25994766154465543,0.20130175132523653,4,13,75.75650563607086,-0.027491511218202824,-0.011089519377795159,0.013593833522887407,0.00015713935563337877,-0.04390707840027764,-0.03197441456890478,-0.05655461776171835,0.09358924271170767,0.6368059412507524,42.39791571571534
RVRVLYS_ALL,wind,2.400946789237066,11.023054377884403,3.6563799235053343,15.276266853200024,0.01623834127356908,0.15775347245521035,16,2,5.313871368031655,0.01547660981613408,0.02204190114618749,0.05447071483345948,-0.029300124349707267,0.0728285291713344,0.0004263268359909609,-0.037994741700696555,0.024108256712310813,0.795593189889447,2.5441384457560363
SADLBACK_RN,other,9.586335637120042,19.933331499184085,13.56028316446353,4.129087757336238,0.16983157753472455,0.23666375897470307,3,15,24.391304347826086,-0.03617740429465779,-0.02064509393059049,0.0496642033148515,0.001336757011656838,-0.050721604108963314,-0.026015267335546148,-0.03771659013185343,0.04254072607445394,0.9386809452913786,4.1660779128760455
SADLBCK_AGR1,other,9.586335637120042,19.933331499184085,13.56028316446353,4.129087757336238,0.16983157753472455,0.23666375897470307,3,15,24.391304347826086,-0.03617740429465779,-0.02064509393059049,0.0496642033148515,0.001336757011656838,-0.050721604108963314,-0.026015267335546148,-0.03771659013185343,0.04254072607445394,0.9386809452913786,4.1660779128760455
SALVTION_GEN,other,-4.936363148359391,10.059535258800311,6.429407501845266,4.324523703173283,0.03254378313091324,0.6412131785546534,7,16,4.484331723027375,-0.03908363367927476,-0.006657101485633631,-0.06320493818678358,-0.006051448778547381,0.022087181421102463,0.03168578789131962,-0.017710350159718787,0.03654124905099368,0.9459820051138019,1.783137326793342
SAMSON_ALL,wind,0.2960397235455949,6.782721207838059,3.252834999664497,6.576047522356543,0.006642957793732806,0.36643628799570555,19,14,4.908695652173913,-0.007154380279474465,0.04414997579228733,0.007114108064321815,0.07263644832453532,0.021458073444717323,-0.04556268602686567,0.03261433929049054,0.031262932457299344,0.8528833764763735,1.8194448882006757
SANDHSYD1_2,other,3.833832114339394,15.175960812046775,4.653679125008387,13.772516366488768,0.026571831174931223,0.12078105079514191,17,4,10.010917874396135,0.007643545495308361,0.030611421348027586,0.04528588619242976,-0.04301218898534722,0.0726733969180661,-0.02400286159551521,-0.027978446542063384,0.032535840836376555,0.8165725667351988,3.1665469158034245
SANDHSYD3_4,other,3.833832114339394,15.175960812046775,4.653679125008387,13.772516366488768,0.026571831174931223,0.12078105079514191,17,4,10.010917874396135,0.007643545495308361,0.030611421348027586,0.04528588619242976,-0.04301218898534722,0.0726733969180661,-0.02400286159551521,-0.027978446542063377,0.03253584083637657,0.8165725667351988,3.1665469158034245
SANDHSYD6_7,other,3.833832114339394,15.175960812046775,4.653679125008387,13.772516366488768,0.026571831174931223,0.12078105079514191,17,4,10.010917874396135,0.007643545495308361,0.030611421348027586,0.04528588619242976,-0.04301218898534722,0.0726733969180661,-0.02400286159551521,-0.027978446542063384,0.032535840836376555,0.8165725667351988,3.1665469158034245
SANDHSYD_5AC,other,3.833832114339394,15.175960812046775,4.653679125008387,13.772516366488768,0.026571831174931223,0.12078105079514191,17,4,10.010917874396135,0.007643545495308361,0.030611421348027586,0.04528588619242976,-0.04301218898534722,0.0726733969180661,-0.02400286159551521,-0.027978446542063384,0.032535840836376555,0.8165725667351988,3.1665469158034245
SANDHSYD_CC1,thermal,3.80079044487687,15.17340580881515,4.641980809233041,13.784211719175106,0.026437630007381065,0.12393477823257062,17,4,9.947294685990338,0.007839809427780398,0.03038662127348508,0.04483272646144582,-0.04258233138944796,0.07232665124690084,-0.02438331557400347,-0.029334306479785396,0.032528809698230354,0.8086362022460005,3.231173861665644
SANDLAKE_RN,other,9.438864658122526,19.95148844728753,13.458852580017448,4.164441554684711,0.16848956585922298,0.2420318056767094,3,15,24.562753623188403,-0.035859541411790444,-0.020557550096443295,0.05064615295649719,0.001958258816757407,-0.0510018128542931,-0.025782970268077986,-0.037741035781865606,0.04086359087913775,0.9374086896089872,4.210540499099948
SANTACRU_ALL,wind,-6.220526739582635,32.27873092428217,8.906615446554385,-20.295136419023404,0.06273904582969872,0.5007716567134134,9,19,17.81666666666667,0.03065603961892187,-0.05760821703719356,-0.012218588143616071,0.021808976297598454,0.01683933829997196,-0.02758787243659416,-0.01974993924492145,-0.0014383848794128455,0.9538580313684129,2.671217351023853
SAN_SANMIGG1,other,-1.7771556062537748,23.252406284269455,4.973694558142656,-22.629173829453293,0.02140508622425015,0.29135073475139234,1,19,8.063360491065652,0.033347795319418276,-0.04893452890073565,0.018340217159872847,0.017104779866524675,0.012431778374695154,0.003585696765025897,-0.018104362962915704,0.011372101005445083,0.8353099644443527,2.8673636042396278
SBEAN_BESS,storage,9.60259276655707,20.350247055712284,13.627026773132927,4.199413734271295,0.17009997986982486,0.24377642085486143,0,15,25.011046698872786,-0.034966246538969945,-0.02012357211772384,0.051643507695357395,0.002576599239361214,-0.05070712031580672,-0.025629867695575348,-0.038693356353804796,0.03960370912762552,0.9193031934201175,4.887281165886228
SBE_RN_1,other,0.11463329530966918,8.837336521132588,3.141944574917802,-13.285155984026424,0.008655975306985171,0.256995235858552,15,20,3.173607085346216,0.042881421798444654,0.003798363857122656,0.00660774906609102,0.012182086109155634,-0.018413962334300607,0.03384058854087344,-0.004442488359567373,0.02143799316484106,0.7084326655113027,2.3720951058085937
SC2SES_UNIT1,thermal,0.5641166208146011,5.812134641917715,2.9036683889149835,5.720761209365799,0.005770650204656781,0.3155740454941958,19,4,1.5752495974235101,0.004413809234896058,0.05295774639074447,-0.004187492700831506,0.0711600663366543,-0.0034871433687494176,-0.03887478782619222,-0.001841168371207101,0.00014755736227124153,0.8836906959413252,1.3902591764587287
SCES_UNIT1,thermal,-0.8789854391733208,6.47118084250724,3.146064550761592,3.269425892817859,0.007917868885459303,0.3942159296785882,19,15,7.639983896940419,-0.0078010517161906595,0.018303007110812317,0.021812177635653348,0.07672845756299802,-0.008205162359556728,0.06101770908687273,-0.06910699509656851,-0.06790675875640086,0.835207020722373,1.9602363631907198
SCLP_PUN1,other,-0.11593169160571698,8.961359259609678,2.9518734482990006,-14.738182072974856,0.007179762463933436,0.2742400858887472,15,7,3.542946859903381,0.04781670177152896,-0.0011505268258579842,0.01032790143348183,0.013066041522760922,-0.008832658366494234,0.04397049766440351,0.017612310827564728,0.04688821639695832,0.9106833062585884,1.207757468309297
SCLP_PUN2,other,-0.11498691538616386,8.961030246402057,2.9516627524659462,-14.739895683807156,0.007179762463933436,0.2739716835536469,15,7,3.5444605475040256,0.0478232542664013,-0.0011348564709312903,0.010316308724102436,0.013050002970174817,-0.00883489719423377,0.04394633847585325,0.017610423318235875,0.046872708525720785,0.9107523547486598,1.2071955062392563
SCLP_PUN3,other,-0.11498691538616386,8.961030246402057,2.9516627524659462,-14.739895683807156,0.007179762463933436,0.2739716835536469,15,7,3.5444605475040256,0.0478232542664013,-0.0011348564709312903,0.010316308724102436,0.013050002970174817,-0.00883489719423377,0.04394633847585325,0.017610423318235875,0.046872708525720785,0.9107523547486598,1.2071955062392563
SCLP_PUN4,other,-0.11567738039320935,8.96123723477617,2.9516634234717842,-14.738693224786202,0.007179762463933436,0.27417298530497214,15,7,3.5430434782608695,0.047817204717441913,-0.0011453685341137293,0.010323260421603178,0.013066752462472981,-0.008826358486526551,0.04396240346204816,0.01761935581633319,0.046894885144640346,0.9106781188671775,1.207725031479478
SCLP_SCLPC_1,other,-0.11499228343286587,8.961032565610662,2.9516681205126485,-14.739883142810784,0.007179762463933436,0.2739716835536469,15,7,3.5444605475040256,0.047823236918672234,-0.0011348539376726883,0.010316230194043265,0.013050062554555585,-0.008835124651392079,0.043946230275327465,0.017610370042351935,0.04687279430503006,0.9107517878216752,1.2072010236202442
SCLP_SCLPC_2,other,-0.11499228343286587,8.961032565610662,2.9516681205126485,-14.739883142810784,0.007179762463933436,0.2739716835536469,15,7,3.5444605475040256,0.047823236918672234,-0.0011348539376726883,0.010316230194043265,0.013050062554555585,-0.008835124651392079,0.043946230275327465,0.017610370042351935,0.04687279430503006,0.9107517878216752,1.2072010236202442
SCLP_SCLPC_3,other,-0.11567738039320935,8.96123723477617,2.9516634234717842,-14.738693224786202,0.007179762463933436,0.27417298530497214,15,7,3.5430434782608695,0.047817204717441913,-0.0011453685341137293,0.010323260421603178,0.013066752462472981,-0.008826358486526551,0.04396240346204816,0.01761935581633319,0.046894885144640346,0.9106781188671775,1.207725031479478
SCLP_SCLPC_4,other,-0.11499228343286587,8.961032565610662,2.9516681205126485,-14.739883142810784,0.007179762463933436,0.2739716835536469,15,7,3.5444605475040256,0.047823236918672234,-0.0011348539376726883,0.010316230194043265,0.013050062554555585,-0.008835124651392079,0.043946230275327465,0.017610370042351935,0.04687279430503006,0.9107517878216752,1.2072010236202442
SCSES_UNIT2,thermal,0.5641233308729786,5.812144762719485,2.90367241495001,5.720744797905075,0.005770650204656781,0.3155740454941958,19,4,1.5752818035426728,0.004413847122389142,0.052957741258797764,-0.004187532391315318,0.07116007124758764,-0.0034870940317767423,-0.0388746932922929,-0.0018413799307505354,0.0001475054622999013,0.8836905677785747,1.3902621292147244
SENATEWD_1,other,-3.5842514929879887,9.112035296888303,5.140118097027444,4.1879451679243616,0.02261289673220157,0.5700194591692948,7,16,4.047874396135265,-0.04305460318856654,-0.00830301811595246,-0.05382816364724047,-0.016302212937965053,0.013507825708759722,0.02354456799640907,-0.009119178662816654,-0.002919282660704306,0.931598221518517,1.7875524225692576
SGM_SIGNALMT,other,8.893649600751527,22.625345817152493,13.309924176340335,3.6913711592796017,0.14453465745151983,0.2542441119237737,0,15,19.888003220611914,-0.03703454718842607,-0.01243931799403816,0.03140642319320799,-0.01600223404582098,-0.037847214804654236,-0.020220837677534235,-0.01857332476063662,-0.01097546611602365,0.6941890236656001,10.911264790747708
SGSA_DGR,other,8.770042944373618,19.217358720768363,12.995588136616789,4.087776557569722,0.15587465610950815,0.26115547205260686,3,15,24.042012882447665,-0.03797803190777524,-0.02087264156542596,0.04731352403835488,0.0013022884858633098,-0.051210673321571816,-0.025712572934392688,-0.036381805108679485,0.04372885888913671,0.9692581664119047,2.844620111927552
SG_BES_BESS1,storage,8.948623767026772,19.76109154593774,13.456874454807757,3.5245140287074297,0.1639267261625176,0.2738374823860968,4,15,25.3431884057971,-0.03871297280816584,-0.02166433054653469,0.042493013037741854,0.00019399086411550962,-0.05263177283988631,-0.027198357134428433,-0.03690667280803958,0.04759557320313052,0.9755112160777186,2.671395899301526
SHAFFER_ALL,wind,-6.550855532443133,32.59228881317372,9.146146413473797,-20.195118615408994,0.06730188552640408,0.5069449104207207,9,19,18.179452495974235,0.029868136663121405,-0.058099905317675477,-0.012550632743861442,0.022601856531897287,0.017487988591278397,-0.028114741660422424,-0.020054324288071978,-0.000879765617220032,0.9523781333519775,2.7730946989075336
SHAMROCK_RN,other,1.0227853452325035,14.955395086310734,7.2616298731798965,10.618019380580277,0.03308058780111387,0.3528148694893646,20,14,11.569114331723027,-0.04202725149864043,-0.01759691166699978,0.029696241493128474,-0.01920330843955724,-0.012592815881188586,-0.00939681564758061,0.005326921853431766,-0.03863027881624894,0.7906404192344072,4.496938567611733
SHANNONW_RN,other,-4.057948064148158,9.394347546986223,5.552404213916661,3.815384750621885,0.028249345769308192,0.593169160571697,7,16,3.9678421900161025,-0.04143215048841039,-0.007725825528090675,-0.05913562329400343,-0.015639298374728116,0.017554824083983112,0.027229815874391286,-0.017056375249911417,0.010892198323580548,0.9492798009196959,1.6090671700521164
SHEEPCRK_1,other,-4.300082533718044,9.30424911552296,5.627878279541031,3.9144345993290233,0.02851774810440851,0.6159162584714487,7,15,7.782834138486312,-0.0418910186842292,-0.010788699139946999,-0.03771347944547472,0.011171656173419711,0.0033680341211436027,0.03580270143618629,-0.0036563942841481116,-0.014721398282210014,0.7895878135615331,3.242898360255643
SIG_SLR_RN,solar,0.8931617795074815,6.447016135068176,3.12174528618399,6.867472437018908,0.006240354291082333,0.3222170032879286,19,4,2.9465217391304344,-0.0013352886634512577,0.056475236397688186,0.0010798094406794224,0.06312503377652354,0.011849794882293926,-0.060677676941660465,0.02962951354165969,0.01921639912522831,0.956818094218304,0.9379042427256696
SILASRAY_CC1,thermal,-7.1554613165134535,41.032609767278345,13.30420989062605,-6.122177868294815,0.13849560491176274,0.5251962692075421,13,19,26.539710144927536,0.02591646638537066,-0.051499596102793664,-0.018391907185039743,0.011374622378896273,0.02722983569013501,-0.04168033629054042,-0.01779894713931746,0.0027341093043978435,0.7982356679110426,7.6793015161670075
SIL_SILAS_10,other,-6.712410923975038,43.060601655292935,13.633312755820976,-3.8480298007528444,0.13903240958196336,0.5146614775548547,13,19,27.422495974235105,0.0267257432463737,-0.05178247456299558,-0.016999294008221488,0.01019435693759925,0.028737450759197754,-0.04098992258558999,-0.020031789663945775,0.002491576626132237,0.8161005677221461,7.437496826433836
SIL_SILAS_6,other,-6.718061464134738,43.06324571244965,13.639262564584312,-3.8472783257997576,0.1392337113332886,0.5147285781386298,13,19,27.454734299516907,0.026734212311029692,-0.05177651807826255,-0.01700521767520981,0.010191697285964115,0.028722199331650648,-0.04099585042932315,-0.020045299392797436,0.0024980028197728937,0.8161460096613543,7.439666498581214
SIL_SILAS_9,other,-6.718061464134738,43.06324571244965,13.639262564584312,-3.8472783257997576,0.1392337113332886,0.5147285781386298,13,19,27.454734299516907,0.026734212311029692,-0.05177651807826254,-0.01700521767520981,0.01019169728596411,0.028722199331650655,-0.04099585042932315,-0.02004529939279745,0.0024980028197728937,0.8161460096613543,7.439666498581214
SIRIUS_UNIT1,thermal,9.520519358518419,21.270826204968277,14.029663826075288,3.2815611430505727,0.16224921156814065,0.2675971280950144,4,15,27.052125603864734,-0.03953671905185612,-0.019046330647946336,0.03549430239690593,-0.0006989018977595781,-0.05022262351661624,-0.027970863844632054,-0.037535980133338774,0.05250244494283308,0.9322998515333112,4.902794598675143
SJS_SJS_G1,thermal,2.576122257263638,10.29418727889703,4.908197678319801,-3.392827373551719,0.0345568006441656,0.2385425753204053,15,6,12.163156199677939,0.04241681981504592,0.031379118074846966,-0.014531222113646016,-0.03524037081402543,-0.03294696600214493,-0.009210349834596484,-0.025180573683128465,-0.002943747323538581,0.9588164227608579,1.5638506167171269
SJS_SJS_G2,thermal,2.576122257263638,10.29418727889703,4.908197678319801,-3.392827373551719,0.0345568006441656,0.2385425753204053,15,6,12.163156199677939,0.04241681981504592,0.031379118074846966,-0.014531222113646016,-0.03524037081402543,-0.03294696600214493,-0.009210349834596484,-0.025180573683128465,-0.002943747323538581,0.9588164227608579,1.5638506167171269
SKY1,other,1.0849882573978393,15.360259302553958,3.566079312890022,43.428052975805954,0.011339998657988324,0.23639535663960276,8,19,3.6115458937198066,0.03183095814675556,-0.014889266085196745,0.04425664443941204,0.004760253019401179,0.05238245352336827,0.004154774560683241,-0.03384778110571022,0.013299963432477583,0.7209955408113686,2.5359266417347928
SLCN_ESS_ALL,storage,2.9512427028115145,10.359974072483102,4.0127283097362945,8.972060553074877,0.02261289673220157,0.13842850432798764,16,4,8.576892109500806,0.01308698307993929,0.024681955165026494,0.047873028568456454,-0.043677665113145546,0.07361432385661573,-0.014645774526229815,-0.027115914111847036,0.032585667747567305,0.8214519331374441,2.7618910930112395
SLTFRK_UN1_2,other,-7.142409581963364,12.183082778340172,8.627632691404415,2.2709495344916073,0.07307253573106086,0.6835536469167282,8,16,4.306409017713366,-0.03090046135813757,-0.0018630483824146821,-0.06605339624637226,0.0004889183222443026,0.023005085229437647,0.03673102196937622,-0.028431407362254694,0.07824251757842743,0.871944291501505,3.5628318083822297
SNY_BESS_RN,storage,1.832336442327048,12.889999325422268,7.384788968664028,4.615030726421992,0.03643561698986781,0.3127558209756425,20,13,8.187504025764895,-0.04240039441249317,-0.011256909173300635,0.0063016386599744996,-0.02682020523787633,-0.01899993883724173,-0.009698371567292655,-0.01283703836548041,-0.03748769715825319,0.7410889101445185,5.210378148792863
SOLARA_UNIT1,solar,-1.258594242769912,10.787591899556144,5.536570489163255,5.507695943135938,0.02335100315372744,0.3690532107629336,19,15,6.029291465378422,-0.044848344733008104,-0.009394276799782551,-0.02064037552809897,-0.02103785055238803,-0.004754642962491605,0.005622247898319104,0.003072343840083595,-0.0183474557840079,0.7781586006449208,3.7856955325788544
SPARTA_ALL,wind,-5.964380326108837,44.20509312826841,8.511412467288466,-22.91699934715041,0.0580420049654432,0.4201167550157686,9,19,18.974573268921095,0.03285979541518192,-0.05455588152551414,-0.01038490272066368,0.02331314347869291,-0.003112694031619709,-0.016733943941684173,-0.016510967995621646,0.006720180879160089,0.9162740689474026,3.8271425465937314
SPLAIN1_RN,other,-7.550481111185668,12.603646622712208,9.071980138227202,2.1462398470059774,0.08286922096222236,0.6935516338992149,8,21,4.996731078904992,-0.029525428671978163,-0.0012253444144701285,-0.06666425293854063,0.0026260451848272265,0.024034456606574182,0.035024346979555455,-0.026347462986876773,0.08421129302178415,0.8628748405206427,3.8280345431845433
SPLAIN2_RN,other,-7.550481111185668,12.603646622712208,9.071980138227202,2.1462398470059774,0.08286922096222236,0.6935516338992149,8,21,4.996731078904992,-0.029525428671978163,-0.0012253444144701285,-0.06666425293854063,0.0026260451848272265,0.024034456606574182,0.035024346979555455,-0.026347462986876773,0.08421129302178415,0.8628748405206427,3.8280345431845433
SPNC_SPNCE_4,other,-5.886561095081527,24.391391105802878,9.563773736831509,-2.0431005971570215,0.09474602429041133,0.46896598000402606,18,1,11.17596908316117,-0.017351405773041378,0.00804360738344865,-0.03727151328639988,-0.030337153761168346,0.01610848378267447,0.038913073866092884,-0.11542616275041258,0.022515415803200534,0.621509127878729,13.074266484964145
SPNC_SPNCE_5,other,-5.886561095081527,24.391391105802878,9.563773736831509,-2.0431005971570215,0.09474602429041133,0.46896598000402606,18,1,11.17596908316117,-0.017351405773041378,0.00804360738344865,-0.03727151328639988,-0.030337153761168346,0.01610848378267447,0.038913073866092884,-0.11542616275041258,0.022515415803200534,0.621509127878729,13.074266484964145
SPTX12B_RN,other,8.583327517949407,19.70389383012255,13.161475541837214,3.471184800392979,0.1499698047373012,0.2695430450244917,4,15,24.893848631239933,-0.040344064544460614,-0.020416437854551026,0.036242839005453185,-0.0018812357428315836,-0.04995088897062525,-0.02730201502918207,-0.031167773839795593,0.04299079827098698,0.9417830840750488,4.158320016089835
SP_RN,other,2.557770247601154,10.228429413799198,4.876630879688653,-3.026114871595811,0.0336173924713145,0.2420318056767094,15,6,12.01024154589372,0.042367181021566634,0.031238497908025725,-0.014084702265784885,-0.034164512473854346,-0.031395189965560115,-0.008510769756565204,-0.022946626529937748,2.325658097640634e-05,0.9413201620862319,1.8378493637487643
SROSA_ESR_RN,storage,-6.895349929544387,33.71077763223504,10.056463799235052,-20.096012745299458,0.08655975306985171,0.49916124270281154,13,19,21.90819645732689,0.033032716242807264,-0.050526526394269244,-0.02125949054089855,0.014231538991471485,0.01848063093672891,-0.03879561230308325,-0.025091720287501715,-0.007817656458108755,0.9181323923041678,3.9720245754515657
SRWE1_UNIT1,thermal,-1.6145601556733544,14.338047660079543,8.317821244044822,3.5632250036706865,0.06186673824062269,0.46447024089109573,7,15,6.7541223832528186,-0.036800037151131726,-0.004774307503542057,-0.017649903170852948,-0.01765056687641174,0.01657726413266825,-0.010072475780715013,-0.00038961539194844506,-0.05149225798400853,0.5774338688962017,7.777218086875159
SSPURT_WIND1,wind,-7.427495135207676,12.478177842876166,8.92627390458297,2.1349630401035604,0.0789773871032678,0.6904650070455612,8,21,4.7843478260869565,-0.029498880125176378,-0.0013896232819172168,-0.06670424826027668,0.0019085662861202638,0.023424091305914708,0.03625726631171695,-0.02740102710358797,0.08305927220091323,0.8616826332795995,3.807700505596975
STAM_SLR_ALL,solar,0.29011675501576867,6.774448301652512,3.250959538347984,6.562452778774455,0.006642957793732806,0.3669059920821311,19,14,4.913059581320451,-0.007182652592493998,0.044093135108431505,0.007110152743849089,0.07275640364054328,0.021380167382378246,-0.04540544518376629,0.032566617240412425,0.03116868003202012,0.8527034671045717,1.8190641210240586
STAR_SLR_RN,solar,-4.092145205663289,31.283428159870073,8.64991880829363,-21.23473103526432,0.06213514057572301,0.4272965174797021,15,19,19.45194847020934,0.03750152788525384,-0.040870233062147855,-0.014481989897944475,0.0040641236653411825,0.014728680717852044,-0.04079066696782618,-0.019477326984155163,-0.008770027124529452,0.8429163644556965,4.821106281726539
STEAM_ENG123,other,1.2053344964101187,6.863287234019804,3.251134670871637,7.212692652557808,0.007917868885459303,0.29819499429645036,18,3,3.393945249597423,-0.0018762856956178755,0.05684158794198467,0.0026802575642836724,0.05652645697644204,0.017811396667288155,-0.060913894847342366,0.030167457301411,0.02388933453737076,0.9210046259283098,1.3382522880046515
STEA_STEAM_1,other,1.2180903173857611,6.8540201619375525,3.2543071864725226,7.210811548273141,0.007850768301684226,0.2967858820371737,18,4,3.4176006441223823,-0.00182048524206627,0.056915731360947054,0.002410252933974003,0.05645774962604213,0.017732870633083504,-0.060942629399424915,0.030299262436300035,0.02369752043603986,0.9215767502771991,1.3325157550490738
STEA_STEAM_2,other,1.2053344964101187,6.863287234019804,3.251134670871637,7.212692652557808,0.007917868885459303,0.29819499429645036,18,3,3.393945249597423,-0.0018762856956178755,0.05684158794198467,0.0026802575642836724,0.05652645697644204,0.017811396667288155,-0.060913894847342366,0.030167457301411,0.02388933453737076,0.9210046259283098,1.3382522880046515
STEA_STEAM_3,other,1.2053344964101187,6.863287234019804,3.251134670871637,7.212692652557808,0.007917868885459303,0.29819499429645036,18,3,3.393945249597423,-0.0018762856956178755,0.05684158794198467,0.0026802575642836724,0.05652645697644204,0.017811396667288155,-0.060913894847342366,0.030167457301411,0.02388933453737076,0.9210046259283098,1.3382522880046515
STELLA_RN,other,-10.885610950815273,34.289107940864206,13.205162718915654,-16.098794561031823,0.16157820573038986,0.5564651412467289,9,19,27.677181964573265,0.022406963919068837,-0.059291382336134055,-0.017493070736686513,0.022957952112568163,0.01572168425294624,-0.03319020736199795,-0.02399221524314338,-0.008910229745059946,0.8660315930122995,6.540148917788298
STP_STP_G1,thermal,-2.6263020868281552,13.711197190351369,4.362391464805744,-15.624320783680757,0.02127088505669999,0.42870562973897874,9,16,3.424830917874397,0.024981040891836434,-0.0364448884309717,0.020161542047155038,0.04148423377870564,0.010485428005832232,0.07080607934768379,0.03157895361560064,0.03269294663656245,0.7880663674277628,3.0614440588237013
STP_STP_G2,thermal,-2.6247876266523518,13.711051802525166,4.361278266120916,-15.625112356475881,0.02127088505669999,0.42837012682010334,9,16,3.4171980676328504,0.024986509501847748,-0.03645163684550467,0.020169345556949943,0.041429426430851284,0.010536329173836276,0.07080556282931884,0.031645167516441586,0.03280546055766941,0.7881887219829153,3.0603647532262523
STRATEGC_RN,other,0.3900221431926458,5.530409936773411,2.542940347581024,7.252873514881905,0.004495739112930283,0.3127558209756425,19,15,1.8651529790660226,0.0025319423768785016,0.05459263849380546,-0.003099853304437587,0.07107136356469798,-0.002192251996362569,-0.027280654829471215,-0.009302111350318136,-0.005305003620643615,0.8839011261410757,1.1749110487710868
STRG_SLR_ALL,solar,1.352175400925988,7.244109460878582,3.01999396094746,4.981694833404472,0.014359524927866872,0.21150104005904852,18,4,3.3880998389694033,0.015492106290723893,0.013306204235384828,0.0587281089016921,0.0031817463304397733,0.05208516721242778,0.03230545039919387,-0.041495814389428995,-0.023664226958447648,0.6179562327264856,3.233115469733714
STWF_T1,other,1.8857357579010938,18.23936680157696,8.256481245386835,6.071792397267153,0.053814668187613234,0.3122861168892169,18,11,7.920950080515298,-0.03595287271147103,0.007110144610175103,-0.010252324902516348,-0.03319146705811872,-0.005107951407311663,-0.02118343426613701,-0.027427316794731826,-0.013833164238682872,0.5734190218519446,8.730429260035848
SUNVASLR_ALL,wind,-4.993830772327719,14.089632209320946,6.87253573106086,-2.0043008574941408,0.0780379789304167,0.4937260954170301,19,15,16.848502415458935,-0.01675287219035398,0.002596644148662193,0.012083907590428728,0.04936785904531958,-0.020317917361747144,0.030504052303229535,-0.038594125178668275,-0.04463471616374857,0.401698111769909,10.077879228799853
SWEC_G1,thermal,7.15803126887204,17.053505394431856,11.489826209488022,2.9495583570603783,0.12581359457827282,0.26249748372810844,21,15,20.33524959742351,-0.03770940942231642,-0.022451699528618734,0.04444227683095458,-0.01318575018480268,-0.04804947406559625,-0.018717470142235626,-0.0023038818132632994,-0.015337934624250595,0.8846663420879887,5.149943203821172
SWEETWN2_2_4,other,-2.566747634704422,10.534309494081802,5.500558276857009,6.856227100355662,0.02127088505669999,0.45910219418908943,20,15,5.537342995169082,-0.04501350510505071,-0.010248624428680781,-0.02763619205242255,-0.01772910484257619,0.008439389689055764,0.011542707157926494,0.013388678312933801,-0.02954000072168424,0.8220806957020431,3.1828264208428223
SWEETWN3_3,other,-2.566747634704422,10.534309494081802,5.500558276857009,6.856227100355662,0.02127088505669999,0.45910219418908943,20,15,5.537342995169082,-0.04501350510505071,-0.010248624428680778,-0.027636192052422553,-0.017729104842576185,0.008439389689055762,0.011542707157926496,0.013388678312933812,-0.02954000072168424,0.8220806957020431,3.1828264208428223
SWEETWND_1,other,-2.566747634704422,10.534309494081802,5.500558276857009,6.856227100355662,0.02127088505669999,0.45910219418908943,20,15,5.537342995169082,-0.04501350510505071,-0.010248624428680778,-0.027636192052422553,-0.017729104842576185,0.008439389689055762,0.011542707157926496,0.013388678312933812,-0.02954000072168424,0.8220806957020431,3.1828264208428223
SWFT_SLR_RN,solar,8.19249144467557,17.484223113548826,12.342394148829095,3.3781878897199955,0.1477554854727236,0.2473327517949406,0,15,22.061207729468602,-0.037805791953099604,-0.02352627499970402,0.049068172289452275,-0.0009493129337659906,-0.04994689444023487,-0.026790366841703144,-0.015112786426556614,0.01932584980311724,0.9460868998689993,3.4712245352014905
SWOOSE1_U1,other,10.086424209890627,21.419657974275513,14.069407501845266,4.523121976604154,0.17526672482050593,0.23954908407703146,0,15,25.875426731078907,-0.03373577823356763,-0.019051036216427075,0.05221792536987954,0.0033228375217417587,-0.04996394494055146,-0.02538184273116632,-0.042183946489512465,0.04067432552087142,0.8911153068629636,5.971781594103511
SWOOSEII_RN,other,10.086424209890627,21.419657974275513,14.069407501845266,4.523121976604154,0.17526672482050593,0.23954908407703146,0,15,25.875426731078907,-0.03373577823356763,-0.019051036216427075,0.05221792536987954,0.0033228375217417587,-0.04996394494055146,-0.02538184273116632,-0.042183946489512465,0.04067432552087142,0.8911153068629636,5.971781594103511
SWTWN4_WND45,wind,-2.566747634704422,10.534309494081802,5.500558276857009,6.856227100355662,0.02127088505669999,0.45910219418908943,20,15,5.537342995169082,-0.04501350510505071,-0.010248624428680778,-0.027636192052422553,-0.017729104842576185,0.008439389689055762,0.011542707157926496,0.013388678312933812,-0.02954000072168424,0.8220806957020431,3.1828264208428223
SWT_BESS_RN,storage,2.917515265382809,16.563403217237052,8.6488606320875,5.119816778875193,0.05757230087901765,0.28779440381131316,18,11,7.810096618357488,-0.03722401767066837,0.0047321824843408545,-0.0046723730293884,-0.03550598429192763,-0.013803811690266343,-0.021165295397294486,-0.0247750782495436,-0.021041890819250928,0.616043832183564,8.010715929517497
S_HILLS_RN,other,-3.4648768704287725,9.895680182123954,5.416118902234451,6.1025902575876865,0.02127088505669999,0.5717640743474468,7,16,3.0628824476650562,-0.03916281396492754,-0.0011597802944514578,-0.054263337526823295,-0.016654506564714795,0.019664498240543997,0.022390157842092133,-0.021633695368841865,0.007820285785190588,0.8336688655451939,2.823556212366877
TAHOKA_ALL,wind,-2.29742535060055,14.481823298891184,8.555321076293362,3.2259002601617195,0.06844259545058042,0.4886935516338992,19,15,6.742367149758453,-0.03545708739892629,-0.0007748138587046686,-0.0248655045825004,-0.01494418103900854,0.020922442643981045,-0.0062525827353728265,-0.002689936899297295,-0.04338617543339589,0.5537722749662014,7.9856531133241635
TANZ_ESS_RN,storage,1.209722874589009,8.443914686479891,3.3415916258471445,13.627718125046291,0.011138696906663088,0.2864523921358116,19,3,2.044331723027375,0.0029185268243878304,0.05024314980278325,-0.00462519704664635,0.05694555550277084,-0.0027858496287685264,-0.04284563261620798,-0.004440310437955978,-0.003934040028156696,0.7111303316593929,2.6140405666594977
TAV_RN,other,0.34210695833053756,7.932669385574357,3.035015768637187,-11.920928744540516,0.0073810642152586725,0.24840636113534187,15,6,3.6748148148148143,0.043123611242612665,0.013056977639111587,0.004085088259191863,0.005939924061294848,-0.021863222138590935,0.03143801887752985,-0.005851875039259971,0.01636675100033504,0.7301943409626264,2.198692976190405
TAYGETE2_ALL,wind,9.11898342615581,19.762582942156758,13.45567134134067,3.9292415951099153,0.1662081460108703,0.2661209152519627,3,15,24.986231884057972,-0.037257884241454084,-0.02040020359133806,0.048413493138067164,0.002215824769571803,-0.05197134743210752,-0.025516712299389663,-0.03795074172059934,0.04305192669470556,0.9616936086675287,3.2937646039448336
TAYGETE_ALL,wind,9.118897537408575,19.762696392818096,13.455640475072133,3.929189570141819,0.1662081460108703,0.2661209152519627,3,15,24.986231884057972,-0.037262898593789916,-0.020384266454992216,0.04841210900016521,0.0022192874925000944,-0.05197094889851587,-0.025500263530795843,-0.03794648430417317,0.04304869235040351,0.96166704150773,3.294932326197076
TBWF_ES_BES1,other,8.621813057773602,19.77722879430083,13.203253036301417,3.4660015756597127,0.150640810575052,0.2692075421056163,4,15,25.005684380032204,-0.04030291110473961,-0.020353118916272978,0.03621914422708192,-0.001789858318720805,-0.04997743059433892,-0.027338002875598257,-0.031547921823442876,0.043483773898541904,0.941428932661651,4.18950604335755
TC_GTG2_RN,other,1.1358612359927533,11.355408058288704,4.406530228812991,1.4427549716823038,0.02200899147822586,0.2884654096490639,15,7,7.378582930756844,0.035775847866951684,0.01820722909339626,-0.010216479280426577,-0.00814485679142745,-0.03278531889643578,0.017172829505660642,0.0162807918385205,0.017776119894706954,0.5837438619069621,4.219461852817268
TC_PUN1,other,1.1358612359927533,11.355408058288704,4.406530228812991,1.4427549716823038,0.02200899147822586,0.2884654096490639,15,7,7.378582930756844,0.035775847866951684,0.01820722909339626,-0.010216479280426577,-0.00814485679142745,-0.03278531889643578,0.017172829505660642,0.0162807918385205,0.017776119894706954,0.5837438619069621,4.219461852817268
TC_PUN2,other,1.1358612359927533,11.355408058288704,4.406530228812991,1.4427549716823038,0.02200899147822586,0.2884654096490639,15,7,7.378582930756844,0.035775847866951684,0.01820722909339626,-0.010216479280426577,-0.008144856791427449,-0.03278531889643578,0.01717282950566064,0.0162807918385205,0.017776119894706954,0.5837438619069621,4.219461852817268
TC_TCHP1,other,1.135861235992753,11.355407105082014,4.406526202777964,1.4427553433057327,0.02200899147822586,0.2884654096490639,15,7,7.378566827697263,0.03577581238605387,0.01820720942841156,-0.010216505956142683,-0.008144899113007288,-0.03278536241460326,0.01717278511369641,0.016281062511494113,0.017776124985094455,0.5837432541981327,4.219463697020817
TEN_CC1,thermal,1.1646447024089113,20.718430670783253,3.7483915990069114,19.462930351636874,0.011138696906663088,0.3726766422867879,19,13,4.193011272141707,-0.019369402294898842,0.04568845714318307,-0.012727920463161436,0.02994743344958244,0.022557488195025916,-0.026569517434520375,-0.05334347691108982,-0.0015056791323002521,0.6509870782312481,2.629165949638876
TEN_CT1_STG,thermal,1.1646433603972355,20.718430765336304,3.748392941018587,19.46293027854091,0.011138696906663088,0.3726766422867879,19,13,4.193011272141707,-0.019369398981077413,0.045688464567937404,-0.01272789880132468,0.02994742236429981,0.022557474571923537,-0.026569543756234666,-0.053343481327723825,-0.0015056746178633686,0.6509870689233739,2.629166044708335
TGCCS_ALL,wind,0.12065959873850897,6.122361536054553,2.9747091189693347,4.19467044569201,0.005971951955982017,0.3516741595651882,10,21,1.6566505636070854,0.0028025720214030817,0.04821783653898374,-0.0068307689663966,0.07248303618859578,-0.008497003647065507,-0.04065604842178951,0.004599017904222552,-0.00042149437019059385,0.8263948708547171,1.7153513748435625
TGCCS_CC1,thermal,0.12065825672683343,6.12236196147236,2.9747104609810107,4.194670161246045,0.005971951955982017,0.3516741595651882,10,21,1.6566505636070854,0.00280257740964772,0.048217845092504666,-0.006830769525069905,0.0724830299770211,-0.008496992927529519,-0.04065604121255964,0.004598999050955603,-0.00042143839433333465,0.8263949168431683,1.7153514023766951
TGS_GT01,thermal,-0.48741595651882164,11.119200106926872,3.3728604978863315,-16.902767979011415,0.00925988056096088,0.2936992551835201,15,19,2.7435104669887282,0.0412254608091849,-0.010577143269746252,0.00848135559032218,0.022589955092806077,-0.012698013522743369,0.0417322516711677,0.0042416001182765594,0.034700113501620646,0.7265493441829736,2.4760492277743174
TGW_T1_T2,other,-10.885661947258942,34.28908392646604,13.205130510635442,-16.09882516324656,0.16157820573038986,0.5564651412467289,9,19,27.677181964573265,0.022406874226609592,-0.05929138532381651,-0.017492978983236332,0.0229583166260089,0.015721662242885223,-0.033190277987548415,-0.0239923766735672,-0.008910482796348946,0.8660315760519477,6.540138384977137
THW_1_CCU,thermal,1.321990203314769,7.866158131549448,3.460971616453063,-6.678562829516858,0.012011004495739113,0.2325035227806482,15,5,6.74098228663446,0.0416607638812794,0.032312858070269096,-0.012804276952871192,-0.01923590550763515,-0.03511585503500663,0.007251110190667643,-0.010915275186140078,0.0038839203301550902,0.8758965333110361,1.765181287203618
THW_2_CCU,thermal,1.321943903911964,7.86614988226638,3.4609964436690595,-6.678579749049114,0.012011004495739113,0.23257062336442327,15,5,6.741610305958131,0.04166081049145086,0.032312565191000106,-0.01280674962698402,-0.019231875418800816,-0.03511928659812776,0.007250951929729269,-0.010922774316813046,0.0038770147963627906,0.8759039961665482,1.7651242866580164
THW_CC1,thermal,1.3097289136415486,7.867732434202879,3.4638522445145274,-6.671952218982987,0.012011004495739113,0.2331074280346239,15,5,6.69780998389694,0.041436704139396555,0.032593647862688285,-0.012958651390471396,-0.01870000423387037,-0.034970558762159994,0.007118877685773278,-0.011289264739151691,0.00379145086710921,0.870837326247005,1.8018620319552938
THW_CC2,thermal,1.2914198483526809,7.876845789681137,3.4780265718311747,-6.6422707669512535,0.012011004495739113,0.23921358115815608,15,5,6.6726086956521735,0.04131345005620533,0.03266712431371533,-0.01306093023935274,-0.018229947723760156,-0.03586003028360904,0.007540820887607825,-0.011306172437408345,0.0029604890639399295,0.8706301056483611,1.8087011916803506
THW_THWGT5X,other,1.4799060591827147,8.049867756330473,3.5805609608803595,-5.247642526153341,0.01335301617124069,0.233174528618399,15,5,7.023607085346216,0.04081862860710906,0.03203445190471727,-0.013292474088764474,-0.020622665028718762,-0.035756550244036296,0.008503623666646991,-0.011362475331870469,0.001486649666293246,0.8574227703933929,2.000522340638945
THW_THWGT_1,other,1.5177964168288265,8.00969916264267,3.6402415621015902,-6.028289252916364,0.013420116755015768,0.2305576058511709,15,5,7.17389694041868,0.04116227979448575,0.032062623756047286,-0.014406672809017388,-0.019221172839697896,-0.03633144461112973,0.005358825045708707,-0.011410155886021336,0.0034337748432999625,0.8668673190466147,1.9246770528731885
TIMPP_RN1,other,2.4214179865406837,7.573624913593329,3.449882400924478,6.5442598206740366,0.015433134268268135,0.13735489498758638,16,4,5.845285481239804,,,,,,,,,,
TIMPP_RN2,other,2.4214179865406837,7.573624913593329,3.449882400924478,6.5442598206740366,0.015433134268268135,0.13735489498758638,16,4,5.845285481239804,,,,,,,,,,
TI_SOLAR_ALL,solar,9.47140844125344,20.298339312141174,13.645270079849695,4.150859484689934,0.16949607461584915,0.25068778098369454,2,15,25.220300651146335,-0.03504167897095932,-0.020103548154437146,0.051532530888063734,0.0023626085047454915,-0.0509324718043294,-0.025786387148672492,-0.03851459123861114,0.03973090309025216,0.9213722200200563,4.820698762375939
TKWSW_CHAMP,other,-2.8252647118029928,10.415233573920608,5.594127356908005,6.705487031621789,0.02100248272159968,0.5111051466147756,19,15,5.1442834138486315,-0.04459013467358976,-0.00786083287760819,-0.03329022524918244,-0.015672349027420672,0.013318537047087724,0.012283076900526324,0.008811273315182088,-0.026678694071103664,0.8270252961282591,3.1069350927712884
TKWSW_ROSCOE,other,-2.8252647118029928,10.415233573920608,5.594127356908005,6.705487031621789,0.02100248272159968,0.5111051466147756,19,15,5.1442834138486315,-0.04459013467358976,-0.00786083287760819,-0.03329022524918244,-0.015672349027420672,0.013318537047087724,0.012283076900526324,0.008811273315182088,-0.026678694071103664,0.8270252961282591,3.1069350927712884
TNP_TNP_O_1,other,-0.7176662416963028,4.900709905544705,2.648311078306381,-0.34903017252400315,0.004697040864255519,0.3665033885794806,19,15,5.564541062801932,0.00296929463729745,0.02156187792794721,0.01533099686969084,0.07211406787835677,-0.01595665598493234,0.06319936153290077,-0.05907217036698687,-0.06072021250738264,0.7469295558181053,2.083696761349741
TNP_TNP_O_2,other,-0.7048446621485608,4.847400710988493,2.636993893846876,-0.18001497765312607,0.004495739112930283,0.36643628799570555,19,15,5.534702093397746,0.003003730268357414,0.021643892000817948,0.01533142054671347,0.07216199102596768,-0.015979286178829127,0.0633613397312764,-0.05926822566274496,-0.06080568302869341,0.7493808542311857,2.0682259509675296
TNSKA_CC1,thermal,-0.18071730524055563,6.897081750158334,3.311429242434409,6.408364078176298,0.0073810642152586725,0.40770314701737903,19,15,6.5799677938808365,-0.00881573840406476,0.04050083511541445,0.010355859686495493,0.07741154473102652,0.013117321005760093,-0.02176013857803079,0.0158035199442089,0.00913681896424778,0.7731734715759406,2.2366566196282633
TNSKA_CCU,thermal,-0.1807159632288801,6.897081728892905,3.311429242434409,6.408364180365567,0.0073810642152586725,0.40770314701737903,19,15,6.5799677938808365,-0.008815725188320314,0.040500854653913544,0.010355852382440299,0.07741151808223018,0.013117279657907604,-0.021760267074112594,0.015803558227084832,0.009136757916485796,0.7731734518593956,2.2366567239673953
TNS_SLR_ALL,solar,-0.7578024558813663,5.743474442064733,2.89928403677112,2.732411360760847,0.005770650204656781,0.38649936254445416,19,15,6.673880837359098,-0.005441151792674668,0.02140680645775347,0.020301806932690673,0.07807811549995321,-0.007727040113132974,0.05921143560857318,-0.06755122745544917,-0.06354854252794195,0.8339919848804451,1.7815584356964778
TOPAZ_ALL,wind,2.485363349661142,11.01694972719775,5.072600818627122,-3.661537388386457,0.03697242166006844,0.24330671676843588,15,7,12.669677938808373,0.04314442521824897,0.02825224770650808,-0.013295970845773723,-0.03331667567656694,-0.030449187187508997,-0.0076448384959804305,-0.023456219692073538,0.001367134056290493,0.9261172469140068,2.1601153108384588
TORR_ALL,wind,-11.10974971482252,31.606963800947888,13.639146480574382,-13.033173109468992,0.17432731664765483,0.5378111789572569,13,19,28.274975845410626,0.023810149879542164,-0.05141443530958974,-0.027327987334206078,0.005714850329195001,0.030002593679338756,-0.059561667819397895,-0.029536468911745203,-0.026065403336487478,0.8741751056984428,6.771040594494114
TORT_ESS_RN,storage,1.0819861772797423,10.199495855345226,4.191680869623566,-6.828972533109927,0.024022008991478227,0.2714218613701939,15,7,7.708309178743962,0.04197336654674956,0.013137936658098034,-0.004988428004729988,-0.011050178415004674,-0.02097703676607175,0.01858312537588181,0.009681377043506004,0.029418334074687982,0.6929310831932731,3.6046834014929714
TOYAH_RN,other,8.814635979333021,19.298596130001965,13.030958867342147,4.190342702182843,0.15647856136348387,0.260417365631081,3,15,24.101739130434783,-0.038004937129839704,-0.020802358472832298,0.04731234411624029,0.0013321266211673436,-0.05116462784750875,-0.025618039014452584,-0.03642234648005689,0.04361988000451201,0.9689701803293215,2.861848859105238
TRBT_SLR_RN,solar,7.1493632154599736,18.514820681051457,12.005730389854392,4.5048683961280025,0.1240018788163457,0.27229416895926994,4,14,22.520193236714977,-0.04111598776459423,-0.019809612249132455,0.03825131748515558,-0.0014332280870352234,-0.04735400933367661,-0.02441616744613411,-0.032001196878136066,0.04114512891884896,0.9514353607239933,3.406884816990365
TREB_SOLAR1,solar,-2.5515969938938468,25.642470833908074,5.9364631282292155,-23.16681177026377,0.02784674226665772,0.3907266993222841,9,19,9.938985507246377,0.03547137445786497,-0.04969627189233011,0.006892944458190223,0.029342481276372186,0.007648472213939626,-0.00025995199062493486,-0.02322835008870437,0.017013817360534363,0.9167556735647175,2.3641803300481175
TRENT_TRENT,other,1.8868026571831176,18.238654864896397,8.255800845467355,6.072540732134883,0.053814668187613234,0.3121519157216668,18,11,7.923059581320451,-0.03594231900556735,0.00710503062914032,-0.010244761673925247,-0.033212273671595405,-0.005112753573315502,-0.021177136519815943,-0.02742650279403378,-0.0138331017548334,0.5732301109475728,8.73228843346573
TRINITY_ALL,wind,-3.9046829497416624,9.664288773526838,5.46605314366235,3.9001472871363942,0.02959135744480977,0.582097564248809,7,16,4.403462157809984,-0.04259447180032133,-0.010095039116170745,-0.055017530786031374,-0.0161028871616086,0.01731276724830005,0.02469715429680826,-0.009419484354100319,0.0033054706089891955,0.9419026422176233,1.7498602580282938
TRIPBUT1_RN,other,8.883737502516272,19.598514691811683,13.423121519157217,3.6222835159854667,0.16419512849761794,0.27450848822384755,3,15,25.201417069243156,-0.038044442182518415,-0.021864999583410875,0.043855635054750146,0.0012457857620735153,-0.052377032494820334,-0.02741022709929908,-0.03641869911929759,0.04540823969294372,0.9639791030471708,3.194179580315325
TRSES_UNIT6,thermal,0.5121176944239414,6.4990358790958425,2.9782922901429245,3.8757820565588017,0.007850768301684226,0.31980138227202576,19,4,1.8884863123993556,0.003811213881643934,0.05006074353752593,-0.001956282826902375,0.06624053398930799,-0.007668747916045535,-0.02943746621030349,-0.007705566589594256,-0.015100851168927704,0.7699754345420246,2.0339223483413673
TRUENO_ALL,wind,-9.794023351003153,34.64761925241636,12.192922901429244,-18.3983349085224,0.1360128833120848,0.5537140173119506,9,19,22.653574879227055,0.024796031648943936,-0.05747854561290696,-0.016885804936194872,0.022224888684267398,0.025030051588456444,-0.03525727524323781,-0.02054688887239001,-0.003779939177750885,0.8873665616001386,5.50290964664143
TRUSGILL_RN,other,-4.9867335435818285,10.077804336703812,6.475260685767966,4.316196056577329,0.033013487217338794,0.6430248943165806,7,16,4.4146376811594195,-0.038874240314115086,-0.006476422261096071,-0.06376401218443685,-0.005935113180132232,0.022651329439786407,0.031187814693673016,-0.017771512499222125,0.03802177687194525,0.9479858096257636,1.754634720729804
TTRSW_RN,other,0.2960397235455949,6.782721207838059,3.252834999664497,6.576047522356543,0.006642957793732806,0.36643628799570555,19,14,4.908695652173913,-0.007154380279474465,0.04414997579228733,0.007114108064321815,0.07263644832453532,0.021458073444717323,-0.04556268602686567,0.03261433929049054,0.031262932457299344,0.8528833764763735,1.8194448882006757
TTWEC_G1,thermal,-0.5173824062269342,13.673660490461435,6.546278601623834,6.183532931861013,0.03871703683822049,0.4112594779574582,19,0,4.5560225442834135,-0.037497183655235904,0.004318583859072842,-0.020571593631484208,-0.027796066205516726,0.0006142229202773745,-0.0035484054703204533,-0.010326059564558988,-0.0416609358141607,0.6067884303122101,6.2266146432682525
TUL_SLR_ALL,solar,-1.276039052539757,16.542646302330844,4.551249412869892,-20.403275187253115,0.018050057035496208,0.3232235120445548,14,19,7.291336553945249,0.0369588309738968,-0.04482310180691386,0.01764090628921957,0.016715143392305377,0.023590316047048247,-0.005639022241211351,-0.027955928895695845,0.004849713498120456,0.8863300264998265,2.155586388163411
TURQ_BESS1,storage,1.0224565523720057,6.496926954755609,3.158141984835268,6.796651257718085,0.006710058377507884,0.30980339528953904,19,3,2.924219001610306,-0.0010437275854704331,0.05669307098434373,0.0007686212660529332,0.061465029376291724,0.012904347818354171,-0.059926184166925106,0.027826986942360656,0.019599914697781932,0.9421531382476419,1.0964117123088422
TV_RN,other,1.1713822720257667,8.913419175536326,3.6960269744346776,-6.719949786638383,0.013688519090116084,0.25384150842112324,15,7,7.237826086956522,0.0419254210528715,0.025359315718216046,-0.010636221910743468,-0.015450631149274611,-0.03241835697276261,0.009787452158845982,0.0037118277137293786,0.01708108398949551,0.7984665159684056,2.379996456491823
TXCTY_CC1,thermal,2.502630342883983,11.051677036212523,5.09424545393545,-3.569675765088667,0.037375025162718914,0.2444474266926122,15,7,12.735909822866345,0.04290897941771489,0.028455573213838403,-0.013342219294018158,-0.03348941396172639,-0.0305067361666115,-0.008410011773406455,-0.024069770342536025,0.0007013771767588301,0.9231177860344392,2.2226840760136897
TXCTY_CTA,other,2.5155767295175466,11.050800061090749,5.097976246393345,-3.5736687140906285,0.037375025162718914,0.24330671676843588,15,7,12.773800322061192,0.04298819415247174,0.028431878164965712,-0.0135122803966233,-0.03369054029380882,-0.030666593205662097,-0.008122965686970319,-0.02384140941236455,0.0007863092102132862,0.9267778160685022,2.1687081924737526
TXCTY_CTB,other,2.5155767295175466,11.050800061090749,5.097976246393345,-3.5736687140906285,0.037375025162718914,0.24330671676843588,15,7,12.773800322061192,0.04298819415247174,0.028431878164965712,-0.0135122803966233,-0.03369054029380882,-0.030666593205662097,-0.008122965686970319,-0.02384140941236455,0.0007863092102132862,0.9267778160685022,2.1687081924737526
TXCTY_CTC,other,2.5155767295175466,11.050800061090749,5.097976246393345,-3.5736687140906285,0.037375025162718914,0.24330671676843588,15,7,12.773800322061192,0.04298819415247174,0.028431878164965712,-0.0135122803966233,-0.03369054029380882,-0.030666593205662097,-0.008122965686970319,-0.02384140941236455,0.0007863092102132862,0.9267778160685022,2.1687081924737526
TXCTY_ST,other,2.5155767295175466,11.050800061090749,5.097976246393345,-3.5736687140906285,0.037375025162718914,0.24330671676843588,15,7,12.773800322061192,0.04298819415247174,0.028431878164965712,-0.0135122803966233,-0.03369054029380882,-0.030666593205662097,-0.008122965686970319,-0.02384140941236455,0.0007863092102132862,0.9267778160685022,2.1687081924737526
TYLRWIND_RN,wind,-3.9808078910286517,16.11857422625951,7.494119304837951,-0.3319412789038904,0.08427833322149902,0.483392605515668,18,0,7.782190016103059,-0.01863439445233914,0.014072873211813315,-0.04077460958359566,-0.025650349458119087,0.0246337405675993,0.02480542500978198,-0.09761250897331623,0.022557634342981542,0.5799866595275767,8.959516290104249
TYNAN_RN,other,-1.9725330470375089,21.072756152848893,5.599549084077031,-19.540127445592134,0.025565322418305038,0.3568409045158693,9,19,10.143140096618357,0.037272162876854385,-0.04449936565369536,0.0076592837212120495,0.018145616667857134,0.012850238894547535,-0.011754486141543247,-0.029956624680439796,-0.0006754690556176589,0.8562699610422176,2.97392602557152
T_CK_GT2_RN,thermal,1.0815849157887671,20.29191870161518,10.467331409783267,4.118350489552578,0.09501442662551164,0.4605784070321412,20,15,12.924057971014491,-0.0311729584374889,-0.00205750793494057,0.0022016600387159756,-0.020346285893520284,0.01007734040419392,-0.013633762754094005,-0.005058687134019897,-0.07947548469633907,0.47969167216309005,12.636123960004728
T_CK_GT3_RN,thermal,1.0815849157887671,20.29191870161518,10.467331409783267,4.118350489552578,0.09501442662551164,0.4605784070321412,20,15,12.924057971014491,-0.0311729584374889,-0.00205750793494057,0.0022016600387159756,-0.020346285893520284,0.01007734040419392,-0.013633762754094005,-0.005058687134019897,-0.07947548469633907,0.47969167216309005,12.636123960004728
UCC_COG_PUN2,other,2.516691270214051,11.051142220590432,5.097931289002214,-3.5726830110627192,0.037375025162718914,0.2432396161846608,15,7,12.775056360708534,0.0429867706084803,0.02843459614126617,-0.013516938669214626,-0.03369318034157721,-0.030670706389744874,-0.008127391294518229,-0.023856955497847533,0.0007767530902074266,0.9268145366827277,2.168468849038585
UCC_UCC_C_2,other,2.516691941219888,11.05114208386252,5.097930617996377,-3.5726835630775873,0.037375025162718914,0.2432396161846608,15,7,12.775056360708534,0.042986749983629426,0.028434647814975997,-0.013516972307117445,-0.03369316568424384,-0.030670762346745605,-0.008127468916636784,-0.02385693570360251,0.0007767614227708114,0.9268146177916158,2.16846759137639
VANCOURT_RN,other,-6.9712232436422195,42.89385092482922,13.32193652284775,11.152703921931343,0.14413205394886935,0.534389049184728,6,19,24.557246376811595,0.020766238167914296,-0.05121110325995548,-0.014498157806319755,0.020098741031270677,0.030542952705093926,-0.0457550601193502,-0.03834034405382966,0.0014921381615070539,0.7646161060629388,8.147589208577452
VENADO_ALL,wind,-4.937014024022009,29.454009657139032,9.6278937126753,-17.928032562110374,0.09078708984768168,0.4247466952962491,15,20,21.049130434782608,0.03085906834447202,-0.04014334655662505,-0.024064336874871167,-0.0023262541014574304,0.027825588741714848,-0.05132589737525226,-0.015042935317176388,-0.0255679771450214,0.7747561731800041,6.594518110705515
VERAWIND_ALL,wind,-4.9867335435818285,10.077804336703812,6.475260685767966,4.316196056577329,0.033013487217338794,0.6430248943165806,7,16,4.4146376811594195,-0.038874240314115086,-0.006476422261096071,-0.06376401218443685,-0.005935113180132232,0.022651329439786407,0.031187814693673016,-0.017771512499222125,0.03802177687194525,0.9479858096257636,1.754634720729804
VERTIGO_UN1,other,-4.9793531503724076,11.263616589457255,6.503285244581627,2.466300354256411,0.04609810105347917,0.6109508152720928,7,16,4.169210950080515,-0.03704212076116227,-0.009573764828152634,-0.05586543270095085,-0.01364084231064755,0.024884106558161284,0.0141958136617663,0.000497894811885306,0.009640202999210121,0.7956617954484735,4.063312797529169
VICTORIA_CC1,thermal,-2.9298953230893106,25.205841836606744,5.989728913641549,-21.31907428384333,0.03086626853653627,0.3875729718848554,8,19,11.779452495974235,0.034982993216077604,-0.05048270940278746,0.0020765705506000224,0.02600250015604536,0.003362646077706024,-0.004646826107531609,-0.021239470493904157,0.014202591156499111,0.8955336954078473,2.8265108613141487
VICTPORT_RN,other,-2.7083419445749177,24.484400183599647,6.069674562168691,-21.05543418313606,0.03066496678521103,0.385559954371603,8,19,11.965314009661835,0.035746366217865255,-0.0502435250054025,0.0041774258192615946,0.026875402969923915,0.005058578260258563,-0.004040755437996276,-0.024118515566172134,0.01396501351476207,0.9176088341611923,2.512468976676395
VIC_VICTORG5,other,-2.89749983224854,25.22999909761045,6.055034556800644,-21.261335142622578,0.031000469704086424,0.38616385962557875,8,19,11.82061191626409,0.03590864194255934,-0.050397226664923404,0.0030843291289741935,0.026702829737220872,0.004047052869870639,-0.004960826995720722,-0.02290494739276092,0.013794724474051024,0.921341081437846,2.47283465815397
VIC_VICTORG6,other,-2.8974823860967587,25.22999739896512,6.055021136683888,-21.261342032286063,0.031000469704086424,0.38616385962557875,8,19,11.820660225442834,0.03590862311246222,-0.05039722841615885,0.0030843653745605856,0.02670294602245512,0.004046981341557007,-0.004960767016673058,-0.022904976362136727,0.013795107896999049,0.9213412718435102,2.472832134847089
VISION_RN,other,0.29488559350466337,5.373120715498723,2.433897872911494,8.425829672463491,0.004361537945380124,0.3175199624236731,19,15,1.9824476650563607,0.0021146321754305407,0.054023024780982844,-0.0036264921082539677,0.07271174401457423,-0.0038702395958909335,-0.018938252053898784,-0.017527933786505266,-0.011049647435635196,0.8852042117732427,1.1078101701982688
VLSES_UNIT3,thermal,0.41693752935650535,6.5509592509053105,2.9627954103200693,8.480606245765493,0.006240354291082333,0.3578474132724955,19,14,3.734492753623188,-0.00805461443135944,0.05324771585976362,-0.0034836041529466197,0.06682354782275546,0.019181522190307568,-0.05015277516412601,0.023188678401234675,0.029933084201091358,0.9355213561048628,1.0772999115893713
VORT_ALL_RN,other,-4.308841843924043,9.466099367955593,5.809669865127828,4.6930895911266965,0.02449171307790378,0.6210159028383547,7,16,4.571320450885668,-0.0416082106925791,-0.007068332462701259,-0.05749429929107365,-0.005041808206313057,0.015154159381860537,0.023001401752224822,-0.00449371724712538,0.018077046380526093,0.9081504231964734,2.141195084836474
WAKEWE_ALL,wind,-5.729361202442461,10.75174030888731,7.278986110179158,4.206136842181137,0.04462188821042743,0.6736227605180165,8,21,4.874202898550726,-0.03480141805843467,-0.004121168898977245,-0.06721479243365958,6.184823513892617e-05,0.025270870115234264,0.026183524277157727,-0.012656797472584668,0.060252437855481566,0.9064679482676711,2.5682981831729204
WAP_WAPGT_1,other,0.9175877340132857,8.47764283563064,3.43917667583708,-9.494631700319808,0.010870294571562772,0.24894316580554252,15,7,6.4788566827697265,0.04495347512868264,0.023873290672383817,-0.00852480160619053,-0.012725303954410017,-0.031681889058101556,0.014356170831635245,0.0028192776203686473,0.0182124101626008,0.8690623359665636,1.7458899370464618
WAP_WAP_G1,thermal,0.9177736026303428,8.477766651712871,3.4394189089445075,-9.49425082591279,0.010870294571562772,0.24894316580554252,15,7,6.4795169082125605,0.044953445145375644,0.023867976335733888,-0.00851910297970346,-0.012739671185058506,-0.03167362321275489,0.01436866599442199,0.0028178332527894557,0.01821906320969251,0.8690255278475804,1.7462105876343816
WAP_WAP_G2,thermal,0.9171354760786418,8.477146478346661,3.4389525598872703,-9.496450712177666,0.010870294571562772,0.24894316580554252,15,7,6.476827697262481,0.044949982741302824,0.023871056696244813,-0.00851434771355321,-0.012710997593982764,-0.03166185295847066,0.014344617329950392,0.0028067934060132583,0.01820740480294897,0.8688118250385689,1.74725179276252
WAP_WAP_G3,thermal,0.9702838354693686,8.322083287185501,3.4089324297121384,-9.195737748194652,0.010803193987787695,0.24525263369791317,15,6,6.453719806763285,0.04437421666590931,0.025560868383811372,-0.008777627703212415,-0.01320677504682343,-0.03135382783925816,0.012310422105385377,0.0010974323219672746,0.017239695312178758,0.8626256499571272,1.7771342920420485
WAP_WAP_G4,thermal,0.967560222773938,8.314877701350209,3.4065161376903976,-9.229754899802021,0.010736093404012615,0.24552103603301348,15,6,6.445442834138486,0.044395117683402145,0.02554690653547368,-0.008782963332774549,-0.01319063222448294,-0.03133825488374319,0.012300966703627915,0.0010633922037064333,0.017278352435261775,0.8630808865769477,1.7734134010048508
WAP_WAP_G5,thermal,0.9171099778568073,8.47616930435838,3.4382453197342815,-9.500179130886814,0.010870294571562772,0.24894316580554252,15,7,6.4777133655394525,0.04494368232431132,0.023860949922871535,-0.00851801222364911,-0.01271531586257594,-0.0316284015434019,0.014323088696924136,0.0028015418493925874,0.01819960258938805,0.8684122653141775,1.7495746965708014
WAP_WAP_G6,thermal,0.15410252969200827,9.33443277485284,3.4307622626316854,-9.94343652732413,0.012547809165939743,0.29423605985372075,16,7,5.547568438003221,0.0402401087754916,0.011301075437346065,-0.008319215536535111,-0.005130753446988451,-0.029886521687125536,0.025779573560159898,0.02578509328516966,0.036195309635714774,0.6865839971936829,2.8694768572120735
WAP_WAP_G7,thermal,0.08310742803462379,9.291655701871639,3.404633295309669,-10.09015165910645,0.012346507414614507,0.2999396094746024,16,7,5.271884057971015,0.04008815553809077,0.01088295487808423,-0.0079650984909353,-0.0036193503277512566,-0.028371058325924577,0.02600666805213743,0.02753835061309987,0.03955691311015524,0.6809551453505128,2.856314294013472
WAP_WAP_G8,thermal,-0.5242508219821512,11.145424733267461,3.841909011608401,-15.823432666562466,0.015835737770918606,0.3236261155472053,12,7,4.727407407407408,0.03786144226266294,0.0018765072457726643,-0.004018519824199754,0.0020763947853980067,-0.024927766875306616,0.037559102847191314,0.038525188484972904,0.03295158219545774,0.6173264760129503,3.66659425713977
WAYMARK_RN,other,7.105582097564249,18.505526864751193,11.95886935516339,4.642111181128703,0.12346507414614508,0.27189156545661947,4,14,22.404669887278583,-0.04110459251578371,-0.01982649829932516,0.03854803053759061,-0.001361399151781418,-0.047205955875792356,-0.02427167929207928,-0.032229553258226455,0.04124869679375066,0.9525098471547566,3.348293022311195
WCPP_CC1,thermal,-2.5172596121586257,8.511218185085632,4.099910085217742,2.8255439703605103,0.018050057035496208,0.5210360330134872,8,16,3.290016103059582,-0.03343822751233001,0.004443557908448142,-0.05316545258371142,-0.0018883246859796043,0.008495911115888025,0.018331835751914903,-0.0370563315084282,-0.005611210064561015,0.6591029679290759,3.3062833603210247
WCPP_CT1,thermal,-2.517256928135275,8.511218199989587,4.099910085217742,2.8255432757599257,0.018050057035496208,0.5210360330134872,8,16,3.290016103059582,-0.03343823988377404,0.004443573790694744,-0.05316540368539541,-0.0018883784977815387,0.008495947880560701,0.018331923031074046,-0.037056216662207875,-0.005611155335621482,0.659102823039573,3.3062841064526545
WCPP_CT2,thermal,-2.517256928135275,8.511218199989587,4.099910085217742,2.8255432757599257,0.018050057035496208,0.5210360330134872,8,16,3.290016103059582,-0.03343823988377404,0.004443573790694744,-0.05316540368539541,-0.0018883784977815387,0.008495947880560701,0.018331923031074046,-0.037056216662207875,-0.005611155335621482,0.659102823039573,3.3062841064526545
WCPP_ST1,thermal,-2.517256928135275,8.511218199989587,4.099910085217742,2.8255432757599257,0.018050057035496208,0.5210360330134872,8,16,3.290016103059582,-0.03343823988377404,0.004443573790694744,-0.05316540368539541,-0.0018883784977815387,0.008495947880560701,0.018331923031074046,-0.037056216662207875,-0.005611155335621482,0.659102823039573,3.3062841064526545
WEBBER_WS_T1,other,2.1704663490572367,7.6430103772720726,3.3199865798832446,7.923320987601222,0.013017513252365295,0.1478225860564987,16,4,5.350289855072464,0.018178167680890343,0.019772495378242883,0.05995567891047249,-0.030678978319315098,0.07153103213757198,0.004873024103860393,-0.03441177620204957,0.014101014378782277,0.8480115857763306,2.0300122713108273
WEC_WECG1,other,-0.0286143729450449,15.388139055778423,6.812924914446755,9.037704579983457,0.035697510568341945,0.3707307253573106,19,0,4.435668276972624,-0.03947842157023824,0.0056893864512680675,-0.03107704171818668,-0.02586025168629502,0.006952480045951694,-0.004627382704183887,-0.024170438262509947,-0.0002743579716081957,0.681631253515685,5.793597323146707
WES_ALL,wind,-0.031205126484600366,8.872037580084697,2.9643098704958732,-14.586587825717176,0.0073810642152586725,0.2673958263436892,15,7,3.764428341384863,0.04816387033971242,0.0009029024617595945,0.008901273315238238,0.010759899413376985,-0.010386697632520309,0.041840865412334144,0.016609296946271966,0.04551963250562503,0.9089178816325258,1.2232460185720269
WFCOGEN_13,other,-4.315164731933168,10.047767361985514,5.909304166946254,4.466029969345653,0.03247668254713816,0.6019593370462323,7,16,4.0629307568438,-0.040827818707644944,-0.006962111841699542,-0.059032936920844534,-0.015330731878890688,0.020460498148803522,0.02673302427729976,-0.01634024854365412,0.017946992664565776,0.9368554026651208,1.8965085434492472
WFCOGEN_24,other,-4.315164731933168,10.047767361985514,5.909304166946254,4.466029969345653,0.03247668254713816,0.6019593370462323,7,16,4.0629307568438,-0.040827818707644944,-0.006962111841699542,-0.059032936920844534,-0.015330731878890688,0.020460498148803522,0.02673302427729976,-0.01634024854365412,0.017946992664565776,0.9368554026651208,1.8965085434492472
WFCOGEN_CC1,thermal,-4.31516406092733,10.047764291840519,5.90930215392874,4.4660344432918375,0.03247668254713816,0.6019593370462323,7,16,4.0629307568438,-0.04082782482530212,-0.006962090978697057,-0.05903291234942835,-0.015330735180415058,0.020460571825458858,0.02673298368849941,-0.016340211793175536,0.01794711327175391,0.9368554421347786,1.8965069293275338
WFTANK_ESS1,storage,-10.189448433201369,31.29324856088983,12.855460645507616,-13.21237862584265,0.1538616385962558,0.5263369791317184,13,19,29.391900161030595,0.02751196283843942,-0.0475087966353163,-0.027886313439188314,0.006877834184146646,0.02852571584027203,-0.061602427197201666,-0.031051269528838348,-0.027631800706402185,0.8862681583781895,6.287213769441669
WGU_RN,other,0.2702536402066699,8.786847808298672,3.063170502583372,-13.311682486084079,0.008655975306985171,0.2557203247668255,15,7,4.637342995169082,0.04840440201574848,0.009033455607188658,0.0014445999994246066,0.0016193738042487144,-0.02126175805093426,0.0329945745613269,0.011023446086310021,0.030633941020902503,0.8919968204458555,1.3733189113814643
WHCCS2_4,other,-0.7936824800375764,5.655703423771004,2.6576320203985775,7.2641575016668165,0.0065087566261826475,0.43662349862443806,9,16,1.8817391304347826,-0.025961180692802736,0.03167244032645117,-0.03488182111185407,0.03699843154682724,0.009840239143080963,-0.003025949037327555,-0.03757799560733875,-0.007142726825927499,0.6274792776199999,2.121651512836944
WHCCS2_5_6,other,-0.7936824800375764,5.655703423771004,2.6576320203985775,7.2641575016668165,0.0065087566261826475,0.43662349862443806,9,16,1.8817391304347826,-0.025961180692802736,0.031672440326451175,-0.034881821111854075,0.03699843154682724,0.009840239143080966,-0.003025949037327517,-0.03757799560733872,-0.007142726825927495,0.6274792776199999,2.121651512836944
WHCCS2_CC2,thermal,-0.7936824800375764,5.655703423771004,2.6576320203985775,7.2641575016668165,0.0065087566261826475,0.43662349862443806,9,16,1.8817391304347826,-0.025961180692802736,0.03167244032645117,-0.03488182111185407,0.03699843154682724,0.009840239143080963,-0.003025949037327555,-0.037577995607338745,-0.007142726825927494,0.6274792776199998,2.121651512836944
WHCCS_CC1,thermal,-0.9928423807287123,5.920167410069588,2.7580789102865197,5.741140379161851,0.008655975306985171,0.4427967523317453,8,16,2.0130434782608697,-0.027307684125193587,0.028572564413508982,-0.04005179111741467,0.03471550071138694,0.006126904194155363,0.0005234767115642859,-0.03420957893884941,-0.014317677123293172,0.6357613711149503,2.191594735497981
WHCCS_CT1_ST,thermal,-0.9928443937462257,5.920162192167503,2.7580795812923573,5.741132695126917,0.008655975306985171,0.4427967523317453,8,16,2.0130434782608697,-0.027307681869982947,0.028572568169842112,-0.04005181967401292,0.034715483384290736,0.006126950419474794,0.0005234210779986113,-0.034209504688645635,-0.014317717183004019,0.6357614127912137,2.1915949662556136
WHCCS_CT2,thermal,-0.9928443937462257,5.920162192167503,2.7580795812923573,5.741132695126917,0.008655975306985171,0.4427967523317453,8,16,2.0130434782608697,-0.027307681869982947,0.02857256816984211,-0.04005181967401291,0.03471548338429073,0.0061269504194747925,0.0005234210779986083,-0.034209504688645635,-0.014317717183004026,0.6357614127912137,2.1915949662556136
WHITE_PT_UN1,other,-4.794040126149097,30.40250694823292,7.6335140575723015,-21.029579579308194,0.045158692880628064,0.4611823122861169,9,19,15.872173913043477,0.034279042260005596,-0.05501465466238913,-0.009302293082132701,0.02299039668895237,0.011462805744486212,-0.020265002099988445,-0.022434386232451402,-0.00014459465622450115,0.9686466918670535,1.9138883719957613
WHMESA_U1,other,0.8061021270885057,14.98637399912656,7.169765818962626,11.056359162532205,0.03214117962826277,0.3603301348721734,20,14,11.331191626409018,-0.041801625266144386,-0.017034179723417885,0.028359722692672493,-0.019806772037713676,-0.009783853518698005,-0.007783533997659669,0.008599323473744844,-0.042696188213782287,0.7783746691482063,4.556336524219829
WHTTAIL_WR1,other,-3.7517493122190158,15.713439462041615,7.34687915184862,0.06947729509596196,0.08260081862712206,0.483392605515668,18,0,7.647520128824476,-0.01840056085835734,0.015160659509459287,-0.040071098078322265,-0.024874415591517325,0.025515466601886274,0.022986717015551588,-0.09602648215966755,0.022717772105197796,0.5685536557615474,8.793749013953583
WH_WIND_ALL,wind,-3.1913406696638265,10.185821075098673,5.723734147487083,6.163137674628591,0.02127088505669999,0.5407636046433604,7,15,5.002769726247987,-0.045054476731071505,-0.007314534591542435,-0.03876236890506605,-0.011759141193482212,0.016918035815589604,0.013296742583727596,0.0043628486268759495,-0.022535541810281372,0.866627913363984,2.7109777403229365
WIG_BESS_RN,storage,1.0962967187814534,7.338594712918983,3.4241649332349193,6.108435273246027,0.01160840099308864,0.312353217472992,18,3,3.473832528180354,-0.003093288436558152,0.05594406168349185,0.004175268295950453,0.05524364824884489,0.01693325996840779,-0.058843175740056444,0.026401039924376635,0.023480301804708736,0.8831130189526759,1.7246259828869044
WILDWIND_ALL,wind,-1.5632631013889824,8.6568202012171,3.9944903710662283,3.1955339106494787,0.02328390256995236,0.4586324901026639,19,23,4.296876006441224,-0.020867902720341645,0.028608663670766987,-0.03883332343740128,0.011199460806446125,0.017634538479826097,0.019472405080236073,-0.08780806605800498,0.02681765092632607,0.6037258352756062,3.9124244217374513
WIPOPA_1_2,other,1.1658176206132993,6.547152458553853,2.9249318929074684,0.26974971321488433,0.008790176474535328,0.18123867677648794,16,4,3.684299516908212,0.031143513944744215,0.004607521318761165,0.05642963421484012,-0.016343478589795866,0.05965254558495274,0.028038204132700632,-0.018164398943188925,0.017391177379837086,0.8471168517296656,1.6995942968809739
WIPOPA_3_4,other,1.1658176206132993,6.547152458553853,2.9249318929074684,0.26974971321488433,0.008790176474535328,0.18123867677648794,16,4,3.684299516908212,0.031143513944744215,0.004607521318761165,0.05642963421484012,-0.016343478589795866,0.05965254558495274,0.028038204132700632,-0.018164398943188925,0.017391177379837086,0.8471168517296656,1.6995942968809739
WIR_WIRTZ_G1,thermal,3.6154888277528014,17.06120348887851,5.296257800442864,14.742933309070919,0.03408709655774005,0.14923169831577535,16,2,10.093642673368038,0.0025006968019650002,0.028734136785374256,0.03393443296938337,-0.04754044402470185,0.07450118644901159,-0.03287038749392085,-0.01647835430142916,0.02686286701119492,0.7523011538091828,4.2428176747024136
WIR_WIRTZ_G2,thermal,3.6156653022881295,17.061296479969148,5.296426222908139,14.74267920560204,0.03408709655774005,0.14923169831577535,16,2,10.093626570308455,0.002500776322226159,0.02873383294429613,0.03393115748686041,-0.04753997260806618,0.07449980495032024,-0.032871096096926504,-0.016476752679746135,0.02686289224087698,0.7522661036160896,4.243217016704169
WLTC_ESR_RN,storage,-4.894572904784272,31.046332606121613,7.876634234717843,-20.9748473968078,0.048916325572032474,0.4633966315506945,9,19,16.507922705314012,0.03455727461692319,-0.05464497640263101,-0.008903538428336213,0.02056008514226081,0.012320481863096757,-0.022688722671305245,-0.023539370192381528,-0.0012185360699450347,0.9656044911459535,2.065458777596047
WL_RANCH_RN,other,-0.2984003220828018,14.961398224033864,5.932196202106957,15.70856864801185,0.0231497014024022,0.38341273569080053,20,14,7.925426731078906,-0.04181833395516203,-0.01484773473011897,0.016116323693469575,-0.027091858669233908,0.014693692533037019,-0.0014883425607160484,0.028918336943636526,-0.051463127464860654,0.7811194390755283,3.7440121576660252
WNDTS2_UNIT1,thermal,-4.931510434140777,14.003634179222251,6.812384083741529,-1.084952531536727,0.055290881030664964,0.5782057303898543,7,16,4.0071819645732685,-0.03530099052170546,-0.005976121414982462,-0.052225369814562106,-0.017384373290224412,0.019652508112729904,0.019273472610606236,-0.020592589016942626,0.006575098368667226,0.719656971188604,5.190934159143728
WND_WHITNEY,other,-0.14736697309266597,9.549450924354328,3.352231765416359,11.951229734971333,0.009461182312286117,0.38878078239280683,19,15,6.642528180354267,-0.00975953193999868,0.028348354468125826,0.016047974747866674,0.06558749701124125,-0.0013634614145271097,0.04655751270007758,-0.08429866105552505,-0.045889572993876436,0.7399786317216744,2.426891127969962
WOODWRD1_RN,other,8.95573106086023,20.126816935431236,13.474292424344092,3.423031751612157,0.1576192712876602,0.2681339327652151,4,15,25.678470209339775,-0.03987030951097329,-0.020301556328124335,0.03761132859606673,-0.0009550376910338581,-0.05088426773651134,-0.027482133923106493,-0.034688225704989854,0.04725532043485191,0.9523600569723976,3.843815759181182
WOODWRD2_RN,other,8.95573106086023,20.126816935431236,13.474292424344092,3.423031751612157,0.1576192712876602,0.2681339327652151,4,15,25.678470209339775,-0.03987030951097329,-0.020301556328124335,0.03761132859606673,-0.0009550376910338581,-0.05088426773651134,-0.027482133923106493,-0.034688225704989854,0.04725532043485191,0.9523600569723976,3.843815759181182
WOV_BESS_RN,storage,7.893642219687311,17.826520190371596,12.030146279272628,3.864081310943955,0.1335301617124069,0.2503522780648192,0,15,20.90740740740741,-0.037895628469760856,-0.022288435895198137,0.0456971908615366,-0.0019830487432886106,-0.046043032561883905,-0.028071434752237546,0.0008648024105762587,0.008796438932487402,0.8856468864883463,5.023078491283932
WRSBES_BESS1,storage,9.794627927262969,20.561824879885513,13.76628598268805,4.29875194117232,0.1722471985506274,0.2385425753204053,2,15,25.07062786323586,-0.035014230197625076,-0.01993434696093257,0.05117706646534506,0.002427397496944278,-0.05052443508047863,-0.025706253735103195,-0.03983667054748634,0.041337849385235964,0.9183794244767612,4.961109753735914
W_HRL_ESR_RN,storage,-1.648564718513051,35.85251940910279,11.283581829161912,-16.351169826871924,0.10393880426759713,0.4071663423471784,15,19,26.79642512077295,0.033763239173278364,-0.019498612514454297,-0.011377203214997914,-0.0019622147908568126,-0.010904251516722183,-0.021838027447903464,-0.021073129175895995,-0.021766774396978078,0.5004152777536737,11.99289854230784
W_PECO_UNIT1,thermal,9.618698248674763,20.401235341493425,13.64419378648594,4.20956936683609,0.17043548278870027,0.2439106220224116,0,15,25.07082125603865,-0.03488351529860407,-0.02006673459379326,0.051763737912842354,0.0026422449249085943,-0.05066715567254588,-0.02565183892198191,-0.03879324596300192,0.039409740227317566,0.9177089425696227,4.945419322087286
X443ESRN,other,5.184994967456217,29.473418022605017,5.982343152385425,18.53886605794669,0.029054552774609138,0.11051466147755486,18,11,11.902222222222221,-0.003945280916637051,0.031144300226551576,0.058586358110419366,-0.036838535936368315,0.06909832229897385,0.0008509134870336642,-0.02164169073697765,-0.0012753453233376598,0.8149384458355802,4.021903538490462
YNG_WND_ALL,wind,-4.136254445413676,9.341770176959603,5.604034087096558,4.17616547198974,0.024625914245453937,0.6087364960075152,7,16,4.378711755233494,-0.04171205813954501,-0.007306351703314599,-0.05699068386292022,-0.008500846566685608,0.01348733900325334,0.023194998385024517,-0.00598363216876412,0.012104628263509882,0.9053944993923574,2.1394886168030363
ZIER_SLR_ALL,solar,7.866118231228612,18.725273593931995,11.493951553378515,3.620402505139757,0.10702543112125075,0.23357713212104944,4,14,21.863623188405796,-0.031589410417873484,-0.009366837844993665,0.044142683605497335,0.006022793726529146,-0.033371239326812935,0.007339862745566059,-0.03170600076771599,0.0710044510958606,0.6829817698104195,9.216252554320203
