a,b,n,spread_mean,spread_std,adf_stat,adf_p,half_life_is,half_life_oos,theta_is,theta_oos,reversion_yield,p_bh,discovery
MROW_SLR_RN,PEARSA_1_24,720,0.05359840954274352,1.1847389367974699,-22.40667584181917,0.0,0.6917257595163674,inf,1.0020548910084999,-0.0,1.7127292434877683,0.0,True
HRZN_SLR_UN1,PEARSA_1_24,720,0.05359840954274352,1.1847389367974699,-22.40667584181917,0.0,0.6917257595163674,inf,1.0020548910084999,-0.0,1.7127292434877683,0.0,True
PEARSALL_RN,PEARSA_1_24,720,0.05359840954274352,1.1847389367974699,-22.40667584181917,0.0,0.6917257595163674,inf,1.0020548910084999,-0.0,1.7127292434877683,0.0,True
ALAMO_ST_RN,TRIPBUT1_RN,720,0.1574751491053677,0.8054511658421643,-17.107109923337724,7.408834869256531e-30,0.9384066906668174,1.1232094071735588,0.738642624198902,0.6171130477834753,0.8583177995777321,2.6375452134553252e-27,True
JUNCTION_RN,JUNORTH_RN,720,-0.07075546719681908,0.8383272960031984,-16.788450105103784,1.2476516852711738e-29,0.9613883162270144,0.9599630394494831,0.7209856505019884,0.7220561126576804,0.8719965510848195,3.553311999652303e-27,True
AVIL_ESS_RN,TRIPBUT1_RN,720,0.03642147117296205,0.9209826713746214,-16.581814583850452,1.8313233887664138e-29,0.8935340052867256,1.191762315873781,0.7757367671054911,0.5816152863096203,1.030719218211609,4.142655277062295e-27,True
HEADCAMP_RN,TRIPBUT1_RN,720,0.2109542743538767,0.8282967955813539,-16.461608062647883,2.327334425315896e-29,0.985802228480506,1.0607327380330984,0.703130060507519,0.6534607217320719,0.8402261342602892,4.142655277062295e-27,True
DGFS_ESR_RN,TRIPBUT1_RN,720,0.2109542743538767,0.8282967955813539,-16.461608062647883,2.327334425315896e-29,0.985802228480506,1.0231421716949212,0.703130060507519,0.6774690749103701,0.8402261342602892,4.142655277062295e-27,True
ERSL_RN,PEARSA_1_24,720,0.2641550695825049,1.7967342086527363,-16.253855739290877,3.6226945922721667e-29,1.0024963006692211,1.5574509223313002,0.6914211853921373,0.44505234201691224,1.7922601883451519,5.731907888217295e-27,True
BRP_LOOP_RN,CITYVICT_ALL,720,0.14119284294234594,1.658133571466777,-15.718502786560505,1.3327661364075462e-28,1.0479355679323632,1.2706498264920851,0.6614406474699244,0.545506060055534,1.5822858028746647,1.4606200986189914e-26,True
BRP_LOOP_RN,VICTORIA_CC1,720,0.1408747514910537,1.6581478261497762,-15.71831440521211,1.3334312698066634e-28,1.0479523831152158,1.270659529283988,0.6614300341580864,0.5455018945559171,1.582274016325676,1.4606200986189914e-26,True
BRP_LOOP_RN,VIC_VICTORG5,720,0.1408747514910537,1.6581478261497762,-15.71831440521211,1.3334312698066634e-28,1.0479523831152158,1.270659529283988,0.6614300341580864,0.5455018945559171,1.582274016325676,1.4606200986189914e-26,True
BRP_LOOP_RN,VIC_VICTORG6,720,0.1408747514910537,1.6581478261497762,-15.71831440521211,1.3334312698066634e-28,1.0479523831152158,1.270659529283988,0.6614300341580864,0.5455018945559171,1.582274016325676,1.4606200986189914e-26,True
RIGGIN_UNIT1,SG_BES_BESS1,720,-0.19246520874751494,0.9970269981011229,-15.48148248269039,2.552840974048817e-28,1.0695649604795812,1.169114916533507,0.6480645927753147,0.5928819919731814,0.9321799375832834,2.596603962175368e-26,True
TAYGETE2_ALL,TOYAH_RN,720,0.1939562624254472,1.0355042144592632,-14.576762173749003,4.535826839547108e-27,1.148872504781206,1.2686663478272027,0.6033282001921961,0.546358923878664,0.901322131176311,4.0368858871969262e-25,True
TAYGETE_ALL,TOYAH_RN,720,0.1939562624254472,1.0355042144592632,-14.576762173749003,4.535826839547108e-27,1.148872504781206,1.241124069241883,0.6033282001921961,0.5584833923842449,0.901322131176311,4.0368858871969262e-25,True
TNFS_RN,TRIPBUT1_RN,720,0.15656063618290247,0.8341354637668504,-14.546086261704767,5.054187703591377e-27,0.959487856795495,1.1732205324897993,0.7224137081577287,0.5908072364612933,0.869354893716636,4.233625464655365e-25,True
MEDILA_RN,UTOPIA_RN,720,-0.0335586481113321,3.1094224909348096,-14.377116768848637,9.28440117590065e-27,1.499002802010373,1.366044575969153,0.4624055269478734,0.5074118317611894,2.0743273373236115,7.34499293026807e-25,True
FORMOSA_PUN1,ORIANA_RN,720,-0.012166998011928594,2.773190856367619,-14.274883663063266,1.354597908645444e-26,1.1969691789161545,1.4459903418824382,0.5790852369211246,0.47935809837953913,2.316843996667249,9.185482586341234e-25,True
FO_FORMOSG5,ORIANA_RN,720,-0.012186878727634355,2.7731908048144054,-14.274883118196824,1.3546006623115583e-26,1.1969692423416038,1.471433736327073,0.5790852062363416,0.4710692458976428,2.316843830831672,9.185482586341234e-25,True
FO_FORMOSG15,ORIANA_RN,720,-0.012186878727634355,2.7731908048144054,-14.274883118196824,1.3546006623115583e-26,1.1969692423416038,1.471433736327073,0.5790852062363416,0.4710692458976428,2.316843830831672,9.185482586341234e-25,True
CALHOUN_ALL,ORIANA_RN,720,-0.07182902584493041,2.800999649846227,-14.22303468345616,1.6452357730680769e-26,1.2031747049929984,1.4391858542347722,0.5760985313965513,0.4816245091072673,2.3280074275352445,1.0186155394995397e-24,True
ORIANA_RN,TREB_SOLAR1,720,0.07182902584493041,2.800999649846227,-14.22303468345616,1.6452357730680769e-26,1.2031747049929984,1.4391858542347722,0.5760985313965513,0.4816245091072673,2.3280074275352445,1.0186155394995397e-24,True
FPPYD_FPP_G3,SKY1,720,0.24125248508946343,2.592847083396411,-13.81495646998455,8.101101913795374e-26,1.7247156717839283,2.7711630634980655,0.40189069531849336,0.2501286155586164,1.5033475521878612,4.806653802185255e-24,True
RELOJ_ALL,WFTANK_ESS1,720,-0.21417495029821088,0.7861105431582059,-13.573653934434017,2.1905104268111546e-25,1.865026120479561,3.3081437577468473,0.37165548136222015,0.20952752701171692,0.4215010902668057,1.2477147391116336e-23,True
OXY_PUN1,PERE_SLR_RN,720,-0.13954274353876728,1.242111198221415,-13.307138751040089,6.861664440144058e-25,2.1063683771828097,2.217780815072478,0.32907215474199447,0.31254088584822254,0.5896932424909896,3.675838443352116e-23,True
OXY_OXY_CCG1,PERE_SLR_RN,720,-0.13874751491053666,1.242285125298791,-13.3035645047912,6.9696374979288715e-25,2.1059954007512878,2.217780815072478,0.3291304341465673,0.31254088584822254,0.5898802651020136,3.675838443352116e-23,True
B_D_B_DAVIG1,SHAFFER_ALL,720,0.3217892644135191,1.4820400159538545,-13.048584437907598,2.1656972156877875e-24,2.4488163253194988,4.128628718131309,0.28305396913323416,0.16788799087598172,0.6052066872596056,1.0783120093743313e-22,True
AMAD_ESS_RN,KELAMSL_U1,720,-0.01302186878727628,1.8644145053415495,-13.045512579507834,2.1960005808887368e-24,1.8523039149042428,1.8270103358458307,0.37420812804133086,0.3793887571189063,1.0065381227885235,1.0783120093743313e-22,True
ELS_RN_1,ETCCS_CC1,720,0.07998011928429412,1.3782738640145085,-12.929675736529278,3.723428042369553e-24,1.7564565246159576,2.3961123846451495,0.39462814527191287,0.2892799123287351,0.7846899964209832,1.7103746878497557e-22,True
ELS_RN_1,ETCCS_CCU,720,0.07998011928429412,1.3782738640145085,-12.929675736529278,3.723428042369553e-24,1.7564565246159576,2.3961123846451495,0.39462814527191287,0.2892799123287351,0.7846899964209832,1.7103746878497557e-22,True
LEAKEY_RN,MEDILA_RN,720,-0.4774751491053675,3.1846881218019045,-12.896160491501773,4.344292636903276e-24,1.9180323260250611,1.3152148388335618,0.36138451430400376,0.5270220195923914,1.660393351347663,1.8744088233468002e-22,True
B_DAVIS_4,SANTACRU_ALL,720,0.24111332007952302,1.1305392858164698,-12.88343515414817,4.607044158506883e-24,2.377633837721286,4.142295903369394,0.29152814431016616,0.1673340574235971,0.47548923130231596,1.8744088233468002e-22,True
B_DAVIS_CC1,SANTACRU_ALL,720,0.24111332007952302,1.1305392858164698,-12.88343515414817,4.607044158506883e-24,2.377633837721286,4.142295903369394,0.29152814431016616,0.1673340574235971,0.47548923130231596,1.8744088233468002e-22,True
B_D_B_DAVIG2,SANTACRU_ALL,720,0.24111332007952302,1.1305392858164698,-12.88343515414817,4.607044158506883e-24,2.377633837721286,4.142295903369394,0.29152814431016616,0.1673340574235971,0.47548923130231596,1.8744088233468002e-22,True
BORDAS_345,WFTANK_ESS1,720,-0.22502982107355882,0.6677872340390953,-12.842660795109367,5.564292551828423e-24,1.9747563194753999,3.9182473221412946,0.35100390550672195,0.17690235545956942,0.33816184176916325,2.200986831612132e-22,True
B_D_B_DAVIG1,SANTACRU_ALL,720,0.24562624254473175,1.1114478351708519,-12.819831626926709,6.1871842520113305e-24,2.414847281602266,4.142295903369394,0.2870356174656469,0.1673340574235971,0.46025595226601634,2.3812298310443607e-22,True
BAYC_BESS_RN,CRAWFISH_RN,720,0.13234592445328053,1.1541230711517863,-12.812830345330894,6.392217139010894e-24,2.827330407832404,3.7555265541634775,0.24515959600609685,0.1845672425858642,0.40820240462684515,2.3953992647240824e-22,True
COTULLA_RN,ERSL_RN,720,1.1383499005964213,3.681234454960109,-12.781476093275995,7.399550216073045e-24,2.228192884665149,1.4669031208445382,0.3110804209681833,0.4725241706220385,1.6521166009886625,2.701784489150773e-22,True
BIRD_ESR1,RAYBURN_CC1,720,0.5526838966202782,4.28984237044046,-12.678693972111413,1.2000849385374314e-23,2.2429165571302314,2.10030262995766,0.30903832706412127,0.33002252659842574,1.9126179067175064,4.07806628084079e-22,True
BIRD_ESR1,RAYB_G78910,720,0.5526838966202782,4.28984237044046,-12.678693972111413,1.2000849385374314e-23,2.2429165571302314,2.10030262995766,0.30903832706412127,0.33002252659842574,1.9126179067175064,4.07806628084079e-22,True
MOZART_WIND1,MWEC_G1,720,1.8601391650099406,3.09436497558198,-12.678216457164291,1.2028004480007949e-23,1.4251519711479221,2.3717490435135624,0.4863672047561592,0.29225148523011585,2.1712526370710847,4.07806628084079e-22,True
DC2SES_ALL,MDANP_CT1_2,720,0.14642147117296223,1.223896493494881,-12.632886494719406,1.4914977700427607e-23,1.718499942718636,3.2746245761791375,0.40334431403203824,0.21167225873834852,0.7121888474192782,4.939285638467189e-22,True
HNY_COMB_RN,RAYBURN_CC1,720,0.7917296222664016,4.06629837328925,-12.563922117555862,2.0734598482830652e-23,2.345424008588708,2.135875664824999,0.29553171538353395,0.32452599745160615,1.7337156771649274,6.561348497677966e-22,True
HNY_COMB_RN,RAYB_G78910,720,0.7917296222664016,4.06629837328925,-12.563922117555862,2.0734598482830652e-23,2.345424008588708,2.135875664824999,0.29553171538353395,0.32452599745160615,1.7337156771649274,6.561348497677966e-22,True
TC_TCHP1,TV_RN,720,-0.18047713717693836,0.5254542437975505,-12.526500625900558,2.4819652110249597e-23,1.5851322801096377,1.9173279716730176,0.43728033884465645,0.3615172734141674,0.33148920780365837,7.212894817346005e-22,True
TC_GTG2_RN,TV_RN,720,-0.18047713717693836,0.5254542437975505,-12.526500625900558,2.4819652110249597e-23,1.5851322801096377,1.9173279716730176,0.43728033884465645,0.3615172734141674,0.33148920780365837,7.212894817346005e-22,True
TC_PUN1,TV_RN,720,-0.18047713717693836,0.5254542437975505,-12.526500625900558,2.4819652110249597e-23,1.5851322801096377,1.9173279716730176,0.43728033884465645,0.3615172734141674,0.33148920780365837,7.212894817346005e-22,True
TC_PUN2,TV_RN,720,-0.18047713717693836,0.5254542437975505,-12.526500625900558,2.4819652110249597e-23,1.5851322801096377,1.9173279716730176,0.43728033884465645,0.3615172734141674,0.33148920780365837,7.212894817346005e-22,True
RAYBURN_CC1,TYNAN_RN,720,-0.8158051689860836,4.070421498213747,-12.515143435755455,2.6215784669481805e-23,2.375995442445859,2.136886706681753,0.2917291709307392,0.32437245193793784,1.713143647289003,7.319858307714135e-22,True
RAYB_G78910,TYNAN_RN,720,-0.8158051689860836,4.070421498213747,-12.515143435755455,2.6215784669481805e-23,2.375995442445859,2.136886706681753,0.2917291709307392,0.32437245193793784,1.713143647289003,7.319858307714135e-22,True
CR_RN,GBY_GT,720,0.05850894632206775,0.6217162047610096,-12.452202046946256,3.5548291320420833e-23,2.8281006743813784,1.1522567425568284,0.24509282390081996,0.6015561939970682,0.2198352450437446,9.73476285389986e-22,True
BRP_LOP1_RN,EXGNSND_RN,720,0.14081510934393643,0.9063160027402395,-12.416544480045667,4.228108657752378e-23,3.5620077697741497,7.234040134996737,0.19459451673343614,0.09581743640136135,0.2544396478949019,1.1267322705861185e-21,True
EXGNSND_RN,VENADO_ALL,720,-0.14188866799204783,0.9127104961223396,-12.414391071101063,4.272720689020393e-23,3.566307658480324,7.260213931342935,0.19435989458500877,0.09547200497323811,0.255925899705261,1.1267322705861185e-21,True
BASTEN_CCU,WIPOPA_1_2,720,0.18558648111331993,0.8815648459787182,-12.398121829227067,4.6256985300127545e-23,1.4739467230520367,1.9748840416547004,0.4702661023762622,0.35098120494162105,0.5980981755930097,1.1356887425410624e-21,True
BASTEN_CC1,WIPOPA_3_4,720,0.18558648111331993,0.8815648459787182,-12.398121829227067,4.6256985300127545e-23,1.4739467230520367,1.9748840416547004,0.4702661023762622,0.35098120494162105,0.5980981755930097,1.1356887425410624e-21,True
BASTEN_CCU,WIPOPA_3_4,720,0.18558648111331993,0.8815648459787182,-12.398121829227067,4.6256985300127545e-23,1.4739467230520367,1.9748840416547004,0.4702661023762622,0.35098120494162105,0.5980981755930097,1.1356887425410624e-21,True
BASTEN_CC1,WIPOPA_1_2,720,0.18558648111331993,0.8815648459787182,-12.398121829227067,4.6256985300127545e-23,1.4739467230520367,1.9748840416547004,0.4702661023762622,0.35098120494162105,0.5980981755930097,1.1356887425410624e-21,True
LANTANA_RN,LYNX_ESS_RN,720,-0.06858846918489066,0.7869281871551467,-12.371748875947853,5.262420754054094e-23,2.00515780311786,2.186492243134404,0.3456821101472198,0.31701332704766305,0.39245199850681894,1.2701164667411915e-21,True
ELS_RN_1,MDANP_CT5_6,720,0.3455069582504971,1.7875125975237398,-12.350233830115867,5.847801593095706e-23,2.320504147746318,1.7927135719593068,0.29870542624676294,0.3866469197320715,0.770312175162358,1.3878782447613809e-21,True
FALFUR_RN,GKS_BESS_RN,720,-1.8648111332007953,5.41519368292777,-12.309000313480844,7.162588856066848e-23,2.9648875941342294,3.7592338124325537,0.23378531514357453,0.1843852271884675,1.8264414791445236,1.6450849243611597e-21,True
FALFUR_RN2,GKS_BESS_RN,720,-1.8648111332007953,5.41519368292777,-12.309000313480844,7.162588856066848e-23,2.9648875941342294,3.7592338124325537,0.23378531514357453,0.1843852271884675,1.8264414791445236,1.6450849243611597e-21,True
JUNG_SLR_RN,WND_WHITNEY,720,0.4522266401590456,5.716978715178746,-12.288255086024776,7.93460905377134e-23,1.4941692214947258,0.9361713496910855,0.46390139121360024,0.74040631641704,3.826192263189331,1.7934735385032363e-21,True
MOZART_WIND1,SOLARA_UNIT1,720,1.6291848906560638,2.851546573382532,-12.274528266214785,8.491672170591917e-23,1.4974356216701121,1.9045638715022342,0.46288946952314913,0.36394010772304636,1.904286589764814,1.8730529431573727e-21,True
CABEZON_ALL,LARDVFTN_G5,720,-0.55,1.203107198993887,-12.270064782800034,8.681284708454115e-23,2.6871102422349873,4.281736979309548,0.2579526398527752,0.1618845771959862,0.44773272792604524,1.8730529431573727e-21,True
CABEZON_ALL,LARDVFTN_G4,720,-0.55,1.203107198993887,-12.270064782800034,8.681284708454115e-23,2.6871102422349873,4.281736979309548,0.2579526398527752,0.1618845771959862,0.44773272792604524,1.8730529431573727e-21,True
7RNCHSLR_ALL,FPPYD_FPP_G2,720,0.9251491053677932,2.7049785750111064,-12.214904300814515,1.141478222234168e-22,2.0810769672594756,1.5936934481309217,0.3330713815321956,0.43493131089474324,1.2997974690831513,2.3903896889139046e-21,True
7RNCHSLR_ALL,FPPYD_FPP_G1,720,0.9251491053677932,2.7049785750111064,-12.214904300814515,1.141478222234168e-22,2.0810769672594756,1.5936934481309217,0.3330713815321956,0.43493131089474324,1.2997974690831513,2.3903896889139046e-21,True
ELS_RN_1,MDANP_CT3_4,720,0.2590457256461234,1.8080343831283525,-12.199995124921053,1.229458284644853e-22,2.3336530473187636,1.7927135719593068,0.297022379293414,0.3866469197320715,0.7747657198681195,2.5373168077308267e-21,True
CABEZON_ALL,OUTP_SLR_RN,720,0.2182504970178926,1.1267432358777956,-12.165570926960806,1.4599929947566145e-22,1.517400419917045,4.229465364192758,0.456799122671812,0.1638852953917594,0.7425483880776794,2.9700428921905983e-21,True
DRAK_ESS_RN,LHSES_UNIT1,720,-0.3344930417495031,4.125040105014662,-12.113438041385919,1.896117066064924e-22,1.5274044908570141,2.1303432364412003,0.4538072165618854,0.32536878034633876,2.700686117991008,3.750098197328405e-21,True
DRAK_ESS_RN,LHSES_UNIT2,720,-0.3344930417495031,4.125040105014662,-12.113438041385919,1.896117066064924e-22,1.5274044908570141,2.1303432364412003,0.4538072165618854,0.32536878034633876,2.700686117991008,3.750098197328405e-21,True
BRAUNIG_VHB3,BRP_RN_UNIT1,720,-0.24944333996023868,0.8977681979893771,-12.060344440478255,2.477775039615581e-22,2.84840393581337,2.651504712354873,0.24334581617617904,0.2614165373081093,0.3151828947789376,4.8333584334419004e-21,True
HB_NORTH,KELAMSL_U1,720,-0.3725248508946322,1.3080398746308275,-11.930341372492975,4.797833812070507e-22,1.5642707278479482,4.35537169648855,0.4431120318370627,0.1591476523390149,0.8361978852793395,9.232588308632975e-21,True
MDANP_CT5_6,TEN_CT1_STG,720,-0.6181908548707755,2.530799778190033,-11.902321644004962,5.537964897215222e-22,2.56617458466312,2.6038542160904856,0.2701091284679447,0.2662004563376285,0.9862149649971181,1.0376397386361154e-20,True
MDANP_CT5_6,TEN_CC1,720,-0.6181908548707755,2.530799778190033,-11.902321644004962,5.537964897215222e-22,2.56617458466312,2.6038296623992,0.2701091284679447,0.2662029665647449,0.9862149649971181,1.0376397386361154e-20,True
B_D_B_DAVIG2,L_FRE_ESR_RN,720,-0.1753876739562622,2.0582880265904318,-11.890716501898034,5.877622721609108e-22,2.113290387726823,2.5283053102607465,0.3279942901294953,0.2741548569102441,0.9739731172507934,1.0869785396845935e-20,True
GRAN_SLR_RN,SKY1,720,0.4644135188866801,3.2369142633352848,-11.82301215239704,8.328244320350456e-22,2.363889672014751,2.226896359497769,0.2932231519794973,0.3112615356362029,1.3693169785612085,1.520438450279365e-20,True
MDANP_CT3_4,TEN_CC1,720,-0.5317296222664019,2.601941274677386,-11.813865019891464,8.731142589285484e-22,2.608126026404512,2.6038296623992,0.2657644506218506,0.2662029665647449,0.9976286607071468,1.5541433808928162e-20,True
MDANP_CT3_4,TEN_CT1_STG,720,-0.5317296222664019,2.601941274677386,-11.813865019891464,8.731142589285484e-22,2.608126026404512,2.6038542160904856,0.2657644506218506,0.2662004563376285,0.9976286607071468,1.5541433808928162e-20,True
CHALUP_ALL,SHAFFER_ALL,720,-0.23934393638170953,2.005873290208662,-11.778787669083977,1.0468958859155455e-21,2.3780535066810455,5.035701138233723,0.2914766966397418,0.13764660799609474,0.8434937584765194,1.8404688167206626e-20,True
BKBN_RN,MAR_MARSFOG1,720,0.644294234592445,2.063677202114819,-11.75379234600354,1.1918551925217601e-21,1.6010037252755351,2.243547940632411,0.4329453889563271,0.3089513569139784,1.2889896316510174,2.0293564252459973e-20,True
BKBN_RN,MAR_MARSFOG2,720,0.6434791252485085,2.063621353518817,-11.75280104686937,1.1980076660315631e-21,1.6012151923426414,2.243547940632411,0.432888211325202,0.3089513569139784,1.2887845202740407,2.0293564252459973e-20,True
BKBN_RN,MAR_MARSFOG3,720,0.6435984095427432,2.0635740409463343,-11.752322150045204,1.2009914824492366e-21,1.6013174801882888,2.244176902890049,0.4328605595927439,0.30886476893479786,1.288672650162847,2.0293564252459973e-20,True
BUCKTHRN_RN,MDANP_CT5_6,720,-0.5749701789264412,4.173738847274034,-11.750670017392784,1.211343371811164e-21,1.7508515228761812,2.083360694106478,0.39589146852457807,0.3327062771803063,2.3838336904877555,2.0293564252459973e-20,True
BIGSTAR_ALL,HELIOS_RN,720,-0.5877534791252484,3.4495902988533365,-11.718043090045715,1.4354349683008255e-21,1.608484017629927,3.3581004869396573,0.4309319663500825,0.20641049404439715,2.1446220547072934,2.3768132498376458e-20,True
LIGSW_RN,TMPP_RN3,720,-1.3716699801192842,5.862274825518994,-11.621791854369777,2.374799148020663e-21,1.9916893352437417,4.192306382497056,0.34801972792364144,0.16533791123994312,2.943368085465785,3.8870275710131314e-20,True
JUNG_SLR_RN,LEG_LEG_G1,720,0.11528827037773356,5.967835288801504,-11.613872268972324,2.4756780033235803e-21,1.6312928097942776,0.9721414433911868,0.4249066607774469,0.7130106274885196,3.6583470808984364,4.0060971326508846e-20,True
JUNG_SLR_RN,PDRA_SLR_RN,720,0.10699801192842913,5.973198634424512,-11.61111254716563,2.511844523116053e-21,1.6318965310911775,0.971364909549801,0.4247494662522925,0.7135806263386625,3.660280244869751,4.018951236985685e-20,True
JUNG_SLR_RN,PISG_RN_ALL,720,0.09184890656063599,5.987249363544892,-11.604337017322647,2.602931414117078e-21,1.6333863968295061,0.9713206646960154,0.42436203822033935,0.7136131308159419,3.665543789985319,4.067554187029853e-20,True
BOARDCRK_ALL,JUNG_SLR_RN,720,-0.09184890656063599,5.987249363544892,-11.604337017322647,2.602931414117078e-21,1.6333863968295061,0.9713206646960154,0.42436203822033935,0.7136131308159419,3.665543789985319,4.067554187029853e-20,True
RN_SR_WIND1,SHAFFER_ALL,720,0.12936381709741568,1.689950137422712,-11.600602644185242,2.6545610336418324e-21,2.149860015848827,3.1071274602302643,0.32241502956008544,0.22308295666395908,0.7860745001834321,4.067554187029853e-20,True
CR_RN,RN_BY_ESR1,720,-0.009940357852882654,0.8180704367373368,-11.600465377423356,2.6564785069787665e-21,2.6267481003785997,1.1092876810154075,0.2638803395194386,0.6248579087486664,0.31143848038547217,4.067554187029853e-20,True
LAUR_BESS_RN,SHAFFER_ALL,720,0.0963419483101393,1.7485295297204915,-11.590088805643672,2.8055760766288757e-21,2.155706047230329,3.1985995185130554,0.3215406764064642,0.2167033342399086,0.8111168644570156,4.25014929055268e-20,True
DUP_PUN1,RAYBURN_CC1,720,-0.578389662027833,2.2837837285472933,-11.566858522553568,3.1709306821273706e-21,1.4669406277385777,1.1540652382422492,0.4725120890737716,0.6006135161090843,1.5568344658010824,4.5154052913493754e-20,True
DUP_PUN2,RAYB_G78910,720,-0.578389662027833,2.2837837285472933,-11.566858522553568,3.1709306821273706e-21,1.4669406277385777,1.1540652382422492,0.4725120890737716,0.6006135161090843,1.5568344658010824,4.5154052913493754e-20,True
DUP_PUN2,RAYBURN_CC1,720,-0.578389662027833,2.2837837285472933,-11.566858522553568,3.1709306821273706e-21,1.4669406277385777,1.1540652382422492,0.4725120890737716,0.6006135161090843,1.5568344658010824,4.5154052913493754e-20,True
DUP_PUN1,RAYB_G78910,720,-0.578389662027833,2.2837837285472933,-11.566858522553568,3.1709306821273706e-21,1.4669406277385777,1.1540652382422492,0.4725120890737716,0.6006135161090843,1.5568344658010824,4.5154052913493754e-20,True
DUP_PUN4,RAYB_G78910,720,-0.578389662027833,2.2837837285472933,-11.566858522553568,3.1709306821273706e-21,1.4669406277385777,1.1540652382422492,0.4725120890737716,0.6006135161090843,1.5568344658010824,4.5154052913493754e-20,True
DUP_PUN4,RAYBURN_CC1,720,-0.578389662027833,2.2837837285472933,-11.566858522553568,3.1709306821273706e-21,1.4669406277385777,1.1540652382422492,0.4725120890737716,0.6006135161090843,1.5568344658010824,4.5154052913493754e-20,True
AMAD_ESS_RN,DIBOL_RN,720,0.3391650099403579,2.1496503233219393,-11.496951428185755,4.5895222198546865e-21,2.080928629138187,2.4889681695533072,0.3330951243854101,0.27848776414217613,1.0330245320389548,6.470771921854527e-20,True
GRSES_UNIT1,S_HILLS_RN,720,-0.009483101391649935,1.1076151344525993,-11.488575150686126,4.7980775845741074e-21,1.539963136805896,0.9126494864114783,0.4501063460503553,0.7594889285320127,0.7192478235225498,6.69849262787601e-20,True
AMAD_ESS_RN,LFSTH_RN,720,0.36499005964214704,2.1381365341218066,-11.45321328476555,5.790046998030009e-21,2.100812730037829,2.5102430368139044,0.32994239355521415,0.2761275184890918,1.0177663642029176,8.004880509897799e-20,True
LEON_SLR_RN,OYST_SLR_RN,720,-0.06290258449304188,1.297708186881812,-11.41662483852012,7.036552775065555e-21,2.3672981217180507,2.0034376135478724,0.2928009675675738,0.3459789193697208,0.548181141604594,9.634664568935914e-20,True
CRAWFISH_RN,TUL_SLR_ALL,720,0.2636779324055663,2.8509795953387584,-11.404544729915015,7.505311540409971e-21,2.840355983297203,2.5459901108808864,0.2440353197402078,0.2722505392293623,1.003740239640393,1.0178632031946476e-19,True
LIGSW_RN,RVRVLYS_ALL,720,-1.256282306163022,5.671588861594712,-11.387279298585625,8.230838552086306e-21,2.0838919552123647,3.7678920700478713,0.33262145804930093,0.18396152747314198,2.7216328790024686,1.1057277451104624e-19,True
BRP_PBL2_RN,ECLIPSE_UN1,720,-0.6489662027833001,1.4433131032436848,-11.275913495229807,1.4967976690887373e-20,2.707436036535588,2.6686107924031655,0.25601608725238456,0.2597408293982597,0.5330922259166411,1.9735554451688535e-19,True
BRP_PBL1_RN,ECLIPSE_UN1,720,-0.6489662027833001,1.4433131032436848,-11.275913495229807,1.4967976690887373e-20,2.707436036535588,2.6686107924031655,0.25601608725238456,0.2597408293982597,0.5330922259166411,1.9735554451688535e-19,True
CRAWFISH_RN,HOLCOMB_RN1,720,-0.5481709741550697,3.5844366767226767,-11.257072947398509,1.6569441030127888e-20,2.336249766318966,2.7588891900238512,0.2966922417940268,0.2512413992799591,1.5342694639924457,2.1646682593488175e-19,True
OYST_SLR_RN,STRATEGC_RN,720,0.24330019880715706,1.3660952304380023,-11.20369192765813,2.2115707925183654e-20,2.1140968620537444,2.5748320961724844,0.3278691686276786,0.26920092443709864,0.6461838409385395,2.862978916860139e-19,True
PIRATE_RN,WHITE_PT_UN1,720,0.7163021868787278,2.6703699260528153,-11.166232227488697,2.7100105105949784e-20,1.899137429544002,2.3554523433845778,0.3649800008029832,0.29427348955146077,1.4060962016287533,3.4766260964749994e-19,True
B_D_B_DAVIG1,LYNX_ESS_RN,720,-0.22491053677932393,0.811468064847435,-11.155101402974696,2.8790096087861325e-20,2.0584674025235454,3.0528543330368363,0.33672973383508165,0.22704888767831743,0.3942098203025361,3.607730645720133e-19,True
MARBFA,MAR_MARSFOG1,720,0.5477137176938367,1.8824372133227407,-11.154365728864978,2.890548272220245e-20,1.7394393756273765,2.586284083000078,0.39848884087146913,0.26800891097620555,1.0822091529598656,3.607730645720133e-19,True
MARBFA,MAR_MARSFOG2,720,0.5468986083499003,1.882335987166934,-11.153443206960873,2.90508373849031e-20,1.7396696198903174,2.586284083000078,0.39843610110501715,0.26800891097620555,1.0820077362077585,3.607730645720133e-19,True
MARBFA,MAR_MARSFOG3,720,0.5470178926441349,1.8822983994625968,-11.152908249985789,2.9135465186644336e-20,1.7398033045834342,2.5870051739661535,0.3984054856855829,0.2679342072970334,1.0819029912770977,3.607730645720133e-19,True
MRKM_SLR_RN,SCES_UNIT1,720,-0.20755467196819077,3.3400940811016984,-11.149046438882822,2.975383690130723e-20,1.6212260244147536,3.332973843631153,0.4275450616518227,0.20796658272144938,2.0602272791096103,3.6525399782294387e-19,True
B_D_B_DAVIG2,LYNX_ESS_RN,720,-0.2294234592445327,0.8421705650069381,-11.124552491711922,3.3997669521458083e-20,2.0385302656794835,3.0528543330368363,0.34002300197829305,0.22704888767831743,0.41312634851964075,4.034390116546359e-19,True
B_DAVIS_4,LYNX_ESS_RN,720,-0.2294234592445327,0.8421705650069381,-11.124552491711922,3.3997669521458083e-20,2.0385302656794835,3.0528543330368363,0.34002300197829305,0.22704888767831743,0.41312634851964075,4.034390116546359e-19,True
B_DAVIS_3,LYNX_ESS_RN,720,-0.2294234592445327,0.8421705650069381,-11.124552491711922,3.3997669521458083e-20,2.0385302656794835,3.0528543330368363,0.34002300197829305,0.22704888767831743,0.41312634851964075,4.034390116546359e-19,True
B_DAVIS_CC1,LYNX_ESS_RN,720,-0.2294234592445327,0.8421705650069381,-11.124552491711922,3.3997669521458083e-20,2.0385302656794835,3.0528543330368363,0.34002300197829305,0.22704888767831743,0.41312634851964075,4.034390116546359e-19,True
MRKM_SLR_RN,PHILLWND_ALL,720,-0.06646123260437362,3.3069907545358714,-11.104990139371138,3.7823745279693756e-20,1.6289187931448996,3.3502818519222326,0.4255259276748284,0.20689219928235303,2.0301753337569233,4.430602477957193e-19,True
BRP_LOOP_RN,RAYB_G78910,720,-0.3913518886679921,2.415516607169853,-11.102840382337282,3.826995117898418e-20,1.2036976596027291,1.6359128178006237,0.5758482414834245,0.4237066749631779,2.0067469500331794,4.430602477957193e-19,True
BRP_LOOP_RN,RAYBURN_CC1,720,-0.3913518886679921,2.415516607169853,-11.102840382337282,3.826995117898418e-20,1.2036976596027291,1.6359128178006237,0.5758482414834245,0.4237066749631779,2.0067469500331794,4.430602477957193e-19,True
EXGNWTL_1,RELOJ_ALL,720,-3.455685884691849,8.593879961088424,-11.08782095540478,4.1539693486580956e-20,3.4365173213294242,3.1573660014545726,0.2017004763100684,0.21953336427915487,2.500752697432604,4.732201881991302e-19,True
CEDROHI_CHW1,RELOJ_ALL,720,-3.455685884691849,8.593879961088424,-11.08782095540478,4.1539693486580956e-20,3.4365173213294242,3.1573660014545726,0.2017004763100684,0.21953336427915487,2.500752697432604,4.732201881991302e-19,True
RIGGIN_UNIT1,TNFS_RN,720,-0.44974155069582505,1.649588664411876,-11.085951570765149,4.1965978264525154e-20,1.7004298124357162,1.067421795784177,0.4076305740412025,0.6493657739588572,0.9701010017279015,4.742821670530462e-19,True
JKLP_SLR_RN,PIRATE_RN,720,-0.69544731610338,2.5739981125815654,-11.061255150468186,4.8031546872329234e-20,1.8757652937755342,2.6985530521957335,0.36952767111112333,0.2568588303261082,1.3722389049008528,5.385584468204475e-19,True
BRP_LOOP_RN,DUP_PUN4,720,0.18703777335984104,1.9840010915419508,-11.044635681992805,5.2605853734390713e-20,1.1167272669035901,0.9772108485730963,0.6206951339890462,0.7093117944526147,1.7766209801996664,5.556567138660421e-19,True
BRP_LOOP_RN,DUP_PUN2,720,0.18703777335984104,1.9840010915419508,-11.044635681992805,5.2605853734390713e-20,1.1167272669035901,0.9772108485730963,0.6206951339890462,0.7093117944526147,1.7766209801996664,5.556567138660421e-19,True
BRP_LOOP_RN,DUP_PUN1,720,0.18703777335984104,1.9840010915419508,-11.044635681992805,5.2605853734390713e-20,1.1167272669035901,0.9772108485730963,0.6206951339890462,0.7093117944526147,1.7766209801996664,5.556567138660421e-19,True
BRP_LOOP_RN,DUP_PUN3,720,0.18703777335984104,1.9840010915419508,-11.044635681992805,5.2605853734390713e-20,1.1167272669035901,0.9772108485730963,0.6206951339890462,0.7093117944526147,1.7766209801996664,5.556567138660421e-19,True
BRP_LOOP_RN,VICTPORT_RN,720,0.18703777335984104,1.9840010915419508,-11.044635681992805,5.2605853734390713e-20,1.1167272669035901,0.9772108485730963,0.6206951339890462,0.7093117944526147,1.7766209801996664,5.556567138660421e-19,True
BRPMAGNO_RN,MU_RN,720,0.0470178926441352,1.2584038828406952,-11.043603627091267,5.2904041727451774e-20,2.4749270925823,2.8921787897402997,0.280067716999585,0.2396626318603857,0.5084609912802305,5.556567138660421e-19,True
B_DAVIS_4,SPARTA_ALL,720,1.0279920477137179,5.016706247890729,-11.042084154920948,5.334617277045916e-20,2.4837414248686978,2.371025629514799,0.2790738092217423,0.29234065289365485,2.0198182458368974,5.556567138660421e-19,True
B_DAVIS_4,FOXTROT_ALL,720,1.0279920477137179,5.016706247890729,-11.042084154920948,5.334617277045916e-20,2.4837414248686978,2.371025629514799,0.2790738092217423,0.29234065289365485,2.0198182458368974,5.556567138660421e-19,True
LHSES_UNIT2,SPNC_SPNCE_4,720,0.8843936381709743,4.349952646639645,-11.0390543639691,5.423896294057574e-20,1.776878540236005,2.1202767656914014,0.39009260614283825,0.3269135387303633,2.4480866576630973,5.556567138660421e-19,True
LHSES_UNIT1,SPNC_SPNCE_5,720,0.8843936381709743,4.349952646639645,-11.0390543639691,5.423896294057574e-20,1.776878540236005,2.1202767656914014,0.39009260614283825,0.3269135387303633,2.4480866576630973,5.556567138660421e-19,True
LHSES_UNIT2,SPNC_SPNCE_5,720,0.8843936381709743,4.349952646639645,-11.0390543639691,5.423896294057574e-20,1.776878540236005,2.1202767656914014,0.39009260614283825,0.3269135387303633,2.4480866576630973,5.556567138660421e-19,True
LHSES_UNIT1,SPNC_SPNCE_4,720,0.8843936381709743,4.349952646639645,-11.0390543639691,5.423896294057574e-20,1.776878540236005,2.1202767656914014,0.39009260614283825,0.3269135387303633,2.4480866576630973,5.556567138660421e-19,True
AMAD_ESS_RN,NACPW_UNIT1,720,0.44834990059642166,2.256541412041436,-11.037287388857917,5.4766602096427e-20,2.2612413552093824,3.3202113154980557,0.30653392171653543,0.20876598345547417,0.9979215207801154,5.570545813236575e-19,True
7RNCHSLR_ALL,GRAN_SLR_RN,720,0.704155069582505,2.661967645338655,-11.034904807097908,5.548630088576651e-20,2.379032205271905,2.5634268585919053,0.29135678744656757,0.2703986572648662,1.1189287977858262,5.60372286959798e-19,True
APCH_BES_RN,LUCKYBLU_RN,720,-0.05196819085487079,3.3622322762510404,-11.01982104091081,6.027005531209399e-20,2.0898117762063158,2.357996780121917,0.33167923946635597,0.2939559487117311,1.6088684706115397,6.043983011579003e-19,True
L_FRE_ESR_RN,SANTACRU_ALL,720,0.41650099403578517,1.6876325633335332,-11.012093306685497,6.288041539394797e-20,2.263405494154056,2.181367639855432,0.3062408315037725,0.3177580742904405,0.7456165356549526,6.261658148320414e-19,True
PIN_BESS_RN,PIRATE_RN,720,-0.8834592445328032,2.344110098356338,-11.00230963843088,6.635002368500737e-20,1.8129706034256876,3.0303932693568965,0.3823267620832976,0.2287317582074235,1.2929664132044054,6.56128011996184e-19,True
CABEZON_ALL,CEDROHI_CHW1,720,3.482405566600397,8.788463235082187,-10.996440241161443,6.852380879378565e-20,3.3644591733878864,3.151410389611632,0.2060203868849363,0.2199482437593176,2.6121473860039526,6.68341806317471e-19,True
CABEZON_ALL,EXGNWTL_1,720,3.482405566600397,8.788463235082187,-10.996440241161443,6.852380879378565e-20,3.3644591733878864,3.151410389611632,0.2060203868849363,0.2199482437593176,2.6121473860039526,6.68341806317471e-19,True
BUCKTHRN_RN,ELS_RN_1,720,-0.9204771371769382,4.797230585017863,-10.968036172559565,8.010641562651265e-20,2.2764649488246325,2.009234343606294,0.30448401189652663,0.3449807548659771,2.1073158132721237,7.7599684253166e-19,True
FTDUNCAN_RN,MCLNSLR_RN,720,1.2263021868787276,2.1929125796091276,-10.95548611519277,8.58368393716871e-20,2.3267891498977664,2.629168111233089,0.29789857864448116,0.26363745155681845,0.9424629557454653,8.258895896302867e-19,True
APCH_BES_RN,MDANP_CT5_6,720,1.1750298210735586,3.6299820482233347,-10.94246827046632,9.22195893050812e-20,2.5878625202571572,1.8304526175152576,0.26784544199475746,0.3786752926174379,1.4026950890198842,8.801841584258153e-19,True
ALAMO_ST_RN,SG_BES_BESS1,720,0.25819085487077525,1.1025089583955745,-10.941494263934077,9.271602792406761e-20,1.2612748827880071,1.3333557861809806,0.5495607579433961,0.5198516313078513,0.8741226622689213,8.801841584258153e-19,True
APCH_BES_RN,FLTCK_SSI,720,-0.5767594433399604,3.246191583471144,-10.93383750505945,9.671389343122287e-20,2.004167896834776,1.9958846126397598,0.34585285077894273,0.3472882030205082,1.6197203780171918,9.120568493116648e-19,True
APCH_BES_RN,MDANP_CT3_4,720,1.088568588469185,3.69538054727934,-10.931078873291874,9.819661016254974e-20,2.6118053803845585,1.8304526175152576,0.26539005768411705,0.3786752926174379,1.414875922621477,9.19947189943887e-19,True
SG_BES_BESS1,TNFS_RN,720,-0.25727634194831006,1.111461985941116,-10.926388607742627,1.0077050558689283e-19,1.2417161040715314,0.8665123630820972,0.5582171144331194,0.7999276295314363,0.8951015310961031,9.378901957891202e-19,True
ARY_BESS_RN,CAMWIND_RN,720,0.10622266401590456,0.7062239284919213,-10.918052136972136,1.0551492354120755e-19,2.388375177753971,8.941589897773833,0.2902170425384261,0.07751945554252232,0.2956922074345349,9.756704618355815e-19,True
GRIM_SLR_RN,MDANP_CT5_6,720,-0.07652087475149111,2.369567181691087,-10.914870228684757,1.073847975420575e-19,2.302543187012815,2.3416422812965387,0.30103547437005684,0.29600899594969654,1.0291086808083827,9.865545270960637e-19,True
HEADCAMP_RN,SG_BES_BESS1,720,0.3116699801192843,1.215152341716496,-10.91327052252135,1.0833749753692841e-19,1.3287179214688278,1.4688503301532436,0.5216661635704496,0.47189775999003925,0.9145299555929892,9.889269005935002e-19,True
BOSQ_BSQSU_5,MRKM_SLR_RN,720,0.33254473161033776,2.9419333774742573,-10.872807224842738,1.3549719232218114e-19,1.6118583941271736,3.2027271529966805,0.43002982339232515,0.21642404970757237,1.8251810383549998,1.2135094457030563e-18,True
BOSQ_BSQS_12,MRKM_SLR_RN,720,0.33254473161033776,2.9419333774742573,-10.872807224842738,1.3549719232218114e-19,1.6118583941271736,3.2027271529966805,0.43002982339232515,0.21642404970757237,1.8251810383549998,1.2135094457030563e-18,True
BOSQUESW_CC2,MRKM_SLR_RN,720,0.33254473161033776,2.9419333774742573,-10.872807224842738,1.3549719232218114e-19,1.6118583941271736,3.2027271529966805,0.43002982339232515,0.21642404970757237,1.8251810383549998,1.2135094457030563e-18,True
RIGGIN_UNIT1,TRIPBUT1_RN,720,-0.29318091451292255,1.382122992071512,-10.869702204276308,1.3784629517606464e-19,1.3721406859001115,0.8404890016307256,0.5051575160496369,0.8246951229761411,1.007274987378464,1.2268320270669754e-18,True
ANACACHO_ANA,BRP_PBL1_RN,720,0.6087872763419482,1.5647788944521985,-10.864463658841462,1.4190321678414665e-19,2.562523748693284,2.629296986949472,0.2704939538271222,0.26362452929447855,0.6106397629485898,1.2473467944483015e-18,True
ANACACHO_ANA,BRP_PBL2_RN,720,0.6087872763419482,1.5647788944521985,-10.864463658841462,1.4190321678414665e-19,2.562523748693284,2.629296986949472,0.2704939538271222,0.26362452929447855,0.6106397629485898,1.2473467944483015e-18,True
BRIGHTSD_U1,CRAWFISH_RN,720,0.006779324055666167,2.600753331909083,-10.860018581862429,1.4544017627482008e-19,2.4894944541283084,1.8579910899037348,0.27842889121946224,0.3730627042973916,1.0446913539398632,1.270593932609471e-18,True
L_FRE_ESR_RN,SHAFFER_ALL,720,0.4926640159045726,1.7131969778451586,-10.857175489114478,1.4774902275243894e-19,2.402958917668287,2.3671521371375626,0.28845569329688797,0.2928190248887515,0.712953086816632,1.2828939536553235e-18,True
HLSES_UNIT4,HWY6_RN,720,-2.0022266401590456,5.79991734831943,-10.830029949901146,1.7174809088873807e-19,2.3111187903092585,3.6772961400285813,0.2999184565788559,0.1884937068338907,2.5095712832412755,1.464486715123132e-18,True
HLSES_UNIT5,HWY6_RN,720,-2.0022266401590456,5.79991734831943,-10.830029949901146,1.7174809088873807e-19,2.3111187903092585,3.6772961400285813,0.2999184565788559,0.1884937068338907,2.5095712832412755,1.464486715123132e-18,True
HLSES_UNIT3,HWY6_RN,720,-2.0022266401590456,5.79991734831943,-10.830029949901146,1.7174809088873807e-19,2.3111187903092585,3.6772961400285813,0.2999184565788559,0.1884937068338907,2.5095712832412755,1.464486715123132e-18,True
ALAMO_ST_RN,RIGGIN_UNIT1,720,0.45065606361829025,1.6366481899928238,-10.81512639512438,1.8656242880519277e-19,1.7083417975756705,0.9890431924181343,0.4057426807349672,0.7008259961481095,0.9580332181273162,1.5813386822535387e-18,True
CHISMGRD_RN,FLTCK_SSI,720,-1.3312127236580515,2.93945720937288,-10.808045680367037,1.9404683283620624e-19,2.5459915814332565,2.321108226464838,0.2722503819787733,0.2986276868337339,1.1545431771294874,1.6350455027145425e-18,True
CAMWIND_RN,LMAJADAS_ALL,720,-0.07431411530815112,0.6447006445284054,-10.779919764125575,2.268974046881833e-19,2.295665562556194,8.797713232021408,0.3019373517927127,0.07878719870489394,0.280833870161183,1.900599436917488e-18,True
7RNCHSLR_ALL,BIGSTAR_ALL,720,0.5120477137176938,2.5964377185682936,-10.773237742023856,2.354953650361327e-19,1.9228820569288794,1.6931686495115736,0.3604730607695209,0.4093786999658284,1.350284438513707,1.9610842094237012e-18,True
CHAR_SLR_RN,FO_FORMOSG10,720,-0.003896620278329838,1.7121056923104778,-10.755159668578202,2.6044385560694976e-19,2.1340267951448983,4.637988361064581,0.3248071589995576,0.14944996118982146,0.8022887511092509,2.1076794053926847e-18,True
CHAR_SLR_RN,FO_FORMOSA12,720,-0.003896620278329838,1.7121056923104778,-10.755159668578202,2.6044385560694976e-19,2.1340267951448983,4.637988361064581,0.3248071589995576,0.14944996118982146,0.8022887511092509,2.1076794053926847e-18,True
CHAR_SLR_RN,FO_FORMOSG14,720,-0.003896620278329838,1.7121056923104778,-10.755159668578202,2.6044385560694976e-19,2.1340267951448983,4.637988361064581,0.3248071589995576,0.14944996118982146,0.8022887511092509,2.1076794053926847e-18,True
CHAR_SLR_RN,FO_FORMOSG1,720,-0.003896620278329838,1.7121056923104778,-10.755159668578202,2.6044385560694976e-19,2.1340267951448983,4.637988361064581,0.3248071589995576,0.14944996118982146,0.8022887511092509,2.1076794053926847e-18,True
CHAR_SLR_RN,FORMOSA_PUN2,720,-0.003916500994035613,1.712105705032625,-10.755121196024438,2.604997017901071e-19,2.134026826984625,4.636471284196276,0.32480715415342765,0.14949886197345472,0.8022887451006537,2.1076794053926847e-18,True
LILY_RN,SIG_SLR_RN,720,-0.119920477137177,1.916813942685798,-10.734576370379317,2.92119228727029e-19,1.0768353669916264,1.1024341718653852,0.6436890928800032,0.6287424666700039,1.780043636606062,2.3501569587982446e-18,True
BRP_PBL2_RN,MCLNSLR_RN,720,1.141451292246521,2.023767560899995,-10.72852935574953,3.02144642861442e-19,2.263028057409629,2.6198202837852698,0.3062919075574145,0.26457814104654753,0.8942741802399469,2.4036534717021982e-18,True
BRP_PBL1_RN,MCLNSLR_RN,720,1.141451292246521,2.023767560899995,-10.72852935574953,3.02144642861442e-19,2.263028057409629,2.6198202837852698,0.3062919075574145,0.26457814104654753,0.8942741802399469,2.4036534717021982e-18,True
GRIM_SLR_RN,MDANP_CT3_4,720,-0.16298210735586485,2.576647087365017,-10.71942092038845,3.1790559220598396e-19,2.516220877558277,2.3416422812965387,0.27547151632911115,0.29600899594969654,1.0240146683248956,2.5149864627851175e-18,True
MEDILA_RN,MEDINA1_RN,720,-0.8611332007952286,3.7558043934135803,-10.716728061447288,3.227223849355906e-19,1.3815721069239157,1.4815458867193207,0.5017090147420857,0.46785400761013496,2.718500449300411,2.5389871610402268e-18,True
GODY_SLR_RN,TNSKA_CCU,720,-1.3975347912524851,2.6221969071378095,-10.699242477254787,3.5584423060910666e-19,3.6720740206223623,3.8074431685831085,0.18876176696527133,0.18205056513499876,0.7140915167863053,2.7689736851768737e-18,True
GODY_SLR_RN,TNSKA_CC1,720,-1.3975347912524851,2.6221969071378095,-10.699242477254787,3.5584423060910666e-19,3.6720740206223623,3.8074431685831085,0.18876176696527133,0.18205056513499876,0.7140915167863053,2.7689736851768737e-18,True
AVIL_ESS_RN,RIGGIN_UNIT1,720,0.3296023856858846,1.3649421864186093,-10.695115018292428,3.6415108980280523e-19,1.6432141197085721,1.0978974293091273,0.42182401687424437,0.6313405624750587,0.8306538813460811,2.8182127819521447e-18,True
FTWIND_UNIT1,H_HOLLO_WND1,720,-0.13272365805168998,1.3060865548736238,-10.680288686627508,3.9563914628540683e-19,2.9973947050746395,3.1700852549383947,0.2312498849038585,0.2186525360730134,0.4357405958789469,2.99675608675755e-18,True
FTWIND_UNIT1,HHOLLW3_WND1,720,-0.13272365805168998,1.3060865548736238,-10.680288686627508,3.9563914628540683e-19,2.9973947050746395,3.1700852549383947,0.2312498849038585,0.2186525360730134,0.4357405958789469,2.99675608675755e-18,True
FTWIND_UNIT1,HHOLLW4_WND1,720,-0.13272365805168998,1.3060865548736238,-10.680288686627508,3.9563914628540683e-19,2.9973947050746395,3.1700852549383947,0.2312498849038585,0.2186525360730134,0.4357405958789469,2.99675608675755e-18,True
FTWIND_UNIT1,HHOLLW2_WND1,720,-0.13272365805168998,1.3060865548736238,-10.680288686627508,3.9563914628540683e-19,2.9973947050746395,3.1700852549383947,0.2312498849038585,0.2186525360730134,0.4357405958789469,2.99675608675755e-18,True
BKBN_RN,GWEC_G1,720,0.7290457256461231,2.4733859649013814,-10.671565185408829,4.1543661573634346e-19,1.8684297821707887,3.819735736691345,0.37097844787864037,0.18146469503158597,1.3237778526671413,3.130062120680175e-18,True
BUFF_GAP_ALL,FTWIND_UNIT1,720,0.12856858846918495,1.3057599711884122,-10.661421700593506,4.39718317766556e-19,3.005946581091897,3.1698020061427865,0.2305919822128584,0.21867207453862716,0.4343922741015912,3.295573076313557e-18,True
MUSTNGCK_ALL,PAVLOV_RN,720,0.2062425447316104,2.2135356866053875,-10.648475227714595,4.728037098511532e-19,2.3179391182782365,3.4306781694104056,0.2990359734188422,0.2020437786150804,0.9549585099757064,3.524986821089226e-18,True
MUSTNGCK_ALL,PAVLOV_BT_RN,720,0.20958250497017902,2.2156199443273845,-10.647430423161998,4.755809401417497e-19,2.316040764001374,3.438108612685322,0.29928107973471496,0.20160712142789614,0.9566411691733376,3.52722530605131e-18,True
BLUEJAY_RN,MDANP_CT5_6,720,0.00246520874751507,2.379581863877502,-10.631557276582262,5.198580305870177e-19,2.3118231936458145,2.4661028867230557,0.2998270726174485,0.28106985490820113,1.0293096247230005,3.835636453657582e-18,True
MEDINA1_RN,SHAW_SLR_RN,720,0.2072564612326044,3.4747541441637946,-10.623578642344583,5.436627491244623e-19,1.3004096935486595,2.3733087769788224,0.5330221575543866,0.2920594181774816,2.6720457109802176,3.9905966739857436e-18,True
CAMWIND_RN,TRUENO_ALL,720,-0.10958250497017893,0.6224501969326073,-10.621203163181304,5.509604904918338e-19,2.4933596983874664,6.221739108400309,0.2779972665027935,0.11140730404849178,0.24964316112719928,4.002896624797813e-18,True
CAMWIND_RN,EL_RAYO_ALL,720,-0.10958250497017893,0.6224501969326073,-10.621203163181304,5.509604904918338e-19,2.4933596983874664,6.221739108400309,0.2779972665027935,0.11140730404849178,0.24964316112719928,4.002896624797813e-18,True
STRATEGC_RN,YCAT_WND_RN,720,-0.06137176938369792,0.9461807832859491,-10.609586902049488,5.880965386543456e-19,1.8994084939520668,3.6412869066710787,0.3649279145412927,0.1903577494237144,0.49814496791959,4.251012543369483e-18,True
HB_SOUTH,MUSTNGCK_ALL,720,1.6983300198807156,3.9814078365559893,-10.585818413248019,6.721485361687392e-19,3.4852230156643933,3.655604024432503,0.19888172935980958,0.18961221618294657,1.1423681694575885,4.834037957092346e-18,True
MILTON_RN,SKY1,720,-0.10198807157057661,3.646091071742872,-10.548389163256475,8.297931515289752e-19,2.15558871647343,1.2599625388710947,0.32155817817321974,0.5501331660074541,1.6914595274500797,5.937816320488747e-18,True
MCLNSLR_RN,PEARSA_1_24,720,1.0698011928429423,3.060188775040363,-10.531913779311509,9.105475880505758e-19,1.9090866786108955,1.580908936278144,0.3630778991471977,0.4384485182250835,1.6029595771246183,6.483098826920099e-18,True
CRAWFISH_RN,PAVLOV_RN,720,0.11212723658051688,1.5429922705980148,-10.526543631990695,9.385475700582555e-19,2.8993926877601104,5.07198057431627,0.23906633395541446,0.13666203377629954,0.5321777478131237,6.649212635636596e-18,True
CRAWFISH_RN,PAVLOV_BT_RN,720,0.11546719681908547,1.549495525930289,-10.498873072954874,1.0972055903148046e-18,2.9015715413797984,5.084254365683796,0.2388868138092951,0.13633212083926136,0.5340194111476051,7.604315316013567e-18,True
B_DAVIS_4,KARAKAW1_1,720,0.3470775347912526,2.3560263511436275,-10.496704565545253,1.1107282042392045e-18,2.331229863445094,2.0507279983986844,0.2973311175482334,0.3380005447339632,1.0106366549636976,7.604315316013567e-18,True
B_DAVIS_CC1,KARAKAW1_1,720,0.3470775347912526,2.3560263511436275,-10.496704565545253,1.1107282042392045e-18,2.331229863445094,2.0507279983986844,0.2973311175482334,0.3380005447339632,1.0106366549636976,7.604315316013567e-18,True
B_DAVIS_3,KARAKAW1_1,720,0.3470775347912526,2.3560263511436275,-10.496704565545253,1.1107282042392045e-18,2.331229863445094,2.0507279983986844,0.2973311175482334,0.3380005447339632,1.0106366549636976,7.604315316013567e-18,True
B_DAVIS_CC1,KARAKAW2_1,720,0.34673956262425454,2.356303173867213,-10.496702257433508,1.1107426866087232e-18,2.3309832034525364,2.0507279983986844,0.2973625805339524,0.3380005447339632,1.0108623564413395,7.604315316013567e-18,True
B_DAVIS_4,KARAKAW2_1,720,0.34673956262425454,2.356303173867213,-10.496702257433508,1.1107426866087232e-18,2.3309832034525364,2.0507279983986844,0.2973625805339524,0.3380005447339632,1.0108623564413395,7.604315316013567e-18,True
B_D_B_DAVIG2,KARAKAW2_1,720,0.34673956262425454,2.356303173867213,-10.496702257433508,1.1107426866087232e-18,2.3309832034525364,2.0507279983986844,0.2973625805339524,0.3380005447339632,1.0108623564413395,7.604315316013567e-18,True
LYSSY_RN,SKY1,720,-0.08940357852882687,4.079386774543672,-10.47864942799787,1.230049357119209e-18,2.2774291854588746,1.426047357304935,0.3043550969600332,0.48606182467173703,1.7912244211982928,8.380814758553845e-18,True
BLUEJAY_RN,MDANP_CT3_4,720,-0.08399602385685868,2.587089023886507,-10.468589275913288,1.3020603379008568e-18,2.5270878185292927,2.4661028867230557,0.27428693830012646,0.28106985490820113,1.0237432213147757,8.829209148432477e-18,True
HB_BUSAVG,MDANP_CT1_2,720,0.08785288270377753,1.6419945122665263,-10.451147413073281,1.4371366745440974e-18,2.199216912271647,3.6605914375521147,0.31517908792542415,0.18935387693073497,0.746626903014516,9.698969784600924e-18,True
BYP_RN,SAH_RN,720,0.31011928429423474,2.3882201747897516,-10.441719085557834,1.5159503234072972e-18,2.96392884767844,4.991712193161542,0.23386093802584618,0.13885960442782155,0.8057616419032378,9.947987375723462e-18,True
BYP_RN,JAR_RN,720,0.31011928429423474,2.3882201747897516,-10.441719085557834,1.5159503234072972e-18,2.96392884767844,4.991712193161542,0.23386093802584618,0.13885960442782155,0.8057616419032378,9.947987375723462e-18,True
JAR_RN,WAP_WAP_G7,720,-0.31011928429423474,2.3882201747897516,-10.441719085557834,1.5159503234072972e-18,2.96392884767844,4.991712193161542,0.23386093802584618,0.13885960442782155,0.8057616419032378,9.947987375723462e-18,True
HEN_RN,SAH_RN,720,0.31011928429423474,2.3882201747897516,-10.441719085557834,1.5159503234072972e-18,2.96392884767844,4.991712193161542,0.23386093802584618,0.13885960442782155,0.8057616419032378,9.947987375723462e-18,True
HEN_RN,JAR_RN,720,0.31011928429423474,2.3882201747897516,-10.441719085557834,1.5159503234072972e-18,2.96392884767844,4.991712193161542,0.23386093802584618,0.13885960442782155,0.8057616419032378,9.947987375723462e-18,True
SAH_RN,WAP_WAP_G7,720,-0.31011928429423474,2.3882201747897516,-10.441719085557834,1.5159503234072972e-18,2.96392884767844,4.991712193161542,0.23386093802584618,0.13885960442782155,0.8057616419032378,9.947987375723462e-18,True
DC2SES_ALL,DSWL_BES1,720,0.11389662027832985,1.2314058970604482,-10.410053082280575,1.8139946159736435e-18,1.7031570379613448,3.133192594970199,0.40697784473804766,0.2212271220328663,0.7230137148917424,1.184921253736912e-17,True
CNTRY_RN,GRIM_SLR_RN,720,-0.8717495029821072,3.355931853665827,-10.405499934640012,1.861460355153176e-18,2.3234064698968986,3.0101933964484116,0.2983322933548962,0.2302666604005436,1.4444015273034627,1.2103742217982294e-17,True
OGS_SLR_RN,RAYBURN_CC1,720,-0.8753479125248509,3.648425549776447,-10.39263492812379,2.002454535088191e-18,2.353854538197909,2.680790615644933,0.29447324348709025,0.2585607307466611,1.5499791896952353,1.2902693474957393e-17,True
OGS_SLR_RN,RAYB_G78910,720,-0.8753479125248509,3.648425549776447,-10.39263492812379,2.002454535088191e-18,2.353854538197909,2.680790615644933,0.29447324348709025,0.2585607307466611,1.5499791896952353,1.2902693474957393e-17,True
DSWL_BES1,HB_BUSAVG,720,-0.0553280318091451,1.6716292842295892,-10.367435065885136,2.3106169820075245e-18,2.2321758664145026,3.70472399089187,0.3105253447943298,0.1870981973998765,0.7488788447993985,1.4821254875579797e-17,True
PRCRK_RN,SPNC_SPNCE_5,720,2.086421471172962,5.5880191913917745,-10.341752181336004,2.6739779698957822e-18,2.191735907068142,2.560465282942832,0.31625488195206863,0.27071141529530407,2.549586003209118,1.699885995148033e-17,True
PRCRK_RN,SPNC_SPNCE_4,720,2.086421471172962,5.5880191913917745,-10.341752181336004,2.6739779698957822e-18,2.191735907068142,2.560465282942832,0.31625488195206863,0.27071141529530407,2.549586003209118,1.699885995148033e-17,True
BULLCRK_1_2,JUNO_ALL,720,0.09198807157057622,1.2847899761151451,-10.338975562598979,2.7165624983410926e-18,2.0606915096789744,2.738231794908649,0.3363663009743401,0.2531367804028693,0.623475163594621,1.719282221172318e-17,True
SNY_BESS_RN,SWT_BESS_RN,720,-1.0249900596421473,2.492137426805404,-10.326616679820011,2.914556990520976e-18,2.2594278610515515,3.5353102716792737,0.30677995633697747,0.19606403039433937,1.1029949084745498,1.8364288294256063e-17,True
ECLIPSE_UN1,FTDUNCAN_RN,720,0.5641153081510935,1.266900554331709,-10.3250265348018,2.94106634205507e-18,2.7077853377638648,2.6931975024325223,0.25598306146836514,0.25736960617774524,0.46787333422003713,1.8449684894653833e-17,True
TNSKA_CC1,TYSN_SLR_RN,720,1.3155666003976143,2.4836753920802277,-10.3233845184064,2.9686954877003983e-18,3.5957029238591263,3.7960860017313687,0.1927709811510284,0.18259522577828996,0.6907343138944851,1.84529745041334e-17,True
TNSKA_CCU,TYSN_SLR_RN,720,1.3155666003976143,2.4836753920802277,-10.3233845184064,2.9686954877003983e-18,3.5957029238591263,3.7960860017313687,0.1927709811510284,0.18259522577828996,0.6907343138944851,1.84529745041334e-17,True
ALGOD_ALL_RN,B_D_B_DAVIG1,720,-0.11646123260437388,1.7097939701340759,-10.322689639803254,2.9804663876058163e-18,2.1545931024041556,2.0030909458108983,0.32170676671456533,0.34603879669544557,0.7935577108393411,1.84529745041334e-17,True
CONTINEN_RN,LV5_UNIT1,720,-0.020795228628230727,0.3152576948473354,-10.309362626962761,3.215546465122427e-18,2.628966517470909,4.406930571328622,0.26365766773886473,0.15728570471918554,0.11991696841792278,1.9638818981172296e-17,True
JAR_RN,WAP_WAP_G6,720,-0.30051689860835007,2.3892032484831573,-10.308834065946558,3.2252458684301843e-18,2.9680789385485835,4.991712193161542,0.23353394397889576,0.13885960442782155,0.8049662080926657,1.9638818981172296e-17,True
SAH_RN,WAP_WAP_G6,720,-0.30051689860835007,2.3892032484831573,-10.308834065946558,3.2252458684301843e-18,2.9680789385485835,4.991712193161542,0.23353394397889576,0.13885960442782155,0.8049662080926657,1.9638818981172296e-17,True
CATARINA_B1,LYSSY_RN,720,0.6849304174950298,3.9754041044846513,-10.308335763724852,3.2344170023895923e-18,2.2950126706274716,1.9587127742583035,0.3020232478152002,0.3538789299122308,1.7321926607916067,1.9638818981172296e-17,True
RN_OCI_ALAMO,WEC_WECG1,720,-2.2462425447316106,9.824941997579216,-10.307149304640284,3.256359414785518e-18,2.038673169900499,5.348353094529028,0.3399991674946973,0.12960011583172845,4.819282532696861,1.9638818981172296e-17,True
BEXAR_ES_RN,WEC_WECG1,720,-2.2462425447316106,9.824941997579216,-10.307149304640284,3.256359414785518e-18,2.038673169900499,5.348353094529028,0.3399991674946973,0.12960011583172845,4.819282532696861,1.9638818981172296e-17,True
Q1_DGR1_RN,WEC_WECG1,720,-2.2446918489065606,9.82648483627401,-10.306494187051294,3.268539395040614e-18,2.0393077911932838,5.349658829031991,0.33989336163637957,0.12956848328314213,4.818539348846466,1.9638818981172296e-17,True
ALGOD_ALL_RN,B_DAVIS_CC1,720,-0.11194831013916515,1.7287523370168338,-10.301226137631081,3.3681670407785177e-18,2.1452123645544674,2.0030909458108983,0.3231135490419863,0.34603879669544557,0.8058653612020706,2.0068074753425143e-17,True
ALGOD_ALL_RN,B_DAVIS_3,720,-0.11194831013916515,1.7287523370168338,-10.301226137631081,3.3681670407785177e-18,2.1452123645544674,2.0030909458108983,0.3231135490419863,0.34603879669544557,0.8058653612020706,2.0068074753425143e-17,True
LANTANA_RN,SROSA_ESR_RN,720,-0.6657455268389663,1.893092968374042,-10.29240047236288,3.541981575726285e-18,3.028407658585367,2.983620791193938,0.2288817288501142,0.23231745220630826,0.6251116698266261,2.101575734930929e-17,True
LZ_HOUSTON,RBN_BESS1,720,-0.22502982107355862,1.3526261711462964,-10.291090168679247,3.568546579253995e-18,2.1946605707848708,2.4402526516831795,0.31583343218858523,0.28404730144718526,0.6163259089593797,2.1085520036753896e-17,True
BAYC_BESS_RN,MUSTNGCK_ALL,720,0.03823061630218707,2.1718114078648014,-10.283705991766025,3.722050850518757e-18,2.6511189611093777,3.0114630163341323,0.26145457473922384,0.230169580964576,0.8192055655457999,2.184215951425285e-17,True
CALAVER_JKS1,WEC_WECG1,720,-2.2565805168986084,9.511780923236802,-10.282740050289023,3.742617220138831e-18,1.9937050376057472,4.735487656205779,0.34766786835847596,0.1463729252153339,4.770906801068005,2.184215951425285e-17,True
CALAVER_JKS2,WEC_WECG1,720,-2.2565805168986084,9.511780923236802,-10.282740050289023,3.742617220138831e-18,1.9937050376057472,4.735487656205779,0.34766786835847596,0.1463729252153339,4.770906801068005,2.184215951425285e-17,True
GREGORY_RN,W_HRL_ESR_RN,720,1.6798409542743542,3.549911055301313,-10.276234147556165,3.884152700966838e-18,2.1242087132931524,2.1620125927583955,0.3263084160338284,0.32060274897640445,1.6711686724031463,2.257564671908889e-17,True
ELS_RN_1,LUCKYBLU_RN,720,-0.8814910536779323,2.6839691506819214,-10.269958178198502,4.025795213436917e-18,1.9289007648887655,1.9392762705301319,0.3593482843581729,0.35742570106860666,1.3914500940315084,2.330379017859419e-17,True
ATK_ATKINSG7,DILEOS_UNIT1,720,-0.07240556660039761,3.980065613701782,-10.253732012137798,4.416604131070138e-18,3.3859447139347685,2.807823999937843,0.20471308279409167,0.24686275940916863,1.1754668046769707,2.5462527460096666e-17,True
DC2SES_ALL,HB_BUSAVG,720,0.05856858846918474,1.8548120733534075,-10.252949468047616,4.4363896517374216e-18,2.180218777300522,4.059799175591022,0.3179255163640862,0.1707343517697615,0.850745848382233,2.5473463161589063e-17,True
CHE_LYD2,CR_RN,720,-0.11759443339960259,0.8183571012389604,-10.213806911121464,5.5489291942106896e-18,3.1465257986467585,1.1833823105282664,0.22028968612240538,0.5857339377081966,0.2600827559052321,3.173363523114868e-17,True
BOCO_ESS_RN,BULLCRK_1_2,720,-0.05920477137176906,1.2355966040521946,-10.199075948224472,6.037018283155342e-18,2.293087811094151,2.6864996335803695,0.3022767716118158,0.25801126934686,0.5388352762045461,3.397910685855022e-17,True
BULLCRK_1_2,MESQCRK_ALL,720,0.05920477137176906,1.2355966040521946,-10.199075948224472,6.037018283155342e-18,2.293087811094151,2.6864996335803695,0.3022767716118158,0.25801126934686,0.5388352762045461,3.397910685855022e-17,True
BULLCRK_1_2,LGDRAW_S_ALL,720,0.05920477137176906,1.2355966040521946,-10.199075948224472,6.037018283155342e-18,2.293087811094151,2.6864996335803695,0.3022767716118158,0.25801126934686,0.5388352762045461,3.397910685855022e-17,True
BULLCRK_1_2,SRWE1_UNIT1,720,0.05920477137176906,1.2355966040521946,-10.199075948224472,6.037018283155342e-18,2.293087811094151,2.6864996335803695,0.3022767716118158,0.25801126934686,0.5388352762045461,3.397910685855022e-17,True
E_HARRIS_RN,GREGORY_RN,720,-1.7201988071570582,3.5839567208784833,-10.183140336906597,6.613853518747886e-18,2.145975371705712,2.1298394015339612,0.3229986651752684,0.3254457496000516,1.670082876128165,3.7079241774397596e-17,True
DANSBY_ALL,DILEOS_UNIT1,720,0.3058051689860835,3.5272112526653974,-10.179626811575533,6.748327954722425e-18,3.116611989022308,2.7902487140672543,0.22240406666002335,0.2484177045097773,1.1317453905360533,3.7684780421665615e-17,True
DC2SES_ALL,ETCCS_CC1,720,-0.6378330019880718,2.5506221168984418,-10.174497280790971,6.949612655064246e-18,2.0951222503657343,2.559128183028237,0.3308385371970281,0.27085285729601033,1.2174096840664994,3.850680319381901e-17,True
DC2SES_ALL,ETCCS_CCU,720,-0.6378330019880718,2.5506221168984418,-10.174497280790971,6.949612655064246e-18,2.0951222503657343,2.559128183028237,0.3308385371970281,0.27085285729601033,1.2174096840664994,3.850680319381901e-17,True
ELZA_SLR_RN,TROJ_SLR_RN,720,-0.12737574552683908,1.7435683381413862,-10.166699083890698,7.267261399870935e-18,2.02285840931129,5.431106413937879,0.3426572899859742,0.1276254095815758,0.8619329608615602,3.9955908237128236e-17,True
ELZA_SLR_RN,WILDWIND_ALL,720,-0.12737574552683908,1.7435683381413862,-10.166699083890698,7.267261399870935e-18,2.02285840931129,5.431106413937879,0.3426572899859742,0.1276254095815758,0.8619329608615602,3.9955908237128236e-17,True
BLUEJAY_RN,CNTRY_RN,720,0.9507355864811132,3.43458923929707,-10.153814391575528,7.824466133904031e-18,2.4064812592270357,3.065877493998437,0.2880334837025013,0.22608443485325336,1.4272245944687987,4.208768712666801e-17,True
AMISTAD_ALL,FERMI_ALL,720,-0.22159045725646134,1.2533309623811808,-10.152982518462574,7.86188537618911e-18,1.3141938474852453,0.78207517853769,0.5274314606527082,0.8862922639431918,0.9536880459298088,4.208768712666801e-17,True
AMISTAD_ALL,ANTL_ESS_ES1,720,-0.22159045725646134,1.2533309623811808,-10.152982518462574,7.86188537618911e-18,1.3141938474852453,0.78207517853769,0.5274314606527082,0.8862922639431918,0.9536880459298088,4.208768712666801e-17,True
FERMI_ALL,TSECA_ES_RN,720,0.22159045725646134,1.2533309623811808,-10.152982518462572,7.86188537618939e-18,1.3141938474852453,0.78207517853769,0.5274314606527082,0.8862922639431918,0.9536880459298088,4.208768712666801e-17,True
FERMI_ALL,HAMI_BESS_RN,720,0.22159045725646134,1.2533309623811808,-10.152982518462572,7.86188537618939e-18,1.3141938474852453,0.78207517853769,0.5274314606527082,0.8862922639431918,0.9536880459298088,4.208768712666801e-17,True
ANTL_ESS_ES1,TSECA_ES_RN,720,0.22159045725646134,1.2533309623811808,-10.152982518462572,7.86188537618939e-18,1.3141938474852453,0.78207517853769,0.5274314606527082,0.8862922639431918,0.9536880459298088,4.208768712666801e-17,True
ANTL_ESS_ES1,HAMI_BESS_RN,720,0.22159045725646134,1.2533309623811808,-10.152982518462572,7.86188537618939e-18,1.3141938474852453,0.78207517853769,0.5274314606527082,0.8862922639431918,0.9536880459298088,4.208768712666801e-17,True
BOSQUESW_CC1,CORALSLR_ALL,720,-0.010457256461232672,1.4986967743929138,-10.149415849518785,8.02437425181294e-18,2.332789330367129,2.3023244000084744,0.297132352046063,0.3010640813941745,0.6424484006693619,4.263697363649861e-17,True
BOSQ_BSQS_34,CORALSLR_ALL,720,-0.010457256461232672,1.4986967743929138,-10.149415849518785,8.02437425181294e-18,2.332789330367129,2.3023244000084744,0.297132352046063,0.3010640813941745,0.6424484006693619,4.263697363649861e-17,True
JCKCNTY2_CC1,LACASAWD_RN,720,0.05363817097415485,1.8827033215846336,-10.142011036877221,8.372599432875412e-18,2.203520753203204,5.290680899570814,0.31456349097340436,0.13101284952115977,0.8544068935351727,4.3833020560347746e-17,True
JCKCNTY2_ST2,LACASAWD_RN,720,0.05363817097415485,1.8827033215846336,-10.142011036877221,8.372599432875412e-18,2.203520753203204,5.290680899570814,0.31456349097340436,0.13101284952115977,0.8544068935351727,4.3833020560347746e-17,True
JCKCNTY2_CT4,LACASAWD_RN,720,0.05363817097415485,1.8827033215846336,-10.142011036877221,8.372599432875412e-18,2.203520753203204,5.290680899570814,0.31456349097340436,0.13101284952115977,0.8544068935351727,4.3833020560347746e-17,True
JCKCNTY2_CT3,LACASAWD_RN,720,0.05363817097415485,1.8827033215846336,-10.142011036877221,8.372599432875412e-18,2.203520753203204,5.290680899570814,0.31456349097340436,0.13101284952115977,0.8544068935351727,4.3833020560347746e-17,True
ANACACHO_ANA,FTDUNCAN_RN,720,0.5239363817097414,1.396629840823728,-10.132753440818114,8.829440232266121e-18,2.5147576491997605,2.662267678684048,0.27563180125151093,0.26035968738596793,0.5553735332182645,4.6055395204201305e-17,True
JC_BAT_RN,MAR_MARSFOG2,720,-0.4942345924453281,2.428628997071089,-10.091611367939173,1.118334457760607e-17,2.608633839031924,4.174332148807942,0.26571271528746837,0.16604983883658764,0.9309965088746852,5.794101035115727e-17,True
JC_BAT_RN,MAR_MARSFOG3,720,-0.4941153081510935,2.428576707318698,-10.09151641739393,1.1189450734949613e-17,2.608759369582109,4.175179751753035,0.26569992949214744,0.16601612907058988,0.9309316664601863,5.794101035115727e-17,True
DIBOL_RN,KELAMSL_U1,720,-0.35218687872763416,1.218779020031165,-10.089908537449803,1.1293362657484855e-17,1.3522096533075874,2.977281808490356,0.5126033369636617,0.2328120833517633,0.9013240047872437,5.826720443571896e-17,True
JC_BAT_RN,MAR_MARSFOG1,720,-0.4934194831013917,2.4286500104964057,-10.081376979963947,1.1861200912162271e-17,2.6078593634965386,4.174332148807942,0.26579162598346356,0.16604983883658764,0.9312810516132073,6.097599313689197e-17,True
CISC_RN,LZ_NORTH,720,1.9660238568588468,3.33031776707698,-10.06804175970722,1.2806886408861709e-17,3.201293447291246,6.197791434873191,0.2165209756532777,0.11183777121956788,1.0403038090415946,6.560074189287437e-17,True
ELZA_SLR_RN,NOBLESLR_ALL,720,0.013737574552683861,1.8342407123266715,-10.065006370445175,1.3032539851919388e-17,2.056997373096088,5.592240004459434,0.3369703771262747,0.12394803871207373,0.8917078535525135,6.611105357531194e-17,True
ELZA_SLR_RN,HMNG_ESS_RN,720,0.013737574552683861,1.8342407123266715,-10.065006370445175,1.3032539851919388e-17,2.056997373096088,5.592240004459434,0.3369703771262747,0.12394803871207373,0.8917078535525135,6.611105357531194e-17,True
BEXAR_ES_RN,X443ESRN,720,-0.34236580516898607,0.8970159524267478,-10.063607965153222,1.3137840740777671e-17,4.561584241418029,4.959094690352075,0.15195316887197752,0.13977292708454708,0.19664570573575518,6.611105357531194e-17,True
RN_OCI_ALAMO,X443ESRN,720,-0.34236580516898607,0.8970159524267478,-10.063607965153222,1.3137840740777671e-17,4.561584241418029,4.959094690352075,0.15195316887197752,0.13977292708454708,0.19664570573575518,6.611105357531194e-17,True
Q1_DGR1_RN,X443ESRN,720,-0.34081510934393633,0.8833781206223984,-10.063597349511246,1.3138643372059887e-17,4.549468896593274,4.938810782591887,0.15235782380641982,0.14034698049237304,0.19417170239011594,6.611105357531194e-17,True
BRTSW_BCW1,LUCKYBLU_RN,720,0.6140954274353879,3.6696706658304286,-10.056208916030982,1.3709413804498078e-17,2.283563359807825,1.1035785053121756,0.3035375294418271,0.6280905048652345,1.6069931451953463,6.874015935776501e-17,True
BOSQ_BSQS_12,BOSQ_BSQS_34,720,-0.32220675944333993,1.2223876531997757,-10.04505309964331,1.461886935250352e-17,3.5702195588288923,4.292831951254059,0.1941469338617685,0.1614661809338838,0.34238444808720525,7.178368951022419e-17,True
BOSQ_BSQSU_5,BOSQ_BSQS_34,720,-0.32220675944333993,1.2223876531997757,-10.04505309964331,1.461886935250352e-17,3.5702195588288923,4.292831951254059,0.1941469338617685,0.1614661809338838,0.34238444808720525,7.178368951022419e-17,True
BOSQUESW_CC1,BOSQ_BSQS_12,720,0.32220675944333993,1.2223876531997757,-10.04505309964331,1.461886935250352e-17,3.5702195588288923,4.292831951254059,0.1941469338617685,0.1614661809338838,0.34238444808720525,7.178368951022419e-17,True
BOSQUESW_CC1,BOSQUESW_CC2,720,0.32220675944333993,1.2223876531997757,-10.04505309964331,1.461886935250352e-17,3.5702195588288923,4.292831951254059,0.1941469338617685,0.1614661809338838,0.34238444808720525,7.178368951022419e-17,True
BOSQUESW_CC2,BOSQ_BSQS_34,720,-0.32220675944333993,1.2223876531997757,-10.04505309964331,1.461886935250352e-17,3.5702195588288923,4.292831951254059,0.1941469338617685,0.1614661809338838,0.34238444808720525,7.178368951022419e-17,True
BOSQUESW_CC1,BOSQ_BSQSU_5,720,0.32220675944333993,1.2223876531997757,-10.04505309964331,1.461886935250352e-17,3.5702195588288923,4.292831951254059,0.1941469338617685,0.1614661809338838,0.34238444808720525,7.178368951022419e-17,True
CATARINA_B1,COTULLA_RN,720,0.6448508946322069,4.554705627613856,-10.007556829796766,1.8144911554065395e-17,2.010048850608267,1.771993939010892,0.3448409626214755,0.39116791841108245,2.2659676287148653,8.879159468381142e-17,True
LEONLCPCT3_4,STADIUM_RN,720,1.5846520874751489,31.91592263054282,-9.98691322428346,2.043960180685413e-17,3.3036167282165487,3.277932205177916,0.20981464787961027,0.21145866881109684,9.660903566066082,9.899997609850435e-17,True
LEONLCPCT1_2,STADIUM_RN,720,1.5846520874751489,31.91592263054282,-9.98691322428346,2.043960180685413e-17,3.3036167282165487,3.277932205177916,0.20981464787961027,0.21145866881109684,9.660903566066082,9.899997609850435e-17,True
FERD_ESS_RN,STADIUM_RN,720,1.5846520874751489,31.91592263054282,-9.98691322428346,2.043960180685413e-17,3.3036167282165487,3.277932205177916,0.20981464787961027,0.21145866881109684,9.660903566066082,9.899997609850435e-17,True
DECKER_GT,SANDHSYD6_7,720,0.3635586481113321,1.6997751960689025,-9.944227629947587,2.615338513239822e-17,2.1086397796137515,1.214228610131548,0.32871768201532836,0.5708539353926527,0.8061003176086612,1.245565900619902e-16,True
DECKER_GT,SANDHSYD1_2,720,0.3635586481113321,1.6997751960689025,-9.944227629947587,2.615338513239822e-17,2.1086397796137515,1.214228610131548,0.32871768201532836,0.5708539353926527,0.8061003176086612,1.245565900619902e-16,True
DECKER_GT,SANDHSYD_CC1,720,0.3635586481113321,1.6997751960689025,-9.944227629947587,2.615338513239822e-17,2.1086397796137515,1.214228610131548,0.32871768201532836,0.5708539353926527,0.8061003176086612,1.245565900619902e-16,True
DECKER_GT,SANDHSYD_5AC,720,0.3635586481113321,1.6997751960689025,-9.944227629947587,2.615338513239822e-17,2.1086397796137515,1.214228610131548,0.32871768201532836,0.5708539353926527,0.8061003176086612,1.245565900619902e-16,True
DECKER_GT,SANDHSYD3_4,720,0.3635586481113321,1.6997751960689025,-9.944227629947587,2.615338513239822e-17,2.1086397796137515,1.214228610131548,0.32871768201532836,0.5708539353926527,0.8061003176086612,1.245565900619902e-16,True
CNTRY_RN,DA_BESS,720,0.12155069582504985,3.6922950869180267,-9.935328217651197,2.7533862690173828e-17,2.10244039147919,2.5233596701016894,0.3296869596727428,0.27469218469835177,1.756194897074005,1.3025986867377917e-16,True
CNTRY_RN,DA_BESS2,720,0.12155069582504985,3.6922950869180267,-9.935328217651197,2.7533862690173828e-17,2.10244039147919,2.5233596701016894,0.3296869596727428,0.27469218469835177,1.756194897074005,1.3025986867377917e-16,True
TGS_GT01,TNG_RN,720,0.5889264413518888,2.305036154567042,-9.92888635903981,2.8578641416979505e-17,1.6919740615393197,2.8540684806503944,0.4096677344623922,0.24286284132957758,1.3623353968381597,1.347549184694663e-16,True
MEDILA_RN,SHAW_SLR_RN,720,-0.6538767395626242,2.1343486370081415,-9.926065295602012,2.9048645672653376e-17,3.012271417097346,1.4981218931195206,0.23010781054645754,0.46267742547745133,0.7085512364170757,1.3651904764969772e-16,True
ECLIPSE_UN1,ESCONDID_ESR,720,0.47433399602385684,1.0905283560713828,-9.925457340372379,2.915094814461262e-17,2.670277945108083,2.7372810076835408,0.25957866364802307,0.2532247067854133,0.40839507290588145,1.3654917815108018e-16,True
KELAMSL_U1,LFSTH_RN,720,0.3780119284294233,1.2051152694271334,-9.909940658415547,3.1888275281129043e-17,1.3550712101437075,2.9950524795821534,0.5115208524623853,0.2314307296066638,0.8893372247937649,1.48881652460091e-16,True
MUSTNGCK_ALL,TUL_SLR_ALL,720,0.35779324055665984,3.1241751901133767,-9.882980657609055,3.727366445245272e-17,2.6845395989013747,2.09433529577022,0.2581996484028807,0.33096285105820705,1.163765731521308,1.7345653000095644e-16,True
BCATWD_WD_1,WNDTS2_UNIT1,720,-0.2923459244532801,1.364014487288226,-9.868506229503629,4.053325608892265e-17,1.625168272435488,2.948796151478154,0.4265079452487651,0.23506107067200585,0.8393066185350179,1.880109337805402e-16,True
KARAKAW1_1,SPARTA_ALL,720,0.6809145129224654,2.910319864173165,-9.866064758424782,4.1110663019451744e-17,2.462653292655949,2.9119455194243447,0.28146356721306576,0.2380357654139669,1.1817822154877562,1.8847730601936197e-16,True
FOXTROT_ALL,KARAKAW1_1,720,-0.6809145129224654,2.910319864173165,-9.866064758424782,4.1110663019451744e-17,2.462653292655949,2.9119455194243447,0.28146356721306576,0.2380357654139669,1.1817822154877562,1.8847730601936197e-16,True
FOXTROT_ALL,KARAKAW2_1,720,-0.6812524850894633,2.9100871795016023,-9.86584419451469,4.11632318623747e-17,2.4628921239695973,2.9119455194243447,0.2814362731578989,0.2380357654139669,1.1815731396352158,1.8847730601936197e-16,True
KARAKAW2_1,SPARTA_ALL,720,0.6812524850894633,2.9100871795016023,-9.86584419451469,4.11632318623747e-17,2.4628921239695973,2.9119455194243447,0.2814362731578989,0.2380357654139669,1.1815731396352158,1.8847730601936197e-16,True
GOA_GOATWIND,INDNNWP_RN,720,0.11608349900596428,0.9727233963275638,-9.838126855430202,4.833729675601845e-17,1.7526505359359588,1.603303401191714,0.39548510461601377,0.4323243997640985,0.5550013401890784,2.2058326212873672e-16,True
CBEC_CC1,DAG_ALL,720,-0.21049701789264402,1.1668795652559036,-9.836502533139328,4.879475250741016e-17,2.4206112126381356,1.505652496442915,0.2863521316190672,0.46036331902447397,0.4820598860170379,2.2058326212873672e-16,True
CBEC_ALL,DAG_ALL,720,-0.21049701789264402,1.1668795652559036,-9.836502533139328,4.879475250741016e-17,2.4206112126381356,1.505652496442915,0.2863521316190672,0.46036331902447397,0.4820598860170379,2.2058326212873672e-16,True
CBEC_CC2,DAG_ALL,720,-0.21049701789264402,1.1668795652559036,-9.836502533139328,4.879475250741016e-17,2.4206112126381356,1.505652496442915,0.2863521316190672,0.46036331902447397,0.4820598860170379,2.2058326212873672e-16,True
RN_LNP_SLR,WAL_RN,720,-0.954572564612326,2.5776608049356637,-9.828277389725958,5.1178879731694304e-17,2.430674010009487,2.881140800950941,0.28516665653459633,0.24058080755066436,1.0604716199378803,2.2973756608161853e-16,True
DC2SES_ALL,WHCCS2_5_6,720,-0.16453280318091457,0.9273771707080636,-9.82731598883507,5.146508678373337e-17,2.1105752781609306,3.649173462694848,0.3284162321677176,0.18994635022037806,0.4393954483898543,2.2973756608161853e-16,True
DC2SES_ALL,WHCCS2_CC2,720,-0.16453280318091457,0.9273771707080636,-9.82731598883507,5.146508678373337e-17,2.1105752781609306,3.649173462694848,0.3284162321677176,0.18994635022037806,0.4393954483898543,2.2973756608161853e-16,True
DC2SES_ALL,WHCCS2_4,720,-0.16453280318091457,0.9273771707080636,-9.82731598883507,5.146508678373337e-17,2.1105752781609306,3.649173462694848,0.3284162321677176,0.18994635022037806,0.4393954483898543,2.2973756608161853e-16,True
ALGOD_ALL_RN,FOXTROT_ALL,720,0.9160437375745527,3.651053285519227,-9.800074392138626,6.027928590693861e-17,2.5954877160643717,2.912413309350273,0.2670585479059745,0.23799753226460113,1.4066925699249488,2.674071748644255e-16,True
ALGOD_ALL_RN,SPARTA_ALL,720,0.9160437375745527,3.651053285519227,-9.800074392138626,6.027928590693861e-17,2.5954877160643717,2.912413309350273,0.2670585479059745,0.23799753226460113,1.4066925699249488,2.674071748644255e-16,True
ATK_ATKINSG7,HWY6_RN,720,0.8889264413518887,2.421264864976811,-9.781113101765202,6.729578497198272e-17,5.215976239838799,3.8197540823640965,0.13288925192292808,0.18146382348544995,0.4642016668871254,2.976062043481472e-16,True
OUTP_SLR_RN,RELOJ_ALL,720,-0.19153081510934397,0.9390528003776695,-9.770103371006343,7.174079253893504e-17,1.4741245215712697,4.4207612791024316,0.4702093821905354,0.156793623721903,0.6370240686158133,3.149189528009826e-16,True
BOARDCRK_ALL,WND_WHITNEY,720,0.3603777335984096,1.8715655015933095,-9.769783970865134,7.187405875022426e-17,2.747094008455321,3.2466961843202875,0.25232015301496685,0.21349308380237592,0.6812892080987365,3.149189528009826e-16,True
PISG_RN_ALL,WND_WHITNEY,720,0.3603777335984096,1.8715655015933095,-9.769783970865134,7.187405875022426e-17,2.747094008455321,3.2466961843202875,0.25232015301496685,0.21349308380237592,0.6812892080987365,3.149189528009826e-16,True
REDFISH_ALL,RN_SR_WIND1,720,-0.749761431411531,1.6302164030155306,-9.765171309382982,7.382661518700508e-17,3.296825802663031,3.3079325386884504,0.21024683196790425,0.20954090582354154,0.49448060061247806,3.22481901921151e-16,True
BLUEJAY_RN,HWY6_RN,720,-0.42918489065606363,1.1955791457012768,-9.760982203658504,7.564603424766881e-17,5.013612716708549,3.9472704971725605,0.13825303622873336,0.17560164195903177,0.23846659350389113,3.2941881580636203e-16,True
DA_BESS2,RN_LNP_SLR,720,0.24630218687872757,1.8226155202883587,-9.759579252200943,7.626538464931602e-17,2.1658692337525083,2.859626922810967,0.32003186977222214,0.2423907730867888,0.8415168800983241,3.3009698401406086e-16,True
DA_BESS,RN_LNP_SLR,720,0.24630218687872757,1.8226155202883587,-9.759579252200943,7.626538464931602e-17,2.1658692337525083,2.859626922810967,0.32003186977222214,0.2423907730867888,0.8415168800983241,3.3009698401406086e-16,True
BOSQ_BSQS_12,TNS_SLR_ALL,720,-0.30801192842942376,0.8926836435752765,-9.752482123828775,7.947747235735865e-17,2.4195070667287837,3.501755731180454,0.28648280887110306,0.1979427560831843,0.36895269117035506,3.408913272195142e-16,True
BOSQ_BSQSU_5,TNS_SLR_ALL,720,-0.30801192842942376,0.8926836435752765,-9.752482123828775,7.947747235735865e-17,2.4195070667287837,3.501755731180454,0.28648280887110306,0.1979427560831843,0.36895269117035506,3.408913272195142e-16,True
BOSQUESW_CC2,TNS_SLR_ALL,720,-0.30801192842942376,0.8926836435752765,-9.752482123828775,7.947747235735865e-17,2.4195070667287837,3.501755731180454,0.28648280887110306,0.1979427560831843,0.36895269117035506,3.408913272195142e-16,True
HOLCOMB_RN1,MUSTNGCK_ALL,720,0.454055666003976,3.7000319064095795,-9.74374095516449,8.362110771513361e-17,2.2812721159919267,2.7103005372131093,0.30384239376833655,0.25574550535738005,1.6219160706309503,3.5655160352259537e-16,True
ELZA_SLR_RN,FRNYPP_2_CCU,720,0.36459244532803153,0.9458960332297964,-9.742186203790551,8.438054100218725e-17,3.3607044837760567,2.244266307285327,0.2062505596389515,0.30885246474977324,0.2814576639499693,3.5655160352259537e-16,True
ELZA_SLR_RN,FRNYPP_CC1,720,0.36459244532803153,0.9458960332297964,-9.742186203790551,8.438054100218725e-17,3.3607044837760567,2.244266307285327,0.2062505596389515,0.30885246474977324,0.2814576639499693,3.5655160352259537e-16,True
ELZA_SLR_RN,FRNYPP_1_CCU,720,0.36459244532803153,0.9458960332297964,-9.742186203790551,8.438054100218725e-17,3.3607044837760567,2.244266307285327,0.2062505596389515,0.30885246474977324,0.2814576639499693,3.5655160352259537e-16,True
ELZA_SLR_RN,FRNYPP_CC2,720,0.36459244532803153,0.9458960332297964,-9.742186203790551,8.438054100218725e-17,3.3607044837760567,2.244266307285327,0.2062505596389515,0.30885246474977324,0.2814576639499693,3.5655160352259537e-16,True
ANACACHO_ANA,ESCONDID_ESR,720,0.43415506958250477,1.230315620361832,-9.736953361789858,8.698785971954216e-17,2.422873145863445,2.720516420837103,0.286084800495375,0.2547851486030229,0.5077920082041197,3.664813971616214e-16,True
BRP_PBL2_RN,ZIER_SLR_ALL,720,-0.8617495029821072,1.9060318703817907,-9.731730742386958,8.967080851310311e-17,2.774309983872645,2.527509393436894,0.24984489281633365,0.27424118872112574,0.6870291645352372,3.766702988868992e-16,True
GRIM_SLR_RN,HWY6_RN,720,-0.5081709741550698,1.4519317516147439,-9.728773027260702,9.122695502256656e-17,5.037393759418967,3.972033514507282,0.13760035718150723,0.1745068811802128,0.28823074410252486,3.820799528003964e-16,True
DA_BESS2,WGU_RN,720,0.18077534791252475,1.7795048315323119,-9.718179277796555,9.702669207587014e-17,2.1814028480236334,2.87671184068037,0.3177529456276,0.24095120364784584,0.8157616705894356,4.039941798714593e-16,True
DA_BESS,WGU_RN,720,0.18077534791252475,1.7795048315323119,-9.718179277796555,9.702669207587014e-17,2.1814028480236334,2.87671184068037,0.3177529456276,0.24095120364784584,0.8157616705894356,4.039941798714593e-16,True
GOA_GOATWIND,INDNENR_1_RN,720,0.1330616302186877,0.9411509494974573,-9.706675951342318,1.0374479994395138e-16,1.8230403786962925,1.6033674843915466,0.38021493580720045,0.4323071206742003,0.5162534853838513,4.3070727440287686e-16,True
BRANDON_RN,FAGUSSLR_RN,720,1.2737176938369785,2.7390739659711283,-9.699149778024298,1.0839117641982747e-16,3.2707288914010952,2.3610719051717965,0.21192437636218117,0.29357309239148754,0.8374506285654817,4.486890558774253e-16,True
CRAWFISH_RN,MUSTNGCK_ALL,720,-0.09411530815109354,2.1444745924151674,-9.695677235680048,1.1060492606276693e-16,2.8729700877083317,3.0943089192830087,0.24126501822121116,0.2240071042165229,0.746431228640372,4.565258397489279e-16,True
LILY_RN,SMTH_ESS_RN,720,0.14966202783300206,2.013382538937168,-9.66473439695042,1.3244969391510538e-16,1.2156422054076255,1.1430609357108144,0.5701901245914058,0.6063956512772528,1.6562295468032442,5.436323170457431e-16,True
LAUR_BESS_RN,OLMITO_RN,720,-0.7104970178926441,1.0237239416250987,-9.664705238388873,1.3247220085314105e-16,3.8808308863605547,3.1830087421807787,0.1786079323878962,0.2177647743703803,0.26378988716644325,5.436323170457431e-16,True
7RNCHSLR_ALL,WIPOPA_1_2,720,0.5245129224652088,2.02149714531038,-9.659330747317076,1.366869694654547e-16,2.0321547572563174,1.5751629998131762,0.34108976104545663,0.44004790656088083,0.9947555116519143,5.577141676756662e-16,True
7RNCHSLR_ALL,WIPOPA_3_4,720,0.5245129224652088,2.02149714531038,-9.659330747317076,1.366869694654547e-16,2.0321547572563174,1.5751629998131762,0.34108976104545663,0.44004790656088083,0.9947555116519143,5.577141676756662e-16,True
CFLAT_ES_RN,DC_L,720,-1.1612326043737573,3.2453321783416036,-9.651091904485106,1.434110251083383e-16,3.0980212238415707,2.042024390008536,0.22373868042790143,0.3394411858895807,1.0475500146242918,5.83477999297925e-16,True
OLMITO_RN,RN_SR_WIND1,720,0.6774751491053678,0.9293024130921067,-9.640982443988543,1.5211748313434377e-16,3.6691012406800625,3.268255249142865,0.1889147055619189,0.21208477542925405,0.25327794250775754,6.167045393759941e-16,True
DANSBY_ALL,RPUBRDS_RN,720,-1.3900198807157058,3.8923467915154606,-9.640518508647743,1.5252953505978034e-16,5.080463593417975,4.054915509647101,0.1364338446314144,0.1709399810947651,0.7661400814992974,6.167045393759941e-16,True
EMPCT_RN,LHSES_UNIT1,720,1.6279324055666002,5.296421036532,-9.639643237339168,1.5330997678307717e-16,2.8282503586198353,2.468479920498419,0.24507985244212815,0.28079919743482845,1.8726846512685014,6.167045393759941e-16,True
EMPCT_RN,LHSES_UNIT2,720,1.6279324055666002,5.296421036532,-9.639643237339168,1.5330997678307717e-16,2.8282503586198353,2.468479920498419,0.24507985244212815,0.28079919743482845,1.8726846512685014,6.167045393759941e-16,True
ATK_ATKINSG7,RPUBRDS_RN,720,-1.768230616302187,4.968853973629333,-9.6343297368105,1.5813462489130552e-16,5.079517465513392,4.052364748700096,0.13645925725543068,0.17104757926400643,0.9782137786442526,6.343202981555466e-16,True
BRIGHTSD_U1,SAN_SANMIGG1,720,0.5909940357852882,2.374869718792856,-9.631038769211374,1.6119898974070792e-16,3.3455168463387888,2.7587621520046692,0.20718687497224836,0.2512529686751959,0.7098663159899572,6.447959589628317e-16,True
CHISMGRD_RN,MDWPK_RN,720,0.12461232604373763,1.1023541446225396,-9.615184525610653,1.7681836577494198e-16,2.506403970373467,2.404875552258011,0.27655046383311577,0.2882258002536257,0.4398150328728865,7.052923049398246e-16,True
FEGC_RN,TC_TCHP1,720,0.019244532803180964,0.6235732925967647,-9.608964158982575,1.8335395596782368e-16,2.4449034100505136,3.1052966897308285,0.28350697933936964,0.22321447829837743,0.25505027725568974,7.172967947752223e-16,True
PRO_RN,TC_GTG2_RN,720,0.019244532803180964,0.6235732925967647,-9.608964158982575,1.8335395596782368e-16,2.4449034100505136,3.1052966897308285,0.28350697933936964,0.22321447829837743,0.25505027725568974,7.172967947752223e-16,True
PRO_RN,TC_PUN1,720,0.019244532803180964,0.6235732925967647,-9.608964158982575,1.8335395596782368e-16,2.4449034100505136,3.1052966897308285,0.28350697933936964,0.22321447829837743,0.25505027725568974,7.172967947752223e-16,True
FEGC_RN,TC_GTG2_RN,720,0.019244532803180964,0.6235732925967647,-9.608964158982575,1.8335395596782368e-16,2.4449034100505136,3.1052966897308285,0.28350697933936964,0.22321447829837743,0.25505027725568974,7.172967947752223e-16,True
PRO_RN,TC_PUN2,720,0.019244532803180964,0.6235732925967647,-9.608964158982575,1.8335395596782368e-16,2.4449034100505136,3.1052966897308285,0.28350697933936964,0.22321447829837743,0.25505027725568974,7.172967947752223e-16,True
PRO_RN,TC_TCHP1,720,0.019244532803180964,0.6235732925967647,-9.608964158982575,1.8335395596782368e-16,2.4449034100505136,3.1052966897308285,0.28350697933936964,0.22321447829837743,0.25505027725568974,7.172967947752223e-16,True
FEGC_RN,TC_PUN2,720,0.019244532803180964,0.6235732925967647,-9.608964158982575,1.8335395596782368e-16,2.4449034100505136,3.1052966897308285,0.28350697933936964,0.22321447829837743,0.25505027725568974,7.172967947752223e-16,True
ATK_ATKINSG7,DANSBY_ALL,720,-0.378210735586481,1.0776723382593885,-9.607969282236638,1.8442152288468469e-16,5.052852978092194,3.934753985847963,0.13717936848058795,0.17616023341051854,0.21327997132152565,7.194965714734001e-16,True
CRAWFISH_RN,DOW_G67,720,-0.9035785288270379,3.2672051358458396,-9.600938182386697,1.9214640939976575e-16,3.2361984287841175,2.963325067419989,0.21418562421723003,0.23390858741104364,1.0095812131870332,7.401379967635344e-16,True
CRAWFISH_RN,DOWGEN_PUN2,720,-0.9035785288270379,3.2672051358458396,-9.600938182386697,1.9214640939976575e-16,3.2361984287841175,2.963325067419989,0.21418562421723003,0.23390858741104364,1.0095812131870332,7.401379967635344e-16,True
DSWL_BES1,ETCCS_CCU,720,-0.7517296222664016,2.203433211781589,-9.60087603138305,1.9221612223941016e-16,2.568140393692383,4.2612473627441,0.26990237070464923,0.16266297671900037,0.857987833217159,7.401379967635344e-16,True
DSWL_BES1,ETCCS_CC1,720,-0.7517296222664016,2.203433211781589,-9.60087603138305,1.9221612223941016e-16,2.568140393692383,4.2612473627441,0.26990237070464923,0.16266297671900037,0.857987833217159,7.401379967635344e-16,True
ERSL_RN,PEARSALL_RN,720,0.2105566600397614,1.3533660589479581,-9.599867730679362,1.9335065645788963e-16,1.6726032878863328,1.5574509223313002,0.41441218343883246,0.44505234201691224,0.8091375096232206,7.401379967635344e-16,True
ERSL_RN,HRZN_SLR_UN1,720,0.2105566600397614,1.3533660589479581,-9.599867730679362,1.9335065645788963e-16,1.6726032878863328,1.5574509223313002,0.41441218343883246,0.44505234201691224,0.8091375096232206,7.401379967635344e-16,True
ERSL_RN,MROW_SLR_RN,720,0.2105566600397614,1.3533660589479581,-9.599867730679362,1.9335065645788963e-16,1.6726032878863328,1.5574509223313002,0.41441218343883246,0.44505234201691224,0.8091375096232206,7.401379967635344e-16,True
COTULLA_RN,PEARSA_1_24,720,1.4025049701789263,4.165126286147507,-9.585407516496376,2.1038082762396782e-16,1.606909416444266,1.5245741413834395,0.43135423407607265,0.4546497029858875,2.5920106283053634,8.031697011703222e-16,True
HB_SOUTH,HELIOS_RN,720,-1.9866799204771368,4.036403362217941,-9.57404534354996,2.248128348351256e-16,2.4199716592525458,3.150827217986334,0.28642780914799515,0.21998895293374088,1.66795480715037,8.559718631155584e-16,True
INGLCOSW_STG,PIN_BESS_RN,720,-0.1017693836978132,1.9130309721734873,-9.56962098557707,2.306978395975769e-16,3.1751502795547086,1.6822860805295683,0.21830373983342738,0.41202693678696367,0.6025009223946955,8.760365962318652e-16,True
FORTMA_RN,JC_BAT_RN,720,-0.42900596421471177,2.3793745633492347,-9.564993755879716,2.370182408455022e-16,2.2399612257148718,7.371635123061695,0.3094460621025844,0.0940289595169297,1.0622391745151167,8.976435504361573e-16,True
BATCAVE_RN,JC_BAT_RN,720,-0.431272365805169,2.3799917078121826,-9.549507577694008,2.5946321614869536e-16,2.2461039026240455,7.409805268712219,0.30859978460932525,0.09354458793765442,1.0596089099136157,9.800414318189448e-16,True
ETCCS_CC1,MDANP_CT1_2,720,0.784254473161034,2.2258592930562644,-9.541389407894712,2.7206961524997017e-16,2.615933409773574,4.3121283053060555,0.26497126340075366,0.1607436355052401,0.8508853034026302,1.022235177086959e-15,True
ETCCS_CCU,MDANP_CT1_2,720,0.784254473161034,2.2258592930562644,-9.541389407894712,2.7206961524997017e-16,2.615933409773574,4.3121283053060555,0.26497126340075366,0.1607436355052401,0.8508853034026302,1.022235177086959e-15,True
TGW_T1_T2,TRUENO_ALL,720,-1.714055666003976,4.480030086348123,-9.517111818234893,3.135593540496686e-16,2.47472481097441,1.543009268493713,0.2800906094633699,0.4492177686246799,1.8103144505122306,1.1537687859605378e-15,True
EL_RAYO_ALL,STELLA_RN,720,1.714055666003976,4.480030086348123,-9.517111818234893,3.135593540496686e-16,2.47472481097441,1.5441311711645676,0.2800906094633699,0.4488913853330096,1.8103144505122306,1.1537687859605378e-15,True
EL_RAYO_ALL,TGW_T1_T2,720,1.714055666003976,4.480030086348123,-9.517111818234893,3.135593540496686e-16,2.47472481097441,1.543009268493713,0.2800906094633699,0.4492177686246799,1.8103144505122306,1.1537687859605378e-15,True
EL_RAYO_ALL,PENA_ALL,720,1.714055666003976,4.480030086348123,-9.517111818234893,3.135593540496686e-16,2.47472481097441,1.543009268493713,0.2800906094633699,0.4492177686246799,1.8103144505122306,1.1537687859605378e-15,True
PENA_ALL,TRUENO_ALL,720,-1.714055666003976,4.480030086348123,-9.517111818234893,3.135593540496686e-16,2.47472481097441,1.543009268493713,0.2800906094633699,0.4492177686246799,1.8103144505122306,1.1537687859605378e-15,True
STELLA_RN,TRUENO_ALL,720,-1.714055666003976,4.480030086348123,-9.517111818234893,3.135593540496686e-16,2.47472481097441,1.5441311711645676,0.2800906094633699,0.4488913853330096,1.8103144505122306,1.1537687859605378e-15,True
BAFFIN_ALL,EL_RAYO_ALL,720,-1.714055666003976,4.480030086348123,-9.517111818234893,3.135593540496686e-16,2.47472481097441,1.543009268493713,0.2800906094633699,0.4492177686246799,1.8103144505122306,1.1537687859605378e-15,True
BAFFIN_ALL,TRUENO_ALL,720,-1.714055666003976,4.480030086348123,-9.517111818234893,3.135593540496686e-16,2.47472481097441,1.543009268493713,0.2800906094633699,0.4492177686246799,1.8103144505122306,1.1537687859605378e-15,True
ANACACHO_ANA,NFAL_RN,720,-0.1341351888667994,0.9769892352279574,-9.503148064126282,3.4024198397481576e-16,2.8268437094258623,4.005646543431069,0.24520180519662507,0.1730425221108562,0.3456113374681,1.2446690744408188e-15,True
CNLY_ESS_RN,WHTTAIL_WR1,720,0.09157057654075569,0.6970559307592464,-9.503147778642822,3.402425521551709e-16,1.6892205753792322,5.0396338640048715,0.4103355066015182,0.1375391941685856,0.41264944372510765,1.2446690744408188e-15,True
LK_RN,TV_RN,720,0.21880715705765413,1.168343299005538,-9.502825038886332,3.4088549089320174e-16,2.364917723435342,1.5037033304421232,0.29309568518648565,0.46096006208627877,0.4940312668926053,1.2446690744408188e-15,True
CISC_RN,ELMCRK_RN,720,-0.8823856858846918,3.5578517448315736,-9.484282609921179,3.7994713895014206e-16,1.8076743768662098,2.7627996219549558,0.38344692464003804,0.2508857953547404,1.9681928285112262,1.3837461019565277e-15,True
DILEOS_UNIT1,RPUBRDS_RN,720,-1.6958250497017893,4.399679006899677,-9.476055113297999,3.9868910170152553e-16,3.705544539659498,3.4501971789592623,0.18705676672925337,0.20090074410443703,1.1873232017078825,1.4482991857728887e-15,True
LAUR_BESS_RN,REDFISH_ALL,720,0.7167395626242544,1.6013178417927005,-9.474871609252082,4.0146036601377984e-16,3.1170058365656192,2.95194563891309,0.2223759649175598,0.23481027950608296,0.5137359138079335,1.4546553720193955e-15,True
LMAJADAS_ALL,PENA_ALL,720,1.6787872763419482,4.460910873040203,-9.472257209316954,4.076508918634057e-16,2.507148686063161,1.7068037793114694,0.2764683181388642,0.4061082995958465,1.7792765534161152,1.473337233536776e-15,True
ERKA_SLR_RN,TGCCS_ALL,720,0.1500198807157059,1.6679118919431102,-9.460793491599096,4.3594628473805784e-16,2.282664624901992,0.948428520239891,0.30365703879504685,0.730837554721176,0.7306863538986693,1.5605287069514614e-15,True
CLT_RN,TC_PUN1,720,0.3439562624254474,0.8276773856140561,-9.459427535924233,4.39446637280573e-16,2.8556617716225845,1.9351076310333073,0.2427273381770628,0.3581956731728762,0.2898373308207892,1.5605287069514614e-15,True
CLT_RN,TC_PUN2,720,0.3439562624254474,0.8276773856140561,-9.459427535924233,4.39446637280573e-16,2.8556617716225845,1.9351076310333073,0.2427273381770628,0.3581956731728762,0.2898373308207892,1.5605287069514614e-15,True
CLO_RN,TC_PUN2,720,0.3439562624254474,0.8276773856140561,-9.459427535924233,4.39446637280573e-16,2.8556617716225845,1.9351076310333073,0.2427273381770628,0.3581956731728762,0.2898373308207892,1.5605287069514614e-15,True
CLO_RN,TC_PUN1,720,0.3439562624254474,0.8276773856140561,-9.459427535924233,4.39446637280573e-16,2.8556617716225845,1.9351076310333073,0.2427273381770628,0.3581956731728762,0.2898373308207892,1.5605287069514614e-15,True
CLT_RN,TC_TCHP1,720,0.3439562624254474,0.8276773856140561,-9.459427535924233,4.39446637280573e-16,2.8556617716225845,1.9351076310333073,0.2427273381770628,0.3581956731728762,0.2898373308207892,1.5605287069514614e-15,True
CLO_RN,TC_TCHP1,720,0.3439562624254474,0.8276773856140561,-9.459427535924233,4.39446637280573e-16,2.8556617716225845,1.9351076310333073,0.2427273381770628,0.3581956731728762,0.2898373308207892,1.5605287069514614e-15,True
COTULLA_RN,PEARSALL_RN,720,1.3489065606361827,4.05092250046795,-9.454391538223458,4.525971475405083e-16,1.9689034006029866,1.5245741413834395,0.35204732763814894,0.4546497029858875,2.057451116813214,1.5992514592994635e-15,True
COTULLA_RN,HRZN_SLR_UN1,720,1.3489065606361827,4.05092250046795,-9.454391538223458,4.525971475405083e-16,1.9689034006029866,1.5245741413834395,0.35204732763814894,0.4546497029858875,2.057451116813214,1.5992514592994635e-15,True
ABINDUST_RN,CISC_RN,720,0.7464214711729622,3.4729565228000174,-9.45068052404995,4.625397926501533e-16,1.7512178112291878,2.899353050969996,0.3958086630431323,0.23906960220937865,1.98316651448533,1.6303382790441046e-15,True
KELAMSL_U1,SCSES_UNIT2,720,0.47644135188866793,1.400203264996384,-9.43927694959776,4.944851825083417e-16,1.5095659648536843,3.622234655874551,0.45916985192967635,0.19135899421529667,0.9275535469111479,1.7386343207206878e-15,True
HB_SOUTH,SKY1,720,-0.7424055666003976,3.5079004711744832,-9.438399134241248,4.9703413113795765e-16,2.319289689334978,3.0230952975418464,0.29886183849620573,0.22928393329960867,1.5124891415269137,1.743292124976482e-15,True
DRYFRIO_RN,HELIOS_RN,720,0.4538568588469186,2.790262206792947,-9.433424088718295,5.117314814969073e-16,1.6028089740898606,3.0122105176222442,0.43245776119611645,0.23011246275944103,1.7408576142876728,1.790431522485494e-15,True
CHALUP_ALL,OLMITO_RN,720,-1.046182902584493,1.663598360280693,-9.429562667675965,5.234388727581537e-16,4.827624665750164,5.154905048939421,0.14357934358019056,0.13446361746324592,0.3445997722406174,1.8269043009990464e-15,True
ANACACHO_ANA,DRYFRIO_RN,720,-0.3299204771371771,1.387291060912389,-9.427470965904599,5.298925011516176e-16,3.137737736911785,4.142369680969498,0.220906665463428,0.16733107712340106,0.4421309800983509,1.8449068988750694e-15,True
CABEZON_ALL,WFTANK_ESS1,720,-0.18745526838966223,1.1627712319008126,-9.419412664240753,5.555102290243056e-16,1.757639805205989,2.5288532772295254,0.3943624731909795,0.27409545140527874,0.6615526278232757,1.9293818686112465e-15,True
MESTENO_RN,WFTANK_ESS1,720,-0.17041749502982118,1.4319956628212016,-9.414221719392755,5.726668501526289e-16,1.736536420017394,2.4752894565295946,0.39915499183887104,0.2800267171709896,0.8246274862503937,1.979314550042096e-15,True
LV4_UNIT_1,WFTANK_ESS1,720,-0.17041749502982118,1.4319956628212016,-9.414221719392755,5.726668501526289e-16,1.736536420017394,2.4752894565295946,0.39915499183887104,0.2800267171709896,0.8246274862503937,1.979314550042096e-15,True
BTM_ALL,DA_BESS,720,-0.17296222664015895,1.8421021716834622,-9.399430815146848,6.245240723708992e-16,2.304091133127557,2.7845886299054543,0.3008332312008302,0.24892264987215718,0.7994918886663158,2.1481214469955566e-15,True
BTM_ALL,DA_BESS2,720,-0.17296222664015895,1.8421021716834622,-9.399430815146848,6.245240723708992e-16,2.304091133127557,2.7845886299054543,0.3008332312008302,0.24892264987215718,0.7994918886663158,2.1481214469955566e-15,True
ARY_BESS_RN,PENA_ALL,720,1.710695825049702,4.471121158642586,-9.39899928385309,6.261057762170939e-16,2.5379059169805496,1.6869224481324432,0.2731177605608843,0.4108945146395521,1.7617363704175693,2.1483725911641968e-15,True
CNTRY_RN,HLSES_UNIT5,720,0.6223061630218687,3.098571166940564,-9.37087108669742,7.383645176768065e-16,2.0286868924154247,5.568510111968782,0.3416728245011039,0.12447623630423447,1.5273777232578745,2.512716167537899e-15,True
CNTRY_RN,HLSES_UNIT3,720,0.6223061630218687,3.098571166940564,-9.37087108669742,7.383645176768065e-16,2.0286868924154247,5.568510111968782,0.3416728245011039,0.12447623630423447,1.5273777232578745,2.512716167537899e-15,True
CNTRY_RN,HLSES_UNIT4,720,0.6223061630218687,3.098571166940564,-9.37087108669742,7.383645176768065e-16,2.0286868924154247,5.568510111968782,0.3416728245011039,0.12447623630423447,1.5273777232578745,2.512716167537899e-15,True
ECLIPSE_UN1,NFAL_RN,720,-0.09395626242544738,1.2295002928811232,-9.370644679389851,7.393455577235812e-16,2.7187309739334204,3.8712497952587377,0.2549524712837291,0.179049975387501,0.4522331575537612,2.512716167537899e-15,True
BORDAS_345,OUTP_SLR_RN,720,0.18067594433399603,0.9186376650883508,-9.364326563347223,7.672561110404349e-16,1.480230871450697,4.569738650936815,0.46826964220833195,0.15168201805541928,0.6206043143716101,2.6009104012948168e-15,True
PDRA_SLR_RN,STRATEGC_RN,720,-0.19163021868787275,0.945124059839449,-9.363887797737188,7.692331701429989e-16,2.76287110048149,3.117395326765017,0.25087930466214997,0.2223481810628227,0.3420804031265667,2.6009104012948168e-15,True
ELS_RN_1,TEN_CC1,720,-0.27268389662027837,2.1043788897043685,-9.363142780758425,7.726018958902441e-16,2.731977128443948,1.477526207551199,0.25371631897765595,0.46912682632461966,0.7702769059794287,2.6009104012948168e-15,True
ELS_RN_1,TEN_CT1_STG,720,-0.27268389662027837,2.1043788897043685,-9.363142780758425,7.726018958902441e-16,2.731977128443948,1.4774929251585578,0.25371631897765595,0.46913739399839083,0.7702769059794287,2.6009104012948168e-15,True
DA_BESS,WES_ALL,720,0.4830019880715706,1.9640166213249473,-9.360532221721716,7.845231918827337e-16,2.2800423705418824,3.1014803659955064,0.3040062717760853,0.22348914026978223,0.8613947910354721,2.628614177037677e-15,True
DA_BESS2,WES_ALL,720,0.4830019880715706,1.9640166213249473,-9.360532221721716,7.845231918827337e-16,2.2800423705418824,3.1014803659955064,0.3040062717760853,0.22348914026978223,0.8613947910354721,2.628614177037677e-15,True
SAN_SANMIGG1,TUL_SLR_ALL,720,-0.32053677932405583,1.881174060727012,-9.359268147199318,7.90361796544452e-16,2.8408935072326393,3.0969833484019387,0.2439891459483644,0.22381366077335005,0.6621769017169159,2.641960559341079e-15,True
JAY_RN_1,STP_STP_G1,720,0.08139165009940352,1.9163227494785902,-9.357204961394737,7.999851615820595e-16,2.0896663555604342,2.12657573885819,0.3317023211459266,0.3259452122462907,0.9170472331046577,2.6678662063064467e-15,True
LEG_LEG_G1,STRATEGC_RN,720,-0.19992047713717692,1.097269153515737,-9.352947463382046,8.202165954217421e-16,2.837689137162166,2.5390061686087324,0.24426466291974736,0.2729994078508917,0.3866770109332914,2.7289449343003755e-15,True
FTDUNCAN_RN,ZIER_SLR_ALL,720,-0.7768986083499007,1.7612920611752656,-9.349259564989326,8.381556385093689e-16,2.7877916955236186,2.4863741978411866,0.248636647305083,0.2787783034274469,0.631787541373119,2.7821296718819146e-15,True
MWEC_G1,SOLARA_UNIT1,720,-0.23095427435387691,1.688188603460291,-9.347234507213479,8.481729436006989e-16,2.633037842017248,3.2079846800812835,0.2632499880931847,0.2160693549641211,0.6411562251482569,2.808833189970687e-15,True
GREGORY_RN,MESQUITE_RN2,720,1.5401590457256462,4.9195972423001155,-9.341537310944611,8.770039070721972e-16,1.7992712863879525,1.9895756975928942,0.3852377269641435,0.3483894487646565,2.734216501712888,2.8908647307194646e-15,True
GREGORY_RN,MESQUITE_RN,720,1.5401590457256462,4.9195972423001155,-9.341537310944611,8.770039070721972e-16,1.7992712863879525,1.9895756975928942,0.3852377269641435,0.3483894487646565,2.734216501712888,2.8908647307194646e-15,True
ELMCRK_RN,PORTSL_UNIT1,720,3.6215506958250496,5.79114439186632,-9.340885217984054,8.803659261924939e-16,2.3527815824983587,3.11503324081987,0.2946075342122961,0.2225167845648769,2.461403317224564,2.8952449859078787e-15,True
APCH_BES_RN,ELS_RN_1,720,0.8295228628230615,3.2345184083012417,-9.339568251892203,8.871953192669223e-16,2.755132848151531,1.3172976208749072,0.2515839412335381,0.526188743967805,1.173997257689893,2.910981877041699e-15,True
TGS_GT01,WR_RN,720,-0.30172962226640165,1.333981545375963,-9.32785484098057,9.503239949216664e-16,2.72831807597571,2.388917714474495,0.2540565877063508,0.29015113260710246,0.4889391589354552,3.1109456753297768e-15,True
ABINDUST_RN,PORTSL_UNIT1,720,3.48558648111332,5.632744761639484,-9.324862999499901,9.671582468101735e-16,2.279707183085693,3.0979878100630303,0.3040509700994745,0.22374109359256736,2.4708194119980327,3.1587920721506583e-15,True
HLSES_UNIT4,LIGSW_RN,720,-1.0201590457256462,6.401877274985578,-9.295931858655473,1.1461949525690658e-15,2.1367129746051776,3.6707714468854804,0.32439882604635994,0.18882874910342243,2.996133477482402,3.717953559130637e-15,True
HLSES_UNIT3,LIGSW_RN,720,-1.0201590457256462,6.401877274985578,-9.295931858655473,1.1461949525690658e-15,2.1367129746051776,3.6707714468854804,0.32439882604635994,0.18882874910342243,2.996133477482402,3.717953559130637e-15,True
HLSES_UNIT5,LIGSW_RN,720,-1.0201590457256462,6.401877274985578,-9.295931858655473,1.1461949525690658e-15,2.1367129746051776,3.6707714468854804,0.32439882604635994,0.18882874910342243,2.996133477482402,3.717953559130637e-15,True
S_HILLS_RN,WNDTS2_UNIT1,720,0.0851491053677932,0.8693006345684735,-9.265225992341788,1.3727150211356067e-15,2.3650666206817994,1.4220771017452134,0.2930772327927597,0.48741884649523953,0.3675586247620679,4.442604977493419e-15,True
DC_L,WFTANK_ESS1,720,0.3801988071570574,0.8424272228125265,-9.254551689426007,1.4615573163268267e-15,3.1090061692893434,4.404133167061994,0.2229481521802142,0.1573856089874651,0.2709635095401205,4.7194050304975086e-15,True
ALP_BESS_RN,GUNMTN_NODE,720,-0.24222664015904563,1.4054874713768368,-9.252262712351985,1.4813467158542915e-15,1.6928069241340344,1.688270069566369,0.4094661775527229,0.41056652786480996,0.8302703937106249,4.761710436515826e-15,True
GUNMTN_NODE,LAMESASLR_G,720,0.24222664015904563,1.4054874713768368,-9.252262712351985,1.4813467158542915e-15,1.6928069241340344,1.688270069566369,0.4094661775527229,0.41056652786480996,0.8302703937106249,4.761710436515826e-15,True
HELIOS_RN,NFAL_RN,720,-0.258071570576541,2.614672295717181,-9.248807511210176,1.5117286565524562e-15,1.4703474492172184,2.5400036881338712,0.47141727006699136,0.27289219452637775,1.7782683250201692,4.848427042636706e-15,True
DRYFRIO_RN,LBRA_BES1,720,0.4044333996023858,1.9550808328011984,-9.244844388761692,1.5473467239325708e-15,2.44868749017573,2.745935054540889,0.2830688617232253,0.2524266476782486,0.7984199048041415,4.951509516584227e-15,True
GREGORY_RN,VANCOURT_RN,720,1.62779324055666,4.970959139034061,-9.222888077292758,1.7604744739310591e-15,1.8284868509743972,1.9926839979158928,0.3790823982084249,0.34784601135197235,2.718619024460059,5.620887109591543e-15,True
MOZART_WIND1,RDCAN_RDCNY1,720,1.9350894632206763,3.549219927473362,-9.220566693372355,1.784661684499401e-15,2.2136671831131136,3.0848493944246482,0.31312167693842846,0.22469400996129452,1.603321382070651,5.685365187309054e-15,True
CFLATS_UNIT,WL_RANCH_RN,720,0.7097813121272367,4.815067419555949,-9.212133493598875,1.8753667866373046e-15,2.3727060344076585,3.449361973893008,0.2921336105308925,0.20094938884527902,2.0293569240059783,5.960987286097147e-15,True
CORALSLR_ALL,DIVR_SLR_RN,720,-0.3041153081510934,0.8077184695918347,-9.211163521904595,1.8860914817899017e-15,3.159464265311707,1.5401871175435315,0.21938756775005355,0.4500408896196045,0.25565045266057046,5.981724432224543e-15,True
APCH_BES_RN,TEN_CT1_STG,720,0.5568389662027832,1.3598156322449502,-9.204114156084911,1.9659032956620614e-15,2.6566257083470766,2.814903438294666,0.2609126224978128,0.2462419034096139,0.5118581921316318,6.207197988964026e-15,True
APCH_BES_RN,TEN_CC1,720,0.5568389662027832,1.3598156322449502,-9.204114156084911,1.9659032956620614e-15,2.6566257083470766,2.814997665871065,0.2609126224978128,0.24623366085295129,0.5118581921316318,6.207197988964026e-15,True
LV5_UNIT1,MYRY_BES2_RN,720,-0.7174751491053678,1.7704750377909773,-9.200817285392656,2.0043831040588987e-15,3.130755167091985,3.765373621736192,0.2213993568854437,0.18408456907400841,0.5655105376494485,6.300753951831946e-15,True
LV5_UNIT1,MYRY_ESR_RN,720,-0.7174751491053678,1.7704750377909773,-9.200817285392656,2.0043831040588987e-15,3.130755167091985,3.765373621736192,0.2213993568854437,0.18408456907400841,0.5655105376494485,6.300753951831946e-15,True
RIOG_ESR2_RN,STAR_SLR_RN,720,0.09512922465208755,0.5023418595194844,-9.199264136658783,2.022771533181732e-15,3.316664511616844,5.189174287958045,0.20898923545994777,0.1335756214950145,0.15145995555474415,6.33060805110063e-15,True
RIOG_ESR_RN,STAR_SLR_RN,720,0.09512922465208755,0.5023418595194844,-9.199264136658783,2.022771533181732e-15,3.316664511616844,5.189174287958045,0.20898923545994777,0.1335756214950145,0.15145995555474415,6.33060805110063e-15,True
BBREEZE_1_2,PALMWI_UNIT1,720,-2.319801192842942,4.677161212978425,-9.186230229586174,2.1839018985092867e-15,3.2507841596979103,3.4950271961220483,0.21322460874312807,0.1983238303063952,1.4387793785155718,6.804980970409681e-15,True
ELSAUZ_ALL,PALMWI_UNIT1,720,-2.319801192842942,4.677161212978425,-9.186230229586174,2.1839018985092867e-15,3.2507841596979103,3.4950271961220483,0.21322460874312807,0.1983238303063952,1.4387793785155718,6.804980970409681e-15,True
LAUR_BESS_RN,L_FRE_ESR_RN,720,-0.39632206759443334,0.9037691061665337,-9.181101081006156,2.250782613669459e-15,4.905462274005873,9.220090222277785,0.14130109291288281,0.07517791733590067,0.18423729623925994,6.9980664669548245e-15,True
CRAWFISH_RN,DOWGEN_PUN1,720,-1.0558846918489069,3.1851277849715642,-9.180681273248295,2.2563466626155822e-15,3.3568589767764294,2.9612111663830034,0.20648683348192665,0.2340755662510201,0.948841702021758,7.000082020837885e-15,True
E_BLACK_RN,RVRVLYS_ALL,720,0.3133598409542744,0.8272799256816469,-9.179133192893048,2.276984007711942e-15,2.278589608814595,3.592724594486187,0.3042000972349495,0.19293078618487194,0.3630666630275857,7.048750493438707e-15,True
RVRVLYS_ALL,SLCN_ESS_ALL,720,-0.6728429423459246,1.7637750591692525,-9.176991357647184,2.3058489083050203e-15,2.288425153232868,3.5906590096891633,0.3028926594259521,0.19304177274687795,0.7707374902244716,7.122622224352166e-15,True
E_BLACK_RN,SLCN_ESS_ALL,720,-0.3594831013916503,0.9365994113724345,-9.174560317983332,2.3390558797717444e-15,2.29706102126843,3.587933490395506,0.30175392562152814,0.19318841400361023,0.4077381500536922,7.209557516872216e-15,True
SEVNF_ES_RN,WFTANK_ESS1,720,0.7574552683896619,1.612860628775982,-9.162119860681747,2.516638531923006e-15,3.504775036404026,8.124626529042642,0.19777223170110486,0.08531434375256405,0.4601894877768849,7.740158249370109e-15,True
HWY6_RN,MDANP_CT5_6,720,0.4316500994035788,2.671641515489278,-9.159600075062714,2.55422073670777e-15,2.605607693580233,2.890872954303953,0.2660213132881593,0.23977088980267453,1.0253429639741014,7.838815364379017e-15,True
HWY6_RN,MDANP_CT3_4,720,0.34518886679920496,2.850761887768303,-9.149393543177363,2.7122901527151674e-15,2.785857718989387,2.890872954303953,0.2488092539095626,0.23977088980267453,1.0232977328082862,8.293311514981378e-15,True
DIBOL_RN,TANZ_ESS_RN,720,-0.3974353876739562,1.3320623195659316,-9.149288751497041,2.7139628974587937e-15,1.5238644626173803,4.586966013160272,0.4548614378534689,0.15111234279287566,0.8741343815302245,8.293311514981378e-15,True
BRAZ_WND_ALL,MOZART_WIND1,720,-1.8360039761431415,3.662681530247481,-9.14536872939292,2.7772846677822276e-15,2.3933756112581284,3.174563747232517,0.289610697668795,0.2183440736271901,1.530341294119779,8.468636760004052e-15,True
CONTINEN_RN,STAR_SLR_RN,720,0.09238568588469177,0.4839457206255982,-9.138466685353125,2.892395390930283e-15,3.276351663766533,5.074268969807322,0.2115606783684188,0.13660040188730185,0.14770872308293317,8.800792813428895e-15,True
THREEW_S_RN,TYSN_SLR_RN,720,-4.3235785288270385,7.030770865378164,-9.138019113276146,2.9000228451653184e-15,3.1109490005846174,3.049047276976277,0.22280891793137314,0.22733238208340786,2.2600083974558642,8.805186634361223e-15,True
ELMCRK_RN,LZ_NORTH,720,2.8484095427435387,5.323890028459254,-9.127967164240545,3.0767370551085154e-15,2.140016517287016,6.286287002364046,0.3238980517022717,0.11026336855114596,2.487779877142519,9.321858652073459e-15,True
GODY_SLR_RN,THREEW_S_RN,720,4.241610337972166,6.950854456865743,-9.122217724335012,3.1826217207468857e-15,3.0453961815106614,3.007644401617482,0.2276049286356271,0.2304618126355554,2.282413860983364,9.622193907311179e-15,True
CABEZON_ALL,TORR_ALL,720,0.05326043737574546,0.9359438775895796,-9.109379720554589,3.432417480885922e-15,1.7481697661870501,3.9594721477002475,0.39649878059141547,0.17506050167887685,0.5353850041869651,1.0355429010130409e-14,True
ELSA_ESR_RN,SE_EDINB_RN,720,1.097872763419483,2.3216153978408545,-9.104691401364947,3.5284579964796338e-15,4.967492860024972,10.063914218508033,0.13953662342183232,0.06887451199506585,0.46736159734091365,1.0622672699761096e-14,True
CABEZON_ALL,CORAZON_RN,720,0.05343936381709735,0.936233606711407,-9.10335322552335,3.556361195738819e-15,1.748243297372388,3.942292582637052,0.39648210383631755,0.17582337333681355,0.5355282117303509,1.0684089330658393e-14,True
KELAMSL_U1,PAULN_RN,720,0.616938369781312,1.011257239953068,-9.09979480338833,3.631640350727441e-15,2.4488407767930567,3.443992796656165,0.2830511428626545,0.20126266850294647,0.4129534470090727,1.0887275493549211e-14,True
CFLATS_UNIT,HICK_G1_G2,720,0.38085487077534813,4.773476881546249,-9.098167144480803,3.6666038353988285e-15,2.4060273221847326,3.4582341733980178,0.28808782600629423,0.2004338473929507,1.9839661991917088,1.0946003902741995e-14,True
CFLATS_UNIT,WHMESA_U1,720,0.38085487077534813,4.773476881546249,-9.098167144480803,3.6666038353988285e-15,2.4060273221847326,3.4582341733980178,0.28808782600629423,0.2004338473929507,1.9839661991917088,1.0946003902741995e-14,True
LGE_LGE_STG,PIRATE_RN,720,-0.9852286282306164,2.8440267132418033,-9.095446191902921,3.725806790299154e-15,2.022622168568297,2.2213502618207417,0.3426973120988712,0.312038669665631,1.406108742126036,1.1076302441306879e-14,True
INGLCO_PUN2,PIRATE_RN,720,-0.9852286282306164,2.8440267132418033,-9.095446191902921,3.725806790299154e-15,2.022622168568297,2.2213502618207417,0.3426973120988712,0.312038669665631,1.406108742126036,1.1076302441306879e-14,True
MESTENO_RN,RELOJ_ALL,720,0.04375745526838967,0.7545458495431767,-9.091064177649466,3.823170840304029e-15,1.7496061869072976,3.952224212866167,0.3961732564430349,0.17538154295585182,0.43126610730438397,1.1342073492901954e-14,True
ABINDUST_RN,LZ_NORTH,720,2.7124453280318095,5.182395324490005,-9.087944849514745,3.894028241631242e-15,2.072092630996942,6.472346375971764,0.3345155376699799,0.10709364738778764,2.501044232755468,1.1500338978195827e-14,True
HB_WEST,MOZART_WIND1,720,-2.2913916500994036,3.7605593765279512,-9.087372478515965,3.907172105386083e-15,2.5963322170877907,3.655180177132466,0.2669716825905364,0.18963420323200805,1.4484122454660409,1.1500338978195827e-14,True
LARDVFTN_G5,WFTANK_ESS1,720,0.3625447316103378,0.8389793442788512,-9.087300720524084,3.9088230796676826e-15,3.3481722713935933,5.61867819682379,0.2070225557036347,0.12336481219938487,0.2505783084840037,1.1500338978195827e-14,True
LARDVFTN_G4,WFTANK_ESS1,720,0.3625447316103378,0.8389793442788512,-9.087300720524084,3.9088230796676826e-15,3.3481722713935933,5.61867819682379,0.2070225557036347,0.12336481219938487,0.2505783084840037,1.1500338978195827e-14,True
HMNG_ESS_RN,LZ_NORTH,720,-0.6606958250497019,1.1259116328126526,-9.081340792435244,4.048413959457187e-15,4.546574282097498,6.090785349923209,0.15245482368764282,0.11380259535310734,0.247639555180264,1.1862019502607067e-14,True
LZ_NORTH,NOBLESLR_ALL,720,0.6606958250497019,1.1259116328126526,-9.081340792435244,4.048413959457187e-15,4.546574282097498,6.090785349923209,0.15245482368764282,0.11380259535310734,0.247639555180264,1.1862019502607067e-14,True
PIN_BESS_RN,WHITE_PT_UN1,720,-0.16715705765407543,0.9354128928257472,-9.07698400967634,4.153605885222318e-15,2.1775343659847644,1.941756315574463,0.3183174471951342,0.35696919072714833,0.429574342172422,1.214524595596834e-14,True
BRA_AVR_CST1,CARRIZO_ESR1,720,-1.3465009940357853,9.073255942049649,-9.072066575335183,4.275626877687509e-15,2.412109199798824,1.6446669700923873,0.28736144309625594,0.4214513899558696,3.7615444370455453,1.2450905263449923e-14,True
BRA_AVR1_CT2,CARRIZO_ESR1,720,-1.3465009940357853,9.073255942049649,-9.072066575335183,4.275626877687509e-15,2.412109199798824,1.6446669700923873,0.28736144309625594,0.4214513899558696,3.7615444370455453,1.2450905263449923e-14,True
CNTRY_RN,HWY6_RN,720,-1.379920477137177,3.927697387346928,-9.041895186754596,5.106978573820645e-15,2.9110182847850825,3.3540505898270228,0.238111585963851,0.20665972739418123,1.3492520496610023,1.484150507983796e-14,True
LOWR_ESS_RN,SE_EDINB_RN,720,1.124910536779324,2.310694938229206,-9.038452008849665,5.211603145715142e-15,4.9113007360198795,3.9151096129774126,0.14113311682918284,0.1770441313475287,0.4704853281091873,1.5114710548876502e-14,True
CATARINA_B1,ESCONDID_ESR,720,-0.3385288270377734,4.862347553163287,-9.021940437077344,5.743937268032584e-15,2.9638956455773267,3.2733474091387857,0.2338635577788467,0.21175484723215235,1.6405258938245,1.6585212459291526e-14,True
GID_GIDEONG1,WIPOPA_3_4,720,0.4643936381709739,1.217826250748127,-9.0202867131521,5.80016559320729e-15,2.0460103169839625,3.131485335572805,0.3387799048744379,0.22134773319420836,0.5952199950503343,1.6585212459291526e-14,True
GID_GIDEONG3,WIPOPA_3_4,720,0.4643936381709739,1.217826250748127,-9.0202867131521,5.80016559320729e-15,2.0460103169839625,3.131485335572805,0.3387799048744379,0.22134773319420836,0.5952199950503343,1.6585212459291526e-14,True
GID_GIDEONG3,WIPOPA_1_2,720,0.4643936381709739,1.217826250748127,-9.0202867131521,5.80016559320729e-15,2.0460103169839625,3.131485335572805,0.3387799048744379,0.22134773319420836,0.5952199950503343,1.6585212459291526e-14,True
GID_GIDEONG1,WIPOPA_1_2,720,0.4643936381709739,1.217826250748127,-9.0202867131521,5.80016559320729e-15,2.0460103169839625,3.131485335572805,0.3387799048744379,0.22134773319420836,0.5952199950503343,1.6585212459291526e-14,True
GID_GIDEONG2,WIPOPA_1_2,720,0.4643936381709739,1.217826250748127,-9.0202867131521,5.80016559320729e-15,2.0460103169839625,3.131485335572805,0.3387799048744379,0.22134773319420836,0.5952199950503343,1.6585212459291526e-14,True
GID_GIDEONG2,WIPOPA_3_4,720,0.4643936381709739,1.217826250748127,-9.0202867131521,5.80016559320729e-15,2.0460103169839625,3.131485335572805,0.3387799048744379,0.22134773319420836,0.5952199950503343,1.6585212459291526e-14,True
MASSENGL_G7,ROUTE66_RN,720,1.2233200795228627,2.4624993601096086,-9.018143516915533,5.873857271386844e-15,3.468201938069359,2.4128612358614934,0.19985779171376591,0.28727187882085664,0.7100219087820492,1.666209712042802e-14,True
MASSENGL_G6,ROUTE66_RN,720,1.2233200795228627,2.4624993601096086,-9.018143516915533,5.873857271386844e-15,3.468201938069359,2.4128612358614934,0.19985779171376591,0.28727187882085664,0.7100219087820492,1.666209712042802e-14,True
GRANDVW1_A_B,MASSENGL_G6,720,-1.2233200795228627,2.4624993601096086,-9.018143516915533,5.873857271386844e-15,3.468201938069359,2.4128612358614934,0.19985779171376591,0.28727187882085664,0.7100219087820492,1.666209712042802e-14,True
GRANDVW1_A_B,MASSENGL_G7,720,-1.2233200795228627,2.4624993601096086,-9.018143516915533,5.873857271386844e-15,3.468201938069359,2.4128612358614934,0.19985779171376591,0.28727187882085664,0.7100219087820492,1.666209712042802e-14,True
STAR_SLR_RN,VENADO_ALL,720,0.11103379721669979,0.6687204026670057,-9.012409377508819,6.075662383885526e-15,3.9203991885558733,8.915487993033363,0.1768052555931873,0.07774640951808541,0.17057456919669883,1.7200284760741527e-14,True
BRP_LOP1_RN,STAR_SLR_RN,720,-0.11210735586481116,0.6751508112517018,-9.011568507012946,6.105833708106974e-15,3.9228937027318396,8.926147577439885,0.1766928275617687,0.0776535649390134,0.1721053034859287,1.7251403175286372e-14,True
JAY_RN_1,PLN_ALL,720,-0.31823061630218685,1.923929373330208,-9.006108299794539,6.305435080331893e-15,1.9387782222351215,2.0946880083798813,0.357517519337952,0.33090712210457257,0.9923411307520285,1.7744939830815446e-14,True
DAN_ALL,JAY_RN_1,720,0.31823061630218685,1.923929373330208,-9.006108299794539,6.305435080331893e-15,1.9387782222351215,2.0946880083798813,0.357517519337952,0.33090712210457257,0.9923411307520285,1.7744939830815446e-14,True
GOODNIT1_ALL,MASSENGL_G7,720,-1.2372166998011926,2.463890739552715,-9.005181667108172,6.339951401152668e-15,3.4796582397035,2.4113426477928646,0.19919978710869263,0.2874527936518655,0.7080841191354075,1.7771832274097245e-14,True
GOODNIT1_ALL,MASSENGL_G6,720,-1.2372166998011926,2.463890739552715,-9.005181667108172,6.339951401152668e-15,3.4796582397035,2.4113426477928646,0.19919978710869263,0.2874527936518655,0.7080841191354075,1.7771832274097245e-14,True
CARRIZO_ESR1,WEBBER_WS_T1,720,3.244751491053678,9.167022541630283,-9.004124996724201,6.379542444662208e-15,2.4444947669274817,2.155074784615725,0.28355437284538404,0.32163486181921125,3.750068384540842,1.784767866640272e-14,True
BRP_LOP1_RN,BRP_ZPT2_RN,720,0.14803180914512928,0.8932171937224794,-8.999196050125192,6.5675143777593275e-15,3.916442856129802,8.92218669059387,0.17698386163737057,0.0776880382127275,0.22806848626029733,1.82589667822969e-14,True
BRP_LOP1_RN,BRP_ZPT1_RN,720,0.14803180914512928,0.8932171937224794,-8.999196050125192,6.5675143777593275e-15,3.916442856129802,8.92218669059387,0.17698386163737057,0.0776880382127275,0.22806848626029733,1.82589667822969e-14,True
BRP_ZPT2_RN,VENADO_ALL,720,-0.14910536779324066,0.8996478919627175,-8.99892929748855,6.577844072554993e-15,3.9183216381259562,8.93017134568011,0.17689900027999278,0.07761857569454689,0.22960031744433276,1.82589667822969e-14,True
BRP_ZPT1_RN,VENADO_ALL,720,-0.14910536779324066,0.8996478919627175,-8.99892929748855,6.577844072554993e-15,3.9183216381259562,8.93017134568011,0.17689900027999278,0.07761857569454689,0.22960031744433276,1.82589667822969e-14,True
FREC_CC1,WND_WHITNEY,720,0.5724055666003977,2.02979970223764,-8.992269707595955,6.841068448354277e-15,3.115424891631905,3.321268230583063,0.22248881121215688,0.2086995486173847,0.6515322220380673,1.8915886350400953e-14,True
PPEC_RN,WND_WHITNEY,720,0.5724055666003977,2.02979970223764,-8.992269707595955,6.841068448354277e-15,3.115424891631905,3.321268230583063,0.22248881121215688,0.2086995486173847,0.6515322220380673,1.8915886350400953e-14,True
ANG_ALL,CFLATS_UNIT,720,-1.0530218687872765,4.750884381239274,-8.991777942330748,6.8609188333445096e-15,2.53002576914006,3.928679929235167,0.273968427126156,0.17643259136533598,1.8778007873232336,1.8934008563338338e-14,True
DSWL_BES1,WHCCS2_CC2,720,-0.27842942345924443,0.8959551195145485,-8.988206689510065,7.006815024744983e-15,2.5981144890898458,4.957713062481544,0.2667885435652083,0.13981187935329922,0.34484820560329255,1.9261977983082735e-14,True
DSWL_BES1,WHCCS2_5_6,720,-0.27842942345924443,0.8959551195145485,-8.988206689510065,7.006815024744983e-15,2.5981144890898458,4.957713062481544,0.2667885435652083,0.13981187935329922,0.34484820560329255,1.9261977983082735e-14,True
BUCKTHRN_RN,MIL_MILG345,720,2.201292246520875,4.965110756145963,-8.983908091279675,7.18655079313581e-15,3.4375627175363546,2.323883095517185,0.20163913723637095,0.29827110576131793,1.444369503665195,1.9680092941202682e-14,True
BUCKTHRN_RN,MIL_MILG1_2,720,2.201292246520875,4.965110756145963,-8.983908091279675,7.18655079313581e-15,3.4375627175363546,2.323883095517185,0.20163913723637095,0.29827110576131793,1.444369503665195,1.9680092941202682e-14,True
BASTEN_CCU,WEBBER_WS_T1,720,0.510337972166998,2.0872990241516822,-8.975003983488124,7.573673112052751e-15,2.4624676604703857,2.522602793851772,0.2814847852367486,0.27477460274337373,0.8476452534418105,2.067107600048745e-14,True
DOWGEN_PUN1,MUSTNGCK_ALL,720,0.9617693836978132,3.783745831899304,-8.97491917290218,7.577459039504528e-15,3.1093249658209565,3.2351403151446836,0.22292529348952542,0.21425567766415288,1.2169026632763937,2.067107600048745e-14,True
CATARINA_B1,FTDUNCAN_RN,720,-0.24874751491053673,4.766867453641484,-8.970855213588793,7.761111337433424e-15,2.9477524991949564,3.3028407952144274,0.23514429408481433,0.20986393941974568,1.6171192984971892,2.1091663870393897e-14,True
BOSQ_BSQS_12,CORALSLR_ALL,720,-0.33266401590457256,0.8447025340044634,-8.970205524291217,7.790881457743813e-15,2.500527613950183,2.0459777387009157,0.2772003703110293,0.3387852992965876,0.337809720353399,2.1091663870393897e-14,True
BOSQ_BSQSU_5,CORALSLR_ALL,720,-0.33266401590457256,0.8447025340044634,-8.970205524291217,7.790881457743813e-15,2.500527613950183,2.0459777387009157,0.2772003703110293,0.3387852992965876,0.337809720353399,2.1091663870393897e-14,True
BOSQUESW_CC2,CORALSLR_ALL,720,-0.33266401590457256,0.8447025340044634,-8.970205524291217,7.790881457743813e-15,2.500527613950183,2.0459777387009157,0.2772003703110293,0.3387852992965876,0.337809720353399,2.1091663870393897e-14,True
MV_VALV4_RN,SE_EDINB_RN,720,1.0022266401590456,2.038175061666208,-8.969465906735538,7.824911447487268e-15,4.869960625596209,10.099280584184788,0.1423311673028334,0.0686333224215392,0.41851982353895983,2.1143593740458955e-14,True
CHALUP_ALL,REDFISH_ALL,720,0.38105367793240563,1.2400250138451019,-8.965214084515916,8.02344531913536e-15,2.5024324242320195,1.5213603189011213,0.27698936996177537,0.4556101351852042,0.4955278719367048,2.163898889100142e-14,True
CALLAHA_WND1,HHOLLW2_WND1,720,-0.6409145129224652,2.610189037484163,-8.961423808418319,8.204675166030521e-15,2.1256081154057367,3.7839711668707863,0.3260935896585233,0.18317982616478395,1.2279728415441853,2.1961386158698236e-14,True
CALLAHA_WND1,HHOLLW4_WND1,720,-0.6409145129224652,2.610189037484163,-8.961423808418319,8.204675166030521e-15,2.1256081154057367,3.7839711668707863,0.3260935896585233,0.18317982616478395,1.2279728415441853,2.1961386158698236e-14,True
CALLAHA_WND1,HHOLLW3_WND1,720,-0.6409145129224652,2.610189037484163,-8.961423808418319,8.204675166030521e-15,2.1256081154057367,3.7839711668707863,0.3260935896585233,0.18317982616478395,1.2279728415441853,2.1961386158698236e-14,True
CALLAHA_WND1,H_HOLLO_WND1,720,-0.6409145129224652,2.610189037484163,-8.961423808418319,8.204675166030521e-15,2.1256081154057367,3.7839711668707863,0.3260935896585233,0.18317982616478395,1.2279728415441853,2.1961386158698236e-14,True
FENCESLR_ALL,TGCCS_CC1,720,-0.1875745526838967,1.0629619604628304,-8.960233810829134,8.262415117765414e-15,2.829357722310771,2.261547320032295,0.244983932252244,0.30649245073061177,0.37569019713587026,2.203310698070777e-14,True
FENCESLR_ALL,TGCCS_ALL,720,-0.1875745526838967,1.0629619604628304,-8.960233810829134,8.262415117765414e-15,2.829357722310771,2.261547320032295,0.244983932252244,0.30649245073061177,0.37569019713587026,2.203310698070777e-14,True
PANDA_S_ST1,SPNC_SPNCE_4,720,-0.07391650099403552,1.8149084819337047,-8.954812058677874,8.530675872772605e-15,2.6566069960905647,1.6257261550385846,0.26091446027958726,0.42636158519790457,0.683167847033643,2.2495708227459612e-14,True
PANDA_S_CT2,SPNC_SPNCE_4,720,-0.07391650099403552,1.8149084819337047,-8.954812058677874,8.530675872772605e-15,2.6566069960905647,1.6257261550385846,0.26091446027958726,0.42636158519790457,0.683167847033643,2.2495708227459612e-14,True
PANDA_S_ST1,SPNC_SPNCE_5,720,-0.07391650099403552,1.8149084819337047,-8.954812058677874,8.530675872772605e-15,2.6566069960905647,1.6257261550385846,0.26091446027958726,0.42636158519790457,0.683167847033643,2.2495708227459612e-14,True
PANDA_S_CT2,SPNC_SPNCE_5,720,-0.07391650099403552,1.8149084819337047,-8.954812058677874,8.530675872772605e-15,2.6566069960905647,1.6257261550385846,0.26091446027958726,0.42636158519790457,0.683167847033643,2.2495708227459612e-14,True
PANDA_S_CC1,SPNC_SPNCE_5,720,-0.07391650099403552,1.8149084819337047,-8.954812058677874,8.530675872772605e-15,2.6566069960905647,1.6257261550385846,0.26091446027958726,0.42636158519790457,0.683167847033643,2.2495708227459612e-14,True
PANDA_S_CC1,SPNC_SPNCE_4,720,-0.07391650099403552,1.8149084819337047,-8.954812058677874,8.530675872772605e-15,2.6566069960905647,1.6257261550385846,0.26091446027958726,0.42636158519790457,0.683167847033643,2.2495708227459612e-14,True
BUFF_GAP_ALL,CALLAHA_WND1,720,0.6367594433399602,2.6028514925397537,-8.953886863413777,8.577316378787564e-15,2.1235040867962836,3.7841672672741176,0.3264166925177393,0.18317033355115037,1.2257341573882528,2.2576891910154326e-14,True
LBRA_BES1,SKY1,720,1.2936978131212724,3.1982813244637396,-8.951239816506487,8.712172717248953e-15,2.3545955802073144,3.0488334273300466,0.2943805664066166,0.22734832750996,1.3583145026468373,2.288954603203415e-14,True
MDANP_CT1_2,WHCCS2_CC2,720,-0.31095427435387685,0.9071378547643324,-8.942345937545499,9.18101868234893e-15,2.795103596518586,4.9077090534394205,0.24798622184282829,0.14123640440220755,0.32454534275373875,2.4032666550854552e-14,True
MDANP_CT1_2,WHCCS2_5_6,720,-0.31095427435387685,0.9071378547643324,-8.942345937545499,9.18101868234893e-15,2.795103596518586,4.9077090534394205,0.24798622184282829,0.14123640440220755,0.32454534275373875,2.4032666550854552e-14,True
HB_BUSAVG,WHCCS2_5_6,720,-0.22310139165009932,1.9020777912488767,-8.935373743187963,9.566154282472281e-15,2.68692285978602,2.7445050162711357,0.2579706291289456,0.25255817586433144,0.7079018976377883,2.4994869171083537e-14,True
PIRATE_RN,SAN_SANMIGG1,720,-1.433041749502982,2.46027864442499,-8.933721236678142,9.659782493826761e-15,2.21905008099339,3.499918885469301,0.31236211678902165,0.19804664143437764,1.1087080302953822,2.519327888499873e-14,True
SCSES_UNIT2,TANZ_ESS_RN,720,-0.52168986083499,1.4842802215660125,-8.9287602811978,9.946407799133616e-15,1.647356999920827,5.273755218168544,0.420763186481897,0.1314333244311365,0.9010070201160695,2.5780574984756325e-14,True
SC2SES_UNIT1,TANZ_ESS_RN,720,-0.52168986083499,1.4842802215660125,-8.9287602811978,9.946407799133616e-15,1.647356999920827,5.273755218168544,0.420763186481897,0.1314333244311365,0.9010070201160695,2.5780574984756325e-14,True
FRONT_EC_RN3,MYRY_ESR_RN,720,-0.6348310139165009,1.892944943477285,-8.927867089005753,9.998910097579769e-15,3.292596481870412,4.4628247434938935,0.21051689278553562,0.15531579669814424,0.5749094837160147,2.5780574984756325e-14,True
FRONT_EC_RN3,MYRY_BES2_RN,720,-0.6348310139165009,1.892944943477285,-8.927867089005753,9.998910097579769e-15,3.292596481870412,4.4628247434938935,0.21051689278553562,0.15531579669814424,0.5749094837160147,2.5780574984756325e-14,True
FRONT_EC_RN1,MYRY_ESR_RN,720,-0.6348310139165009,1.892944943477285,-8.927867089005753,9.998910097579769e-15,3.292596481870412,4.4628247434938935,0.21051689278553562,0.15531579669814424,0.5749094837160147,2.5780574984756325e-14,True
FRONT_EC_RN1,MYRY_BES2_RN,720,-0.6348310139165009,1.892944943477285,-8.927867089005753,9.998910097579769e-15,3.292596481870412,4.4628247434938935,0.21051689278553562,0.15531579669814424,0.5749094837160147,2.5780574984756325e-14,True
ALVIN_RN,MIL_MILG345,720,2.0480516898608347,5.842420139715758,-8.927255761388514,1.0035004050362318e-14,2.0102472346652567,2.3576437618075428,0.3448069315092813,0.29399996377252846,2.9063192024182185,2.5780574984756325e-14,True
ALVIN_RN,MIL_MILG1_2,720,2.0480516898608347,5.842420139715758,-8.927255761388514,1.0035004050362318e-14,2.0102472346652567,2.3576437618075428,0.3448069315092813,0.29399996377252846,2.9063192024182185,2.5780574984756325e-14,True
BUDA_RN,LZ_SOUTH,720,3.612504970178926,8.601914042044841,-8.927037761770158,1.0047906682963315e-14,4.826364710623655,3.280628762502387,0.14361682593820763,0.2112848574890957,1.7822760105780144,2.5780574984756325e-14,True
CALAVER_JKS2,CARRIZO_ESR1,720,-0.40860834990059636,8.751581123604907,-8.923210018184017,1.0277181974431141e-14,2.6960496383515107,1.63354986028748,0.2570973363026682,0.42431957383777796,3.246075665341247,2.62741600208078e-14,True
CALAVER_JKS1,CARRIZO_ESR1,720,-0.40860834990059636,8.751581123604907,-8.923210018184017,1.0277181974431141e-14,2.6960496383515107,1.63354986028748,0.2570973363026682,0.42431957383777796,3.246075665341247,2.62741600208078e-14,True
MIDP_SLR_RN,TYSN_SLR_RN,720,-4.156520874751491,6.860572875666602,-8.919237570821295,1.0520663140775819e-14,2.959189988890156,2.90649556770084,0.23423544387560938,0.23848210479407467,2.3183955411526855,2.6777050526710967e-14,True
BRP_PBL2_RN,CATARINA_B1,720,0.16389662027833013,4.686031323730197,-8.91908223016226,1.053030076893128e-14,2.928215613964308,3.325348893368047,0.23671316321599056,0.20844344542081958,1.6003026899327621,2.6777050526710967e-14,True
BRP_PBL1_RN,CATARINA_B1,720,0.16389662027833013,4.686031323730197,-8.91908223016226,1.053030076893128e-14,2.928215613964308,3.325348893368047,0.23671316321599056,0.20844344542081958,1.6003026899327621,2.6777050526710967e-14,True
ABINDUST_RN,LACASAWD_RN,720,4.13168986083499,6.15453987580753,-8.917509963039949,1.0628345886958163e-14,2.584910237022324,3.40976909231594,0.26815135420656355,0.20328273316864243,2.3809491670771616,2.69781899162717e-14,True
ELMCRK_RN,LACASAWD_RN,720,4.267654075546719,6.321273043624211,-8.914774890163669,1.0801084499050777e-14,2.658185654953215,3.400703948192382,0.2607595068720454,0.2038246172320829,2.3780404622398232,2.7367872467345742e-14,True
CHISMGRD_RN,JCKCNTY2_ST2,720,0.32538767395626234,1.0320232125114759,-8.896399364969882,1.2036778484886676e-14,2.2434236760162354,8.77107598387518,0.3089684699195129,0.07902647084966917,0.4600215391967751,3.044471147864765e-14,True
LZ_NORTH,WILDWIND_ALL,720,0.519582504970179,0.9221782764508476,-8.892930445273286,1.2285459750116178e-14,3.9468416192626603,5.845148004878666,0.17562072346075985,0.11858505207762206,0.2336496787583604,3.0963707405602543e-14,True
LZ_NORTH,TROJ_SLR_RN,720,0.519582504970179,0.9221782764508476,-8.892930445273286,1.2285459750116178e-14,3.9468416192626603,5.845148004878666,0.17562072346075985,0.11858505207762206,0.2336496787583604,3.0963707405602543e-14,True
MRKM_SLR_RN,TNSKA_CC1,720,-0.9657256461232604,4.666693018120736,-8.888132725232445,1.2637895637028451e-14,1.5853433778965063,3.965909908005434,0.4372221123979079,0.17477633043574312,2.943648097431536,3.1739617966716953e-14,True
MRKM_SLR_RN,TNSKA_CCU,720,-0.9657256461232604,4.666693018120736,-8.888132725232445,1.2637895637028451e-14,1.5853433778965063,3.965909908005434,0.4372221123979079,0.17477633043574312,2.943648097431536,3.1739617966716953e-14,True
OGS_SLR_RN,TYNAN_RN,720,-1.6911530815109346,2.994978842888219,-8.88546884815855,1.2837931366830512e-14,4.816224354606122,5.033908533016983,0.14391920507129943,0.1376956247841317,0.6218520198345603,3.2185236384448326e-14,True
CORALSLR_ALL,ROSELAND_ALL,720,0.11475149105367793,0.7889570804382636,-8.87855632810509,1.3371908409767349e-14,3.3352190126928325,1.4697125776482995,0.20782658587698055,0.4716209081295721,0.2365533050260664,3.346502210106978e-14,True
BYNM_SLR_RN,POTSVIL_RN,720,-0.28081510934393616,3.0016310193800173,-8.868838693778065,1.4160366880283895e-14,1.8229319721985622,2.4530497858903146,0.38023754650809566,0.28256547606447097,1.6465951912401182,3.537607445179696e-14,True
LOWR_ESS_RN,MV_VALV4_RN,720,0.12268389662027841,0.2780211689737583,-8.86403868470693,1.4566821291731942e-14,4.774977994943575,2.0794467180739993,0.14516238217096455,0.33333250356226674,0.05822459690247087,3.6327764482357766e-14,True
BAYC_BESS_RN,DOW_G96_ST95,720,-0.7712326043737574,2.6446080738200357,-8.860821445179457,1.4845763887753178e-14,3.4701148424487203,3.0710664776693806,0.19974761990033138,0.22570243451257746,0.7621096689566165,3.695868492335756e-14,True
BBREEZE_1_2,LV1A_LV1B,720,-1.7303777335984099,4.374889464336281,-8.857142764294684,1.517126973346896e-14,2.665739422242003,2.756653308178856,0.26002060620650547,0.2514451775649159,1.6411542057838528,3.763743571508675e-14,True
ELSAUZ_ALL,LV1A_LV1B,720,-1.7303777335984099,4.374889464336281,-8.857142764294684,1.517126973346896e-14,2.665739422242003,2.756653308178856,0.26002060620650547,0.2514451775649159,1.6411542057838528,3.763743571508675e-14,True
GOODWIN_ESR,MYRY_ESR_RN,720,-0.650934393638171,1.8599930711620667,-8.853079692652088,1.5539093384243183e-14,3.257349959366705,3.6394317738661095,0.21279481455984153,0.19045478075376207,0.5710141969282562,3.841609197771232e-14,True
GOODWIN_ESR,MYRY_BES2_RN,720,-0.650934393638171,1.8599930711620667,-8.853079692652088,1.5539093384243183e-14,3.257349959366705,3.6394317738661095,0.21279481455984153,0.19045478075376207,0.5710141969282562,3.841609197771232e-14,True
ELSA_ESR_RN,N_AL_BESS_RN,720,0.5534194831013916,1.3743710756429195,-8.85156180840805,1.5678782842651914e-14,5.031624599972904,10.02660583445059,0.13775812698023576,0.06913078982105278,0.2731465848327239,3.8694257830045624e-14,True
ERSL_RN,MCLNSLR_RN,720,-0.8056461232604374,1.9131928034589334,-8.845142886374282,1.6283535656983972e-14,2.5624497793369536,1.691642759887879,0.2705017620830409,0.40974796629395127,0.7466264583550126,4.011722279506086e-14,True
NRTN_SLR_RN,STADIUM_RN,720,-6.693479125248509,34.08998379060464,-8.838462016371235,1.6937765630194115e-14,3.1938116716772407,3.4666647659071756,0.2170281944633062,0.19994641171441876,10.673761415838953,4.1656957266660483e-14,True
CTW_RN,WES_ALL,720,0.2035188866799206,0.7656282366489212,-8.836944475658981,1.7089999854800595e-14,2.8900396566623345,6.252070705681142,0.23984002398100343,0.11086681728184794,0.26491963004173247,4.195889619523456e-14,True
BYNM_SLR_RN,MCSES_UNIT6,720,-0.37719681908548713,22.19586524914936,-8.824184153478514,1.8425434267021782e-14,3.068538376781613,3.3744927450552655,0.22588838575548192,0.20540781472285943,7.233367331201227,4.500483429886624e-14,True
BYNM_SLR_RN,MCSES_UNIT7,720,-0.37719681908548713,22.19586524914936,-8.824184153478514,1.8425434267021782e-14,3.068538376781613,3.3744927450552655,0.22588838575548192,0.20540781472285943,7.233367331201227,4.500483429886624e-14,True
BYNM_SLR_RN,MCSES_UNIT8,720,-0.37719681908548713,22.19586524914936,-8.824184153478514,1.8425434267021782e-14,3.068538376781613,3.3744927450552655,0.22588838575548192,0.20540781472285943,7.233367331201227,4.500483429886624e-14,True
HNY_COMB_RN,OGS_SLR_RN,720,1.6670775347912523,2.995925454785177,-8.817875244078511,1.912376681681591e-14,4.72037424169107,5.05074866991859,0.14684157337313702,0.13723652192163377,0.6346796464408908,4.663055470401688e-14,True
LILY_RN,TURQ_BESS1,720,-0.20825049701789267,1.9390714603544934,-8.816392763278916,1.9291667583534515e-14,1.0950046762144199,1.1158905952531726,0.6330084205267957,0.6211605183415714,1.7708339539317104,4.6959546391372906e-14,True
CSC_CSECG1_2,MWEC_G1,720,-0.4306163021868787,1.5318847002802896,-8.802000426998536,2.100032910589459e-14,3.243011000971942,4.760438947030672,0.21373568586483566,0.14560572843651243,0.4723649410443499,5.095249718726609e-14,True
CHISMGRD_RN,WCPP_CC1,720,0.3170775347912525,1.0129289745693908,-8.801109556435488,2.1110936334611654e-14,2.263458453121779,8.691447319337245,0.3062336662747007,0.07975048977375615,0.44751383581719884,5.095249718726609e-14,True
CHISMGRD_RN,WCPP_ST1,720,0.3170775347912525,1.0129289745693908,-8.801109556435488,2.1110936334611654e-14,2.263458453121779,8.691447319337245,0.3062336662747007,0.07975048977375615,0.44751383581719884,5.095249718726609e-14,True
CHISMGRD_RN,WCPP_CT2,720,0.3170775347912525,1.0129289745693908,-8.801109556435488,2.1110936334611654e-14,2.263458453121779,8.691447319337245,0.3062336662747007,0.07975048977375615,0.44751383581719884,5.095249718726609e-14,True
CHISMGRD_RN,WCPP_CT1,720,0.3170775347912525,1.0129289745693908,-8.801109556435488,2.1110936334611654e-14,2.263458453121779,8.691447319337245,0.3062336662747007,0.07975048977375615,0.44751383581719884,5.095249718726609e-14,True
CTW_RN,WAL_RN,720,-0.9877534791252484,3.13122029896019,-8.800382064392691,2.12016911488019e-14,2.3220808398182093,2.3412054366918795,0.2985026053676108,0.29606422815221267,1.3484544746535725,5.108495464618258e-14,True
SIG_SLR_RN,WHTTAIL_WR1,720,-0.012763419483101113,1.7772657156423866,-8.789052503189046,2.2666485254969915e-14,2.589685457054095,5.538843377461243,0.2676568996716833,0.1251429465184937,0.6862863251601686,5.452208615384655e-14,True
JKLP_SLR_RN,PIN_BESS_RN,720,0.18801192842942335,0.7960665400030387,-8.788264817507642,2.277201004465654e-14,2.2518300833716345,2.086476777942752,0.307815045939037,0.33220939139489597,0.3535198085688149,5.4683545199984677e-14,True
ELZA_SLR_RN,LILY_RN,720,-0.33840954274353896,2.067739844133281,-8.784075849970328,2.3341508585043113e-14,1.3488842015724363,1.1630675703200362,0.5138670760261868,0.5959646698507939,1.5329261338540792,5.595674785370605e-14,True
SAH_RN,TORT_ESS_RN,720,-0.9619284294234594,1.4021545951897287,-8.779679807049948,2.3954483979164144e-14,2.6252798974277987,5.842081695209913,0.26402791612394483,0.11864729333180606,0.5340971820046824,5.666309831616236e-14,True
ALVIN_RN,SAH_RN,720,0.9619284294234594,1.4021545951897287,-8.779679807049948,2.3954483979164144e-14,2.6252798974277987,5.842081695209913,0.26402791612394483,0.11864729333180606,0.5340971820046824,5.666309831616236e-14,True
BCNV2_ES_RN,SAH_RN,720,0.9619284294234594,1.4021545951897287,-8.779679807049948,2.3954483979164144e-14,2.6252798974277987,5.842081695209913,0.26402791612394483,0.11864729333180606,0.5340971820046824,5.666309831616236e-14,True
BCNV_RN,JAR_RN,720,0.9619284294234594,1.4021545951897287,-8.779679807049948,2.3954483979164144e-14,2.6252798974277987,5.842081695209913,0.26402791612394483,0.11864729333180606,0.5340971820046824,5.666309831616236e-14,True
ALVIN_RN,JAR_RN,720,0.9619284294234594,1.4021545951897287,-8.779679807049948,2.3954483979164144e-14,2.6252798974277987,5.842081695209913,0.26402791612394483,0.11864729333180606,0.5340971820046824,5.666309831616236e-14,True
BCNV_RN,SAH_RN,720,0.9619284294234594,1.4021545951897287,-8.779679807049948,2.3954483979164144e-14,2.6252798974277987,5.842081695209913,0.26402791612394483,0.11864729333180606,0.5340971820046824,5.666309831616236e-14,True
BCNV2_ES_RN,JAR_RN,720,0.9619284294234594,1.4021545951897287,-8.779679807049948,2.3954483979164144e-14,2.6252798974277987,5.842081695209913,0.26402791612394483,0.11864729333180606,0.5340971820046824,5.666309831616236e-14,True
JAR_RN,TORT_ESS_RN,720,-0.9619284294234594,1.4021545951897287,-8.779679807049948,2.3954483979164144e-14,2.6252798974277987,5.842081695209913,0.26402791612394483,0.11864729333180606,0.5340971820046824,5.666309831616236e-14,True
DRAK_ESS_RN,SPNC_SPNCE_4,720,0.5499005964214713,1.934648271475297,-8.77659839550689,2.439372255155338e-14,2.0857115892885463,1.8736572480690958,0.33233126963463994,0.36994342549805764,0.9275722882353172,5.751102800233777e-14,True
DRAK_ESS_RN,SPNC_SPNCE_5,720,0.5499005964214713,1.934648271475297,-8.77659839550689,2.439372255155338e-14,2.0857115892885463,1.8736572480690958,0.33233126963463994,0.36994342549805764,0.9275722882353172,5.751102800233777e-14,True
AQLA_WND_RN,STRG_SLR_ALL,720,-0.9226640159045725,2.653056881630829,-8.763168671040562,2.640406190742952e-14,3.9225667381375713,4.397631101938692,0.17670755574933839,0.15761830960636328,0.6763573595411907,6.21477424069085e-14,True
FLTCK_SSI,TEN_CC1,720,1.1335984095427436,2.861144905988718,-8.760964704379726,2.6749457374228876e-14,1.9859948111633547,1.9326665115767112,0.3490176191114588,0.3586481042683669,1.440660816385879,6.275325749736726e-14,True
FLTCK_SSI,TEN_CT1_STG,720,1.1335984095427436,2.861144905988718,-8.760964704379726,2.6749457374228876e-14,1.9859948111633547,1.9326340820056478,0.3490176191114588,0.35865412237820593,1.440660816385879,6.275325749736726e-14,True
MCSES_UNIT6,POTSVIL_RN,720,0.09638170974155028,21.39265950057154,-8.759266117311991,2.7018732030789288e-14,3.0891299899659805,2.918332764054924,0.22438265233622579,0.2375147855300918,6.925140596238596,6.307323674072778e-14,True
MCSES_UNIT7,POTSVIL_RN,720,0.09638170974155028,21.39265950057154,-8.759266117311991,2.7018732030789288e-14,3.0891299899659805,2.918332764054924,0.22438265233622579,0.2375147855300918,6.925140596238596,6.307323674072778e-14,True
MCSES_UNIT8,POTSVIL_RN,720,0.09638170974155028,21.39265950057154,-8.759266117311991,2.7018732030789288e-14,3.0891299899659805,2.918332764054924,0.22438265233622579,0.2375147855300918,6.925140596238596,6.307323674072778e-14,True
MUENSTER_RN,SIG_SLR_RN,720,0.09302186878727625,1.797870479338536,-8.752140295187035,2.817823644853732e-14,2.6085978476177103,5.403135623270945,0.2657163813858693,0.12828609697942925,0.6892095234152067,6.56723546689315e-14,True
DIBOL_RN,HB_NORTH,720,0.020337972166998005,1.1472190891609686,-8.749173887693969,2.867547483080749e-14,2.610446605996271,5.3584164708777795,0.2655281969636024,0.12935672027866818,0.4394723441290748,6.666250595058205e-14,True
SIG_SLR_RN,TYLRWIND_RN,720,-0.09502982107355866,1.7989814374407374,-8.748959862636285,2.871168790009172e-14,2.6102409315782884,5.399042445063231,0.26554911930709485,0.12838335456942818,0.6892012977334544,6.666250595058205e-14,True
LMAJADAS_ALL,PALMWI_UNIT1,720,0.5207355864811132,1.3698906722255615,-8.748771927042291,2.8743524335433555e-14,3.84183617353369,9.800165031587351,0.18042080641934144,0.0707281130803238,0.35657186052406475,6.666250595058205e-14,True
AUSTPL_ALL,RPUBRDS_RN,720,-0.020377733598409543,7.686351310640108,-8.745143379535163,2.936517045052082e-14,3.290607137271683,2.4826641797228977,0.21064416128831756,0.2791949012763018,2.3358459366295046,6.799350036023033e-14,True
MCSES_UNIT7,RPUBRDS_RN,720,7.847852882703778,24.161238650980376,-8.72905963277727,3.2286573600912774e-14,3.8636817879157492,3.392444370849369,0.17940069048332816,0.2043208686090854,6.253423541904593,7.439495276326827e-14,True
MCSES_UNIT8,RPUBRDS_RN,720,7.847852882703778,24.161238650980376,-8.72905963277727,3.2286573600912774e-14,3.8636817879157492,3.392444370849369,0.17940069048332816,0.2043208686090854,6.253423541904593,7.439495276326827e-14,True
MCSES_UNIT6,RPUBRDS_RN,720,7.847852882703778,24.161238650980376,-8.72905963277727,3.2286573600912774e-14,3.8636817879157492,3.392444370849369,0.17940069048332816,0.2043208686090854,6.253423541904593,7.439495276326827e-14,True
BIRD_ESR1,OGS_SLR_RN,720,1.4280318091451292,2.8793260719252056,-8.718702567130526,3.43198592715916e-14,4.0648798693304,4.016628332028122,0.17052095088707409,0.1725694097790605,0.7083422301479998,7.895230953593931e-14,True
H_HOLLO_WND1,SOLARA_UNIT1,720,-1.10610337972167,2.531511745652192,-8.711890027621056,3.5726598439193484e-14,4.1401719827401235,4.555732536305313,0.1674199002963143,0.1521483482702621,0.6114508663422096,8.166079643244225e-14,True
HHOLLW2_WND1,SOLARA_UNIT1,720,-1.10610337972167,2.531511745652192,-8.711890027621056,3.5726598439193484e-14,4.1401719827401235,4.555732536305313,0.1674199002963143,0.1521483482702621,0.6114508663422096,8.166079643244225e-14,True
HHOLLW4_WND1,SOLARA_UNIT1,720,-1.10610337972167,2.531511745652192,-8.711890027621056,3.5726598439193484e-14,4.1401719827401235,4.555732536305313,0.1674199002963143,0.1521483482702621,0.6114508663422096,8.166079643244225e-14,True
HHOLLW3_WND1,SOLARA_UNIT1,720,-1.10610337972167,2.531511745652192,-8.711890027621056,3.5726598439193484e-14,4.1401719827401235,4.555732536305313,0.1674199002963143,0.1521483482702621,0.6114508663422096,8.166079643244225e-14,True
BRAN_ESS_RN,DIVR_SLR_RN,720,0.39206759443339967,0.9931944214344463,-8.708253722508633,3.6500918337773933e-14,3.4608189659428965,5.289426223782331,0.2002841487465953,0.13104392636074877,0.28698248339720694,8.316369234078414e-14,True
DIVR_SLR_RN,TDWLPR_1_RN,720,-0.39206759443339967,0.9931944214344463,-8.708253722508633,3.6500918337773933e-14,3.4608189659428965,5.289426223782331,0.2002841487465953,0.13104392636074877,0.28698248339720694,8.316369234078414e-14,True
JAY_RN_1,PCT_RN,720,-0.24634194831013898,1.7071711119707922,-8.706940286087878,3.6784709160472546e-14,1.7575718644170657,1.8388765102383944,0.3943777176871465,0.3769405812193907,0.971323646294833,8.340585774363911e-14,True
JAY_RN_1,PEY_RN,720,-0.24634194831013898,1.7071711119707922,-8.706940286087878,3.6784709160472546e-14,1.7575718644170657,1.8388765102383944,0.3943777176871465,0.3769405812193907,0.971323646294833,8.340585774363911e-14,True
LK_RN,PRO_RN,720,0.38003976143141155,1.4548398408619774,-8.706678701505231,3.684149193872823e-14,2.520167313322433,1.4554502432700598,0.27504014392050136,0.47624244371460206,0.5772790691995787,8.340585774363911e-14,True
FEGC_RN,LK_RN,720,-0.38003976143141155,1.4548398408619774,-8.706678701505231,3.684149193872823e-14,2.520167313322433,1.4554502432700598,0.27504014392050136,0.47624244371460206,0.5772790691995787,8.340585774363911e-14,True
LEAKEY_RN,WAP_WAP_G8,720,3.3109145129224653,5.981605032396718,-8.706199975302146,3.6945637194251475e-14,4.0102578931129464,1.7034532538511034,0.17284354249394485,0.4069070747864105,1.4915761509176961,8.350886883272079e-14,True
KEG_RN,THW_1_CCU,720,0.18250497017892633,0.775222168049783,-8.698300215161835,3.8707331967119306e-14,2.175848968327538,1.4455300873065804,0.31856401370207765,0.4795107252672055,0.35628491652417216,8.693886549081686e-14,True
KEG_RN,THW_CC2,720,0.18250497017892633,0.775222168049783,-8.698300215161835,3.8707331967119306e-14,2.175848968327538,1.4455300873065804,0.31856401370207765,0.4795107252672055,0.35628491652417216,8.693886549081686e-14,True
KEG_RN,THW_CC1,720,0.18250497017892633,0.775222168049783,-8.698300215161835,3.8707331967119306e-14,2.175848968327538,1.4455300873065804,0.31856401370207765,0.4795107252672055,0.35628491652417216,8.693886549081686e-14,True
KEG_RN,THW_2_CCU,720,0.18250497017892633,0.775222168049783,-8.698300215161835,3.8707331967119306e-14,2.175848968327538,1.4455300873065804,0.31856401370207765,0.4795107252672055,0.35628491652417216,8.693886549081686e-14,True
CBECII_89,ROW_ALL,720,0.546520874751491,2.213982643670841,-8.687455262697357,4.126340567323895e-14,3.3841654495954656,1.5619832512675231,0.20482071307796204,0.4437609558216889,0.6542182043538961,9.209888664371828e-14,True
MAG_RN,ROW_ALL,720,0.546520874751491,2.213982643670841,-8.687455262697357,4.126340567323895e-14,3.3841654495954656,1.5619832512675231,0.20482071307796204,0.4437609558216889,0.6542182043538961,9.209888664371828e-14,True
CBECII_CC3,ROW_ALL,720,0.546520874751491,2.213982643670841,-8.687455262697357,4.126340567323895e-14,3.3841654495954656,1.5619832512675231,0.20482071307796204,0.4437609558216889,0.6542182043538961,9.209888664371828e-14,True
CBECII_CT7,ROW_ALL,720,0.546520874751491,2.213982643670841,-8.687455262697357,4.126340567323895e-14,3.3841654495954656,1.5619832512675231,0.20482071307796204,0.4437609558216889,0.6542182043538961,9.209888664371828e-14,True
BCK_RN,CBECII_89,720,-0.37664015904572556,1.521857890207109,-8.679641802195105,4.320892668707922e-14,3.385284720537716,1.5613551347212624,0.20475299355318222,0.4439394761292971,0.44955092875182984,9.584036075140314e-14,True
BCK_RN,CBECII_CC3,720,-0.37664015904572556,1.521857890207109,-8.679641802195105,4.320892668707922e-14,3.385284720537716,1.5613551347212624,0.20475299355318222,0.4439394761292971,0.44955092875182984,9.584036075140314e-14,True
BCK_RN,MAG_RN,720,-0.37664015904572556,1.521857890207109,-8.679641802195105,4.320892668707922e-14,3.385284720537716,1.5613551347212624,0.20475299355318222,0.4439394761292971,0.44955092875182984,9.584036075140314e-14,True
BCK_RN,CBECII_CT7,720,-0.37664015904572556,1.521857890207109,-8.679641802195105,4.320892668707922e-14,3.385284720537716,1.5613551347212624,0.20475299355318222,0.4439394761292971,0.44955092875182984,9.584036075140314e-14,True
CNLY_ESS_RN,LZ_NORTH,720,-0.08429423459244534,1.8462699148587434,-8.674040201410257,4.465988858838283e-14,2.4453849798524847,5.507722664225841,0.28345114829394213,0.1258500514308981,0.7550017400409966,9.890463662497224e-14,True
HB_NORTH,LFSTH_RN,720,0.005487077534791136,1.1394033313651073,-8.666283264102635,4.6749901736766596e-14,2.65398362829276,5.341811194524612,0.2611723648822315,0.1297588318490974,0.4293181462080294,1.0337245352974477e-13,True
LACASAWD_RN,PORTSL_UNIT1,720,-0.6461033797216698,2.2859111893043798,-8.663545417644453,4.751069353290118e-14,2.799634659435713,2.416302742169845,0.2475848690556125,0.28686272148890485,0.8165033896833961,1.0489182572225005e-13,True
LON_RN1,WAL_RN,720,-1.078946322067594,3.1694072810305074,-8.654082960268003,5.023668972476559e-14,2.3436427256490644,2.2850534179496425,0.29575633392157946,0.30333959596528814,1.3523423371421726,1.1073846156047398e-13,True
CORAZON_RN,OUTP_SLR_RN,720,0.16481113320079524,0.9596797243985212,-8.635418746492828,5.6080350949169457e-14,1.524637667900226,4.9400587908697355,0.45463075926398117,0.14031152459987453,0.6294477334540863,1.2336462953185397e-13,True
OUTP_SLR_RN,TORR_ALL,720,-0.16499005964214714,0.9597723158683871,-8.635244965359023,5.6137837034158263e-14,1.524763362261996,4.985477652303249,0.4545932816300472,0.13903325396308155,0.6294565698670506,1.2336462953185397e-13,True
CARRIZO_ESR1,STADIUM_RN,720,0.5041351888667991,33.3289587421251,-8.625429548282932,5.948217164629652e-14,3.2992696109619546,3.4616292537007203,0.21009109963518477,0.2002372668358182,10.101920325452733,1.3051249988339944e-13,True
BELM_SLR_RN,LMWD_SLR_RN,720,2.194512922465209,5.051777103526752,-8.618188287497281,6.207640536131719e-14,4.686163536084823,4.617845144168833,0.1479135704980226,0.15010186762871733,1.0780198054606072,1.3599507882233182e-13,True
GAIA_SLR_RN,TGCCS_ALL,720,0.10153081510934396,0.9181168164184613,-8.609189452945264,6.545841096011877e-14,2.684538159262696,1.9907808165572298,0.2581997868677408,0.34817855124736635,0.3420017753335347,1.429643822196459e-13,True
GAIA_SLR_RN,TGCCS_CC1,720,0.10153081510934396,0.9181168164184613,-8.609189452945264,6.545841096011877e-14,2.684538159262696,1.9907808165572298,0.2581997868677408,0.34817855124736635,0.3420017753335347,1.429643822196459e-13,True
BAYC_BESS_RN,DOWGEN_PUN1,720,-0.9235387673956261,2.592118494365707,-8.60799135694334,6.592236344802413e-14,3.8572230717618927,3.0689933272204133,0.17970108745702676,0.2258548998500849,0.6720167452440561,1.4375719073504802e-13,True
DIVR_SLR_RN,YAPN_SLR_RN,720,0.21514910536779328,0.8565479729206863,-8.594769152800637,7.12660321387924e-14,3.9557981098901225,4.95381610449289,0.17522309311665007,0.13992186345619326,0.21652974927592503,1.551725225774318e-13,True
FLTCK_SSI,LUCKYBLU_RN,720,0.5247912524850895,1.5206049285622978,-8.592384124267584,7.227501807052517e-14,2.8258673575234132,3.8637829455483295,0.2452865236984862,0.17939599359704125,0.5381020183109211,1.5712919959149289e-13,True
COL_COLETOG1,PERE_SLR_RN,720,0.24469184890656076,1.0322476995471,-8.588744922770708,7.384215535405091e-14,4.654826309716062,4.796458922073793,0.14890935438624914,0.1445122728707237,0.22175858579137095,1.6029150796367148e-13,True
HOL_ALL,PCT_RN,720,0.14562624254473158,1.009840800176144,-8.585779860716807,7.514405701409291e-14,3.5725575586837897,5.449739369826197,0.19401987768541826,0.12718905135128528,0.2826660686604003,1.626217890396175e-13,True
HOL_ALL,PEY_RN,720,0.14562624254473158,1.009840800176144,-8.585779860716807,7.514405701409291e-14,3.5725575586837897,5.449739369826197,0.19401987768541826,0.12718905135128528,0.2826660686604003,1.626217890396175e-13,True
FERGCC_CC1,JC_BAT_RN,720,0.978389662027833,4.110092474707824,-8.574726793485667,8.020259718700102e-14,3.8449607471028866,4.617197901387514,0.1802741890361872,0.15012290903789235,1.0689556396134108,1.7330576387600828e-13,True
LMWD_SLR_RN,PANDA_T2_CC1,720,-2.198807157057654,5.134707012495628,-8.5701842934185,8.237888577127374e-14,4.437072371001664,4.483482102294287,0.1562172357363349,0.1546001890372771,1.1572285919998357,1.774697932500663e-13,True
LMWD_SLR_RN,PANDA_T2_CT1,720,-2.198807157057654,5.134707012495628,-8.5701842934185,8.237888577127374e-14,4.437072371001664,4.483482102294287,0.1562172357363349,0.1546001890372771,1.1572285919998357,1.774697932500663e-13,True
JAR_RN,MIL_MILG1_2,720,1.0861232604373756,5.668768203844643,-8.567370357767253,8.37565208340527e-14,2.009706726898957,2.2665804489269643,0.34489966684317863,0.30581185895611707,2.8206942475590644,1.7935230927472337e-13,True
MIL_MILG1_2,SAH_RN,720,-1.0861232604373756,5.668768203844643,-8.567370357767253,8.37565208340527e-14,2.009706726898957,2.2665804489269643,0.34489966684317863,0.30581185895611707,2.8206942475590644,1.7935230927472337e-13,True
MIL_MILG345,SAH_RN,720,-1.0861232604373756,5.668768203844643,-8.567370357767253,8.37565208340527e-14,2.009706726898957,2.2665804489269643,0.34489966684317863,0.30581185895611707,2.8206942475590644,1.7935230927472337e-13,True
JAR_RN,MIL_MILG345,720,1.0861232604373756,5.668768203844643,-8.567370357767253,8.37565208340527e-14,2.009706726898957,2.2665804489269643,0.34489966684317863,0.30581185895611707,2.8206942475590644,1.7935230927472337e-13,True
KEG_RN,THW_THWGT_1,720,0.21453280318091456,0.9226152258647727,-8.545834969439277,9.509070395265805e-14,2.1636904212723125,1.4674317273014517,0.32035413834866205,0.47235395532480084,0.42640814822401824,2.0331706070358116e-13,True
CATARINA_B1,ERSL_RN,720,1.7832007952286282,4.14082510656833,-8.541727627424724,9.742040378697149e-14,2.9992530795254027,2.5807056725232527,0.23110659960366794,0.26858823458245407,1.3806187729991655,2.0798598949422397e-13,True
HOLCOMB_RN1,SAN_SANMIGG1,720,1.1323856858846917,1.8385351311953,-8.540155565416716,9.832709541790908e-14,2.6837073591012897,3.2243010425730225,0.2582797182447135,0.21497595026263655,0.6850728806031154,2.0960746089087206e-13,True
FERGCC_ST1_5,JC_BAT_RN,720,0.9687475149105368,4.101547543654389,-8.539035877948491,9.897801405621908e-14,3.839343873321913,4.613875677778096,0.18053792612231268,0.15023100511753368,1.0682938749390036,2.1067965921682506e-13,True
PALACIOS_RN,PAVLOV_BT_RN,720,0.6083300198807159,2.9115755367170815,-8.524577105983443,1.0778045987590302e-13,1.6823936478032078,1.772370161890459,0.412000593003323,0.39108488478536296,1.7306149131737882,2.2907369382579983e-13,True
CSC_CSECG1_2,SOLARA_UNIT1,720,-0.6615705765407557,2.824438899692588,-8.519666608387546,1.1094446084739058e-13,3.9291518810921193,4.72578964345852,0.17641139908475184,0.1466733039036991,0.718841873556572,2.354469631098125e-13,True
PALACIOS_RN,PAVLOV_RN,720,0.6049900596421474,2.9132250221672664,-8.51860954243483,1.1163760740035639e-13,1.6851047272159418,1.7734429904707336,0.4113377461738734,0.3908483014590505,1.7288094770111841,2.3656540615789805e-13,True
LHSES_UNIT2,PRCRK_RN,720,-1.202027833001988,2.343917334153084,-8.514770300054263,1.1419168493660154e-13,3.720289832338229,3.4255404708705774,0.18631537105922127,0.20234680817645886,0.6300362175491889,2.412595836049267e-13,True
LHSES_UNIT1,PRCRK_RN,720,-1.202027833001988,2.343917334153084,-8.514770300054263,1.1419168493660154e-13,3.720289832338229,3.4255404708705774,0.18631537105922127,0.20234680817645886,0.6300362175491889,2.412595836049267e-13,True
BASTEN_CCU,GID_GIDEONG1,720,-0.27880715705765396,1.0089729742354443,-8.507754847863245,1.1901045759421398e-13,2.6559137141024243,1.7407420582752504,0.2609825676487374,0.3981906321300264,0.37989674471650914,2.5032628008000107e-13,True
BASTEN_CC1,GID_GIDEONG2,720,-0.27880715705765396,1.0089729742354443,-8.507754847863245,1.1901045759421398e-13,2.6559137141024243,1.7407420582752504,0.2609825676487374,0.3981906321300264,0.37989674471650914,2.5032628008000107e-13,True
BASTEN_CCU,GID_GIDEONG3,720,-0.27880715705765396,1.0089729742354443,-8.507754847863245,1.1901045759421398e-13,2.6559137141024243,1.7407420582752504,0.2609825676487374,0.3981906321300264,0.37989674471650914,2.5032628008000107e-13,True
SHAW_SLR_RN,UTOPIA_RN,720,0.620318091451292,3.4086443161343594,-8.505851394509476,1.2035257597593684e-13,1.8419916682335065,2.8025765826507643,0.3763031030562056,0.24732497404382972,1.8505210283623557,2.527759117842685e-13,True
TGCCS_CC1,TRSES_UNIT6,720,-0.11685884691848915,0.9010812860226217,-8.498166266679211,1.2592681584280084e-13,2.7253419778542005,2.0222335202012425,0.25433401980095544,0.3427631742999527,0.3306305386056867,2.6370556729433586e-13,True
TGCCS_ALL,TRSES_UNIT6,720,-0.11685884691848915,0.9010812860226217,-8.498166266679211,1.2592681584280084e-13,2.7253419778542005,2.0222335202012425,0.25433401980095544,0.3427631742999527,0.3306305386056867,2.6370556729433586e-13,True
N_AL_BESS_RN,SE_EDINB_RN,720,0.5444532803180915,1.006317519228474,-8.468577094401859,1.499038543838576e-13,4.50805538609992,9.742881351678312,0.15375746773147161,0.07114396199031445,0.223226520759115,3.1345534308753773e-13,True
CRWN_SLR_UN1,LMWD_SLR_RN,720,2.1325049701789265,4.9678889685920025,-8.46116296851198,1.5659454043711882e-13,5.206697988838188,4.7251151574281955,0.13312605840512995,0.14669424076792537,0.9541342669080998,3.251311244292184e-13,True
GOLINDA_UN1,LMWD_SLR_RN,720,2.1325049701789265,4.9678889685920025,-8.46116296851198,1.5659454043711882e-13,5.206697988838188,4.7251151574281955,0.13312605840512995,0.14669424076792537,0.9541342669080998,3.251311244292184e-13,True
BTM_ALL,TORT_ESS_RN,720,-0.5145725646123261,2.743707789918044,-8.460878074220437,1.5685750174359063e-13,2.6339268222366665,2.204712984984798,0.26316113823213266,0.31439338602377065,1.041679581510983,3.251311244292184e-13,True
BCNV_RN,BTM_ALL,720,0.5145725646123261,2.743707789918044,-8.460878074220437,1.5685750174359063e-13,2.6339268222366665,2.204712984984798,0.26316113823213266,0.31439338602377065,1.041679581510983,3.251311244292184e-13,True
BCNV2_ES_RN,BTM_ALL,720,0.5145725646123261,2.743707789918044,-8.460878074220437,1.5685750174359063e-13,2.6339268222366665,2.204712984984798,0.26316113823213266,0.31439338602377065,1.041679581510983,3.251311244292184e-13,True
ALVIN_RN,BTM_ALL,720,0.5145725646123261,2.743707789918044,-8.460878074220437,1.5685750174359063e-13,2.6339268222366665,2.204712984984798,0.26316113823213266,0.31439338602377065,1.041679581510983,3.251311244292184e-13,True
BUCKTHRN_RN,LUCKYBLU_RN,720,-1.8019681908548706,3.662760087304858,-8.45748417814847,1.6002423457705263e-13,3.6100761718456718,2.147131724291404,0.19200347792261954,0.322824712018401,1.0145935744708265,3.312129506362252e-13,True
MUSTNGCK_ALL,PALACIOS_RN,720,-0.39874751491053684,3.2063304884344856,-8.457087203755897,1.6039878382217638e-13,1.707467923518958,1.6455651321306985,0.4059503379316333,0.4212213585629695,1.8778276559517961,3.315063398588958e-13,True
LYNX_ESS_RN,PERE_SLR_RN,720,-0.1543538767395625,1.3692019115242986,-8.454892220206828,1.6248562915499996e-13,2.296914656591356,1.9167553045462642,0.3017731540746849,0.36162528357996515,0.5961048259216595,3.3533266074886947e-13,True
CR_RN,PR_PR_ALL,720,0.15910536779324067,0.5809606987542496,-8.440171183090406,1.7719953830559322e-13,3.251124068877948,1.3495177885421252,0.21320231583754026,0.5136258198632175,0.1786953331974055,3.6516952611745984e-13,True
LEAKEY_RN,SHAW_SLR_RN,720,-1.1313518886679916,3.8145100098140423,-8.438598602130952,1.788479675107761e-13,2.585106664552428,2.7843281655869596,0.2681309789126064,0.24894593572946316,1.4755716126222076,3.680339678256433e-13,True
LOS_LOSTPGT1,WEBBER_WS_T1,720,-0.030576540755466904,1.4622075304681381,-8.43505491400605,1.826189131381293e-13,1.6314496691554332,3.2767104761529424,0.4248658071804157,0.2115375116613117,0.8962627276298949,3.7363409814467835e-13,True
LOSTPI_CC1,WEBBER_WS_T1,720,-0.030576540755466904,1.4622075304681381,-8.43505491400605,1.826189131381293e-13,1.6314496691554332,3.2767104761529424,0.4248658071804157,0.2115375116613117,0.8962627276298949,3.7363409814467835e-13,True
LOS_LOSTPST1,WEBBER_WS_T1,720,-0.030576540755466904,1.4622075304681381,-8.43505491400605,1.826189131381293e-13,1.6314496691554332,3.2767104761529424,0.4248658071804157,0.2115375116613117,0.8962627276298949,3.7363409814467835e-13,True
LOS_LOSTPGT2,WEBBER_WS_T1,720,-0.030576540755466904,1.4622075304681381,-8.43505491400605,1.826189131381293e-13,1.6314496691554332,3.2767104761529424,0.4248658071804157,0.2115375116613117,0.8962627276298949,3.7363409814467835e-13,True
MEDINA1_RN,WAP_WAP_G8,720,4.649522862823062,7.72067673033116,-8.43447171710372,1.8324707329006993e-13,3.432789008673761,1.9180856827475505,0.20191954087727018,0.36137446141981033,2.2490973697547467,3.743813950718215e-13,True
EMPCT_RN,SPNC_SPNCE_4,720,2.5123260437375747,5.4714539132991185,-8.429897176087989,1.882497130575024e-13,4.0991702148698375,3.3455367205334037,0.16909451040738377,0.20718564417652893,1.3347710942695887,3.8350156136464006e-13,True
EMPCT_RN,SPNC_SPNCE_5,720,2.5123260437375747,5.4714539132991185,-8.429897176087989,1.882497130575024e-13,4.0991702148698375,3.3455367205334037,0.16909451040738377,0.20718564417652893,1.3347710942695887,3.8350156136464006e-13,True
BRANDON_RN,FLUVANNA_1_2,720,1.8810536779324056,3.2966644199720654,-8.421121200972896,1.9823182448520813e-13,3.150495017939351,2.050402156582687,0.22001214939654565,0.3380542584461492,1.0463956937561893,4.0268490451774093e-13,True
BRANDON_RN,ENDPARK_ESS1,720,1.8810536779324056,3.2966644199720654,-8.421121200972896,1.9823182448520813e-13,3.150495017939351,2.050402156582687,0.22001214939654565,0.3380542584461492,1.0463956937561893,4.0268490451774093e-13,True
OLMITO_RN,SANTACRU_ALL,720,0.7306759443339961,1.847683900771227,-8.416896729781785,2.0322359238705022e-13,2.490252901900764,2.0583272944224147,0.2783440910884508,0.33675265466197335,0.7419663678981857,4.1223703071105343e-13,True
DOWGEN_PUN3,TNG_RN,720,-0.37023856858846904,1.1253585275287217,-8.401674823788966,2.222738055074377e-13,4.908148069415792,6.53808345131834,0.14122377132001426,0.10601687569775191,0.2292837362713613,4.489615589256614e-13,True
DOW_G96_ST95,TNG_RN,720,-0.37023856858846904,1.1253585275287217,-8.401674823788966,2.222738055074377e-13,4.908148069415792,6.53808345131834,0.14122377132001426,0.10601687569775191,0.2292837362713613,4.489615589256614e-13,True
DOW_61_2_63,TNG_RN,720,-0.37023856858846904,1.1253585275287217,-8.401674823788966,2.222738055074377e-13,4.908148069415792,6.53808345131834,0.14122377132001426,0.10601687569775191,0.2292837362713613,4.489615589256614e-13,True
GWEC_G1,MARBFA,720,-0.6324652087475149,2.909579569832994,-8.389941673402063,2.38165783589851e-13,1.9912327178301532,3.988389554692067,0.3480995336975318,0.17379124357210923,1.4611951399651386,4.803797108101244e-13,True
FRNYPP_1_CCU,SMTH_ESS_RN,720,-0.5533399602385685,1.3360463682601118,-8.382387766449009,2.48992282167663e-13,4.350799815167382,2.6087254600014598,0.15931488691885007,0.2657033831990728,0.3070806346002182,4.993873377559889e-13,True
FRNYPP_CC2,SMTH_ESS_RN,720,-0.5533399602385685,1.3360463682601118,-8.382387766449009,2.48992282167663e-13,4.350799815167382,2.6087254600014598,0.15931488691885007,0.2657033831990728,0.3070806346002182,4.993873377559889e-13,True
FRNYPP_CC1,SMTH_ESS_RN,720,-0.5533399602385685,1.3360463682601118,-8.382387766449009,2.48992282167663e-13,4.350799815167382,2.6087254600014598,0.15931488691885007,0.2657033831990728,0.3070806346002182,4.993873377559889e-13,True
FRNYPP_2_CCU,SMTH_ESS_RN,720,-0.5533399602385685,1.3360463682601118,-8.382387766449009,2.48992282167663e-13,4.350799815167382,2.6087254600014598,0.15931488691885007,0.2657033831990728,0.3070806346002182,4.993873377559889e-13,True
BRIGHTSD_U1,ORIANA_RN,720,2.147296222664016,3.536390196688244,-8.380809132564154,2.513161547530665e-13,2.5140672422888652,2.4418328714910755,0.2757074945731714,0.28386348167091524,1.40664105446465,5.033392466503049e-13,True
JACKCNTY_CT2,MNWL_BESS_RN,720,-2.0430616302186877,4.194072815658633,-8.363725735610911,2.7789191774813e-13,3.100560905517289,2.4432675511782143,0.2235554151916595,0.2836967978499488,1.3526819641554197,5.526788978677893e-13,True
JACKCNTY_CC1,MNWL_BESS_RN,720,-2.0430616302186877,4.194072815658633,-8.363725735610911,2.7789191774813e-13,3.100560905517289,2.4432675511782143,0.2235554151916595,0.2836967978499488,1.3526819641554197,5.526788978677893e-13,True
JACKCNTY_CT1,MNWL_BESS_RN,720,-2.0430616302186877,4.194072815658633,-8.363725735610911,2.7789191774813e-13,3.100560905517289,2.4432675511782143,0.2235554151916595,0.2836967978499488,1.3526819641554197,5.526788978677893e-13,True
JACKCNTY_STG,MNWL_BESS_RN,720,-2.0430616302186877,4.194072815658633,-8.363725735610911,2.7789191774813e-13,3.100560905517289,2.4432675511782143,0.2235554151916595,0.2836967978499488,1.3526819641554197,5.526788978677893e-13,True
KEECHI_U1,MNWL_BESS_RN,720,-2.0430616302186877,4.194072815658633,-8.363725735610911,2.7789191774813e-13,3.100560905517289,2.4432675511782143,0.2235554151916595,0.2836967978499488,1.3526819641554197,5.526788978677893e-13,True
LYSSY_RN,MUSTNGCK_ALL,720,2.351332007952286,3.9610636342592054,-8.360463753496647,2.8327661525468e-13,4.570407970238987,4.128758408209294,0.1516598047862455,0.16788271727930282,0.8666761610894183,5.62602371161317e-13,True
CALLAHA_WND1,TTWEC_G1,720,0.13087475149105376,2.7597413178868924,-8.356033186225352,2.9075749347295183e-13,2.184908701662219,2.770908607738395,0.3172430866482511,0.2501515851602516,1.263092281973776,5.766555302304783e-13,True
E_HARRIS_RN,SROSA_ESR_RN,720,-0.1877335984095428,1.1006332985933525,-8.352854153890046,2.9624637431338395e-13,2.234734895515974,2.3685123116293756,0.3101697574735843,0.29265086660373196,0.49251179672442946,5.86724390851542e-13,True
HB_HOUSTON,RBN_BESS1,720,-0.3126838966202782,1.348566951319201,-8.348426516379059,3.040638040238928e-13,2.152471508476069,2.0804530857605505,0.32202385854142496,0.333171262214044,0.6265202331407278,6.013706346250324e-13,True
MEDINA1_RN,UTOPIA_RN,720,0.8275745526838965,1.7946563227097214,-8.346869430417385,3.068616438974876e-13,2.7724034482907616,2.1162277481531833,0.25001670697938405,0.327539028426808,0.6473287009566232,6.060623868377564e-13,True
LEAKEY_RN,MEDINA1_RN,720,-1.338608349900596,2.9021333085726693,-8.345087497207224,3.100950361600759e-13,2.7717034954591586,2.1885712415727396,0.25007984501066516,0.3167121852802194,1.047057635611887,6.116001821218117e-13,True
HB_SOUTH,LYSSY_RN,720,-0.6530019880715707,1.403424785828621,-8.344529965112727,3.111136676602114e-13,2.666943462649195,3.933918318337946,0.25990321514780484,0.1761976544680255,0.5262296728384847,6.127605293888534e-13,True
LEAKEY_RN,UTOPIA_RN,720,-0.5110337972166996,1.107488151102109,-8.342097537729929,3.1559700801525894e-13,2.770424394849761,2.2577834268059718,0.250195306483913,0.30700339648631525,0.39975397024403103,6.207322367592939e-13,True
CTW_RN,RN_LNP_SLR,720,-0.033180914512922315,0.7254224082505245,-8.340698843577558,3.182041534935592e-13,2.107794318298371,4.942752695791617,0.32884953457865146,0.1402350518467388,0.34416185770733093,6.249968476894183e-13,True
UTOPIA_RN,WAP_WAP_G8,720,3.821948310139165,6.548590446346162,-8.337313544764543,3.2460360661664696e-13,3.7523722709771614,1.7793440968171867,0.18472239173098934,0.38955207247424306,1.7451867707786979,6.366880658706684e-13,True
GRAN_SLR_RN,STRG_SLR_ALL,720,0.8787475149105368,1.9898678162541679,-8.331307030045574,3.362758218240909e-13,4.817013430820699,3.944971796551372,0.1438956296291352,0.1757039635025738,0.41309160641371595,6.58675062279925e-13,True
LONEWOLF_ALL,SLK_BESS_RN,720,0.09689860834990054,1.0091720422280794,-8.328203596419673,3.4246975014910795e-13,2.0670131367643245,2.453364684309446,0.3353375787659429,0.28252920774191664,0.4882272029522871,6.689669742281615e-13,True
CROSSETT_ALL,LONEWOLF_ALL,720,-0.09689860834990054,1.0091720422280794,-8.328203596419673,3.4246975014910795e-13,2.0670131367643245,2.453364684309446,0.3353375787659429,0.28252920774191664,0.4882272029522871,6.689669742281615e-13,True
HB_SOUTH,MILTON_RN,720,-0.640417495029821,1.1367012210726857,-8.323675245575755,3.517123785685571e-13,3.4967901120772082,6.687064157000392,0.19822384482441616,0.1036549320129253,0.3250699025791536,6.860800370981169e-13,True
EMPCT_RN,PRCRK_RN,720,0.42590457256461234,4.596616190766649,-8.316199251007864,3.675191000879852e-13,2.0151154292924907,2.5938822608671153,0.34397393344524685,0.26722384088791734,2.281068431092568,7.15933240116677e-13,True
MONTECR1_RN,SEVNF_ES_RN,720,-0.9072564612326044,1.8292959120104682,-8.312798848755751,3.7494129559026265e-13,3.113085503781609,6.390602553231851,0.22265600469950064,0.10846350947132637,0.5876150557986081,7.293939957930793e-13,True
BOSQ_BSQS_12,ROSELAND_ALL,720,-0.21791252485089466,0.8876387811934944,-8.297047135626105,4.113222075573348e-13,2.3752383595841886,3.4225244559897288,0.29182215661138455,0.20252512128784786,0.37370513894398594,7.969018007641425e-13,True
BOSQ_BSQSU_5,ROSELAND_ALL,720,-0.21791252485089466,0.8876387811934944,-8.297047135626105,4.113222075573348e-13,2.3752383595841886,3.4225244559897288,0.29182215661138455,0.20252512128784786,0.37370513894398594,7.969018007641425e-13,True
BOSQUESW_CC2,ROSELAND_ALL,720,-0.21791252485089466,0.8876387811934944,-8.297047135626105,4.113222075573348e-13,2.3752383595841886,3.4225244559897288,0.29182215661138455,0.20252512128784786,0.37370513894398594,7.969018007641425e-13,True
EXN_1_3,PSG_CC1,720,0.20610337972166984,1.6498593219180928,-8.291022397166927,4.2615036248170405e-13,1.71909725119736,3.4518495933396123,0.40320417014055765,0.20080457210458463,0.9597242510677959,8.198408514530129e-13,True
EXN_1_3,PSG_PSG_GT2,720,0.20610337972166984,1.6498593219180928,-8.291022397166927,4.2615036248170405e-13,1.71909725119736,3.4518495933396123,0.40320417014055765,0.20080457210458463,0.9597242510677959,8.198408514530129e-13,True
EXN_1_3,PSG_PSG_GT3,720,0.20610337972166984,1.6498593219180928,-8.291022397166927,4.2615036248170405e-13,1.71909725119736,3.4518495933396123,0.40320417014055765,0.20080457210458463,0.9597242510677959,8.198408514530129e-13,True
EXN_1_3,PSG_PSG_ST1,720,0.20610337972166984,1.6498593219180928,-8.291022397166927,4.2615036248170405e-13,1.71909725119736,3.4518495933396123,0.40320417014055765,0.20080457210458463,0.9597242510677959,8.198408514530129e-13,True
MU_RN,VERT_ESS_RN,720,-0.2220874751491054,1.3643138959475143,-8.2908363628546,4.266166228417714e-13,2.6451714635350667,2.6977466967926165,0.26204243850173997,0.2569356053272297,0.5157752209092012,8.198408514530129e-13,True
MAINLAND_RN,MU_RN,720,0.2220874751491054,1.3643138959475143,-8.2908363628546,4.266166228417714e-13,2.6451714635350667,2.6977466967926165,0.26204243850173997,0.2569356053272297,0.5157752209092012,8.198408514530129e-13,True
SROSA_ESR_RN,W_HRL_ESR_RN,720,0.14737574552683894,0.996133097220786,-8.287278970015281,4.356311278108299e-13,2.189077551586664,2.4964739413393136,0.31663893316961095,0.27765047697156586,0.4550469655580632,8.360360188714579e-13,True
CBY_CBY_G2,PSG_PSG_ST1,720,0.20566600397614299,1.647072346473967,-8.27079597539973,4.799432700243215e-13,1.7142803769630823,3.245340293401687,0.4043371142052526,0.21358228040653487,0.9607951934862737,9.161383599391874e-13,True
CBY_CBY_G2,PSG_PSG_GT2,720,0.20566600397614299,1.647072346473967,-8.27079597539973,4.799432700243215e-13,1.7142803769630823,3.245340293401687,0.4043371142052526,0.21358228040653487,0.9607951934862737,9.161383599391874e-13,True
CBY_CBY_G2,PSG_PSG_GT3,720,0.20566600397614299,1.647072346473967,-8.27079597539973,4.799432700243215e-13,1.7142803769630823,3.245340293401687,0.4043371142052526,0.21358228040653487,0.9607951934862737,9.161383599391874e-13,True
CBY_CBY_G2,PSG_CC1,720,0.20566600397614299,1.647072346473967,-8.27079597539973,4.799432700243215e-13,1.7142803769630823,3.245340293401687,0.4043371142052526,0.21358228040653487,0.9607951934862737,9.161383599391874e-13,True
CRANELL_ALL,LYNX_ESS_RN,720,0.2799005964214712,1.283960890287741,-8.266837117727578,4.912391439336074e-13,2.9283317242717892,2.4077578190571995,0.23670377738106688,0.28788077234086584,0.438461558041903,9.351932365794878e-13,True
BLACKJAK_RN,LYNX_ESS_RN,720,0.2799005964214712,1.283960890287741,-8.266837117727578,4.912391439336074e-13,2.9283317242717892,2.4077578190571995,0.23670377738106688,0.28788077234086584,0.438461558041903,9.351932365794878e-13,True
AURO_SLR_RN,SCES_UNIT1,720,0.2379721669980118,1.0415812485023668,-8.261397934732686,5.071925700672254e-13,2.805022962129314,5.065806708609432,0.24710927144559702,0.13682858830399686,0.371327173632723,9.642753268033765e-13,True
CSC_CSECG1_2,HB_WEST,720,0.0006361829025843099,1.488055361138051,-8.251684266511393,5.369796336579298e-13,3.341994359380849,3.5648935889415254,0.20740525148233954,0.19443699040838744,0.44525968661830234,1.0195453311051894e-12,True
LK_RN,WAP_WAP_G3,720,0.3970178926441353,0.9567247070175727,-8.241684250075057,5.694683442732868e-13,3.488324174642297,1.446301139616989,0.19870492129104447,0.4792550884275078,0.2742648501456084,1.0783549497940964e-12,True
LK_RN,WAP_WAP_G4,720,0.3970178926441353,0.9567247070175727,-8.241684250075057,5.694683442732868e-13,3.488324174642297,1.446301139616989,0.19870492129104447,0.4792550884275078,0.2742648501456084,1.0783549497940964e-12,True
ANACACHO_ANA,HELIOS_RN,720,0.12393638170974161,2.6147269882410824,-8.237482533813287,5.836973572682285e-13,1.482344691881744,1.7459705100425493,0.46760189067769264,0.3969982176520572,1.763912943164285,1.103831390106185e-12,True
MAND_SLR_RN,TNS_SLR_ALL,720,-0.045009940357852996,0.8285397019754684,-8.234391133573217,5.943922259789547e-13,2.9967088310985917,4.902431105580437,0.2313028123943019,0.141388459242382,0.27648321831511613,1.1225656893820046e-12,True
DUKE_CC1,SE_EDINB_RN,720,-0.46729622266401605,0.8471897801739126,-8.230193859428013,6.092263998385131e-13,4.332656934820135,9.919173013329578,0.15998201357447667,0.06987953326638023,0.19553585546211324,1.1460216557067935e-12,True
DUKE_GST1CCU,SE_EDINB_RN,720,-0.46729622266401605,0.8471897801739126,-8.230193859428013,6.092263998385131e-13,4.332656934820135,9.919173013329578,0.15998201357447667,0.06987953326638023,0.19553585546211324,1.1460216557067935e-12,True
DUKE_GT2_CCU,SE_EDINB_RN,720,-0.46729622266401605,0.8471897801739126,-8.230193859428013,6.092263998385131e-13,4.332656934820135,9.919173013329578,0.15998201357447667,0.06987953326638023,0.19553585546211324,1.1460216557067935e-12,True
BIGSTAR_ALL,FPPYD_FPP_G2,720,0.41310139165009935,0.9070671641597794,-8.226015118647835,6.243618153942613e-13,2.5864280151883765,5.902574541007513,0.26799399654254885,0.11743133030246013,0.35070265201009865,1.1713981885657812e-12,True
BIGSTAR_ALL,FPPYD_FPP_G1,720,0.41310139165009935,0.9070671641597794,-8.226015118647835,6.243618153942613e-13,2.5864280151883765,5.902574541007513,0.26799399654254885,0.11743133030246013,0.35070265201009865,1.1713981885657812e-12,True
WFCOGEN_CC1,WNDTS2_UNIT1,720,-0.2474950298210735,1.5905047206498673,-8.222996787260188,6.355269374388408e-13,2.4839956535742993,1.3084124931519139,0.27904524694419414,0.5297619704701697,0.6403009274034921,1.1876513896494873e-12,True
WFCOGEN_13,WNDTS2_UNIT1,720,-0.2474950298210735,1.5905047206498673,-8.222996787260188,6.355269374388408e-13,2.4839956535742993,1.3084124931519139,0.27904524694419414,0.5297619704701697,0.6403009274034921,1.1876513896494873e-12,True
WFCOGEN_24,WNDTS2_UNIT1,720,-0.2474950298210735,1.5905047206498673,-8.222996787260188,6.355269374388408e-13,2.4839956535742993,1.3084124931519139,0.27904524694419414,0.5297619704701697,0.6403009274034921,1.1876513896494873e-12,True
BRP_ZPT1_RN,FALFUR_RN,720,1.7783499005964212,5.822665585687024,-8.214955014876368,6.662558282748255e-13,3.3690057926563037,3.923229883095658,0.2057423534476713,0.17667768680763912,1.7283038213763724,1.2385748034769602e-12,True
BRP_ZPT2_RN,FALFUR_RN2,720,1.7783499005964212,5.822665585687024,-8.214955014876368,6.662558282748255e-13,3.3690057926563037,3.923229883095658,0.2057423534476713,0.17667768680763912,1.7283038213763724,1.2385748034769602e-12,True
BRP_ZPT2_RN,FALFUR_RN,720,1.7783499005964212,5.822665585687024,-8.214955014876368,6.662558282748255e-13,3.3690057926563037,3.923229883095658,0.2057423534476713,0.17667768680763912,1.7283038213763724,1.2385748034769602e-12,True
BRP_ZPT1_RN,FALFUR_RN2,720,1.7783499005964212,5.822665585687024,-8.214955014876368,6.662558282748255e-13,3.3690057926563037,3.923229883095658,0.2057423534476713,0.17667768680763912,1.7283038213763724,1.2385748034769602e-12,True
BIGSTAR_ALL,FPPYD_FPP_G3,720,0.4152683896620277,0.8978626000344535,-8.202386880688174,7.172742444285672e-13,2.612856518755002,5.956743772040966,0.26528329266630474,0.11636343732180568,0.3436325697908109,1.3303334696026871e-12,True
GRSES_UNIT2,LNCRK_ALL,720,-0.04765407554671965,0.9495245526650875,-8.202337256122837,7.174832195609998e-13,6.608355314109176,7.781899732761367,0.10488951450295668,0.08907171826460755,0.14368545689996481,1.3303334696026871e-12,True
BRP_BRAZ_RN,TGS_GT01,720,0.3464413518886679,0.9178564257912541,-8.201943333197985,7.191442325469556e-13,3.3534412717953064,1.8479473698750424,0.20669727732815202,0.3750903255468881,0.2737058297430294,1.3316793070830493e-12,True
HB_WEST,MWEC_G1,720,-0.4312524850894629,2.097781939479497,-8.197121877599422,7.397877244556249e-13,3.635385240426092,4.708632299133822,0.19066677524352377,0.14720775302149913,0.577045292518606,1.3681269086036491e-12,True
EXGNSND_RN,FALFUR_RN2,720,1.785566600397614,5.8173431480213065,-8.195273737449506,7.47856440149295e-13,3.3919810019448535,3.868368446561634,0.20434878030346185,0.17918334050523113,1.7150282223531994,1.3794657652494766e-12,True
EXGNSND_RN,FALFUR_RN,720,1.785566600397614,5.8173431480213065,-8.195273737449506,7.47856440149295e-13,3.3919810019448535,3.868368446561634,0.20434878030346185,0.17918334050523113,1.7150282223531994,1.3794657652494766e-12,True
TNS_SLR_ALL,YAPN_SLR_RN,720,-0.113618290258449,0.8113507682543178,-8.188907416741054,7.763285927482982e-13,2.738614127284645,5.0397880394157974,0.2531014404892468,0.13753498661826533,0.29626326694618266,1.4301318448558558e-12,True
HONEY_WD_RN,SGM_SIGNALMT,720,-0.969721669980119,1.7026798429175356,-8.184062808500572,7.987171344975374e-13,3.079402753997261,2.860769773787228,0.22509143361003886,0.24229394022236292,0.5529253491467944,1.4694744179903014e-12,True
COL_COLETOG1,OXY_PUN1,720,0.3842345924453281,1.8551696265471604,-8.170494900596907,8.649040677344119e-13,2.8171308104271575,2.961466881118929,0.2460472115793744,0.23405535445260625,0.6585315881252471,1.5891914741339387e-12,True
COL_COLETOG1,OXY_OXY_CCG1,720,0.3834393638170975,1.8553779642542465,-8.1696562931989,8.691699123634596e-13,2.816999138442909,2.961466881118929,0.2460587123015881,0.23405535445260625,0.6586363264845736,1.5949715917597507e-12,True
CR_RN,LZ_HOUSTON,720,0.3243936381709743,0.7591778291114848,-8.162092551642306,9.086056239643489e-13,4.785231082305607,1.1802265131724974,0.14485134962927954,0.587300126563618,0.15865019182014084,1.6651922889642638e-12,True
PHILLWND_ALL,STLHS_SL_RN,720,-0.0006361829025845219,1.0427717397580307,-8.160180029228863,9.188565020167311e-13,3.2238314408214377,4.398630364757238,0.21500726489078792,0.15758250252478317,0.3234572771249885,1.6818144715576158e-12,True
HB_HOUSTON,RN_BY_ESR1,720,-0.42198807157057644,0.8423291224070549,-8.154766250972378,9.485030452455946e-13,3.079456710786899,1.3431543494752574,0.22508748966398823,0.5160592160020504,0.2735317302745305,1.7338489556222423e-12,True
MAND_SLR_RN,ROSELAND_ALL,720,0.045089463220676085,0.8403352240583142,-8.152304011002657,9.62300217015048e-13,2.791265330185503,4.95260906793749,0.24832722746349586,0.1399559648362486,0.30105888357179816,1.756814755165934e-12,True
MWEC_G1,RDCAN_RDCNY1,720,0.07495029821073558,1.4470790566964862,-8.129748720420032,1.0983747821827655e-12,3.672274127955222,4.5854340987386815,0.18875148107363657,0.15116282681951743,0.3940552927899862,2.002670537552187e-12,True
BRPANGLE_RN,TGS_GT01,720,0.33168986083499,0.9109741115470543,-8.12705302002266,1.1158707309480342e-12,3.170797515118402,1.7862858262699473,0.21860341988254087,0.38803822454738296,0.28730125692464387,2.02937410072797e-12,True
GAMBIT_RN,TGS_GT01,720,0.33168986083499,0.9109741115470543,-8.12705302002266,1.1158707309480342e-12,3.170797515118402,1.7862858262699473,0.21860341988254087,0.38803822454738296,0.28730125692464387,2.02937410072797e-12,True
ENDPARK_ESS1,FOARDCTY_ALL,720,-0.8390457256461232,1.7591449967012223,-8.099819849439559,1.3089721761419072e-12,3.3901363644471116,4.222225544990358,0.20445997035077637,0.1641663083068501,0.5189009548847798,2.374492202326211e-12,True
FLUVANNA_1_2,FOARDCTY_ALL,720,-0.8390457256461232,1.7591449967012223,-8.099819849439559,1.3089721761419072e-12,3.3901363644471116,4.222225544990358,0.20445997035077637,0.1641663083068501,0.5189009548847798,2.374492202326211e-12,True
BATCAVE_RN,LZ_LCRA,720,1.1444930417495032,2.626415552958823,-8.098347098861668,1.320316202118616e-12,2.427799372679575,5.907084794573547,0.2855043082884213,0.11734166761863557,1.081809140621053,2.392023246586398e-12,True
AQLA_WND_RN,ASCK_SLR_RN,720,0.5542147117296222,1.259304070767525,-8.096977130882431,1.3309564735504243e-12,4.995725996696036,6.154854500610406,0.13874803802657787,0.1126179636726104,0.25207628913202523,2.4051802263144726e-12,True
AQLA_WND_RN,AQUI_ALL,720,0.5542147117296222,1.259304070767525,-8.096977130882431,1.3309564735504243e-12,4.995725996696036,6.154854500610406,0.13874803802657787,0.1126179636726104,0.25207628913202523,2.4051802263144726e-12,True
FORTMA_RN,LZ_LCRA,720,1.1467594433399604,2.629588767742125,-8.090664776184617,1.381097964947862e-12,2.427070319093803,5.884337779239131,0.28559006927279557,0.11779527392283248,1.083441524975649,2.4926280127829597e-12,True
PALACIOS_RN,PTLBES_BESS1,720,-1.286182902584493,7.501755580873404,-8.084277879885521,1.433747591216877e-12,3.847828570465276,2.3586684313007917,0.18013982896232056,0.2938722422200219,1.9496075366908296,2.5843754049276366e-12,True
FWLR_SLR_1,LONEWOLF_ALL,720,-0.06274353876739548,0.9505544763887398,-8.077733511029844,1.4897703987869054e-12,2.1587365663349094,2.6196307431467614,0.32108928498708234,0.26459728432081264,0.44032907544739736,2.681963398068968e-12,True
ORIANA_RN,SAN_SANMIGG1,720,-1.5563021868787275,2.722397482354015,-8.074927679542077,1.514452773479983e-12,1.8020451037881997,2.667280547245595,0.3846447456297482,0.25987036919522155,1.5107266053613646,2.7229554917114844e-12,True
BRP_RN_UNIT1,C5_RN,720,0.22860834990059628,0.6853704989322451,-8.069447542124436,1.5638417670550463e-12,2.642074284294545,2.1945188483535842,0.262349618510072,0.31585382876978796,0.25940621844220574,2.8082101844721134e-12,True
DC_R,MYRY_ESR_RN,720,1.8962823061630216,3.7800775587841255,-8.065031110688464,1.6048095970279545e-12,3.294502812032737,4.3258578142116555,0.21039507935106827,0.16023346358790677,1.147389386033574,2.8681276167809134e-12,True
DC_R,MYRY_BES2_RN,720,1.8962823061630216,3.7800775587841255,-8.065031110688464,1.6048095970279545e-12,3.294502812032737,4.3258578142116555,0.21039507935106827,0.16023346358790677,1.147389386033574,2.8681276167809134e-12,True
MADERO_RN,MYRY_ESR_RN,720,1.8962425447316102,3.7800876901255784,-8.064982624902546,1.6052652461898792e-12,3.294356962019866,4.327109176872371,0.2104043941051721,0.16018712545195155,1.1474432593995207,2.8681276167809134e-12,True
MADERO_RN,MYRY_BES2_RN,720,1.8962425447316102,3.7800876901255784,-8.064982624902546,1.6052652461898792e-12,3.294356962019866,4.327109176872371,0.2104043941051721,0.16018712545195155,1.1474432593995207,2.8681276167809134e-12,True
BAYC_BESS_RN,PALACIOS_RN,720,-0.3605168986083498,3.1202073896769016,-8.041019546646,1.846992237792823e-12,1.9541234894688901,2.039531841838795,0.3547100192467034,0.33985602300526957,1.596729892707518,3.295885898016265e-12,True
JAG_SLR_RN,ROSELAND_ALL,720,-0.4130218687872762,1.0012647447914251,-8.026173708000949,2.014605183204576e-12,4.450113492808737,7.072474519154865,0.15575943887275065,0.09800631712177224,0.22499757509767826,3.590485332770108e-12,True
FERGCC_ST1_5,MARBFA,720,-0.07238568588469156,3.0155297702349393,-8.007623684486155,2.2454846858890307e-12,3.0490050301538876,2.615480738989098,0.22733553198663012,0.26501712294308527,0.9890209233543774,3.996962740882475e-12,True
EXGNSND_RN,GKS_BESS_RN,720,-0.07924453280318103,2.398906421220685,-8.006003515250844,2.2668598014616287e-12,3.811791031198286,2.4692368139153222,0.1818429118718099,0.2807131242551268,0.6293383875418159,4.029972980376229e-12,True
FERGCC_CC1,MARBFA,720,-0.06274353876739547,3.0154240991677494,-7.9995337223975405,2.3542563818481552e-12,3.0544754285622187,2.601030448747949,0.22692838648442448,0.2664894526296698,0.9872150454938015,4.180126044578271e-12,True
FERGCC_GT1_1,MARBFA,720,-0.057514910536779054,3.015794079765749,-7.998862215088295,2.3635174418925792e-12,3.0549310355742145,2.588024038293944,0.22689454278618737,0.2678287258169658,0.9871889233004866,4.186130394595812e-12,True
FERGCC_GT2_3,MARBFA,720,-0.057514910536779054,3.015794079765749,-7.998862215088295,2.3635174418925792e-12,3.0549310355742145,2.588024038293944,0.22689454278618737,0.2678287258169658,0.9871889233004866,4.186130394595812e-12,True
LZ_WEST,SGM_SIGNALMT,720,-0.7255268389662026,1.4438033792672096,-7.995913738099897,2.4046125721555016e-12,2.5768424164321306,2.865852544416821,0.2689909076860314,0.24186421660469468,0.5602994463535278,4.253625220806751e-12,True
DOWGEN_PUN1,TNG_RN,720,-0.21793240556660026,1.1775638720310369,-7.992799947883651,2.4487846726934604e-12,2.8587687164602946,6.188756423811219,0.24246353913449661,0.11200104400507087,0.41191295582983967,4.32638880138398e-12,True
PLN_ALL,STP_STP_G2,720,0.3996222664015903,0.9703595549063453,-7.980699186273887,2.6282539134903275e-12,5.482772528390282,7.6805961825476645,0.12642274998110312,0.09024653348329366,0.1769833692500897,4.620535275074354e-12,True
DAN_ALL,STP_STP_G2,720,0.3996222664015903,0.9703595549063453,-7.980699186273887,2.6282539134903275e-12,5.482772528390282,7.6805961825476645,0.12642274998110312,0.09024653348329366,0.1769833692500897,4.620535275074354e-12,True
DAN_ALL,STP_STP_G1,720,0.3996222664015903,0.9703595549063453,-7.980699186273887,2.6282539134903275e-12,5.482772528390282,7.6805961825476645,0.12642274998110312,0.09024653348329366,0.1769833692500897,4.620535275074354e-12,True
PLN_ALL,STP_STP_G1,720,0.3996222664015903,0.9703595549063453,-7.980699186273887,2.6282539134903275e-12,5.482772528390282,7.6805961825476645,0.12642274998110312,0.09024653348329366,0.1769833692500897,4.620535275074354e-12,True
GUNR_RN,N_AL_BESS_RN,720,-0.7862624254473162,1.4513712250791426,-7.978135630314169,2.6679246548494894e-12,4.219038852814782,9.934228598289184,0.16429030514793763,0.06977362899413399,0.34400518120634116,4.684494091868894e-12,True
EXGNWTL_1,FALFUR_RN2,720,-2.6901789264413516,4.751675587017301,-7.975980946638451,2.7017290225564873e-12,2.9404896968181373,3.2136788925552713,0.23572508392394306,0.21568650874412898,1.6159470281970458,4.720567028368636e-12,True
CEDROHI_CHW1,FALFUR_RN,720,-2.6901789264413516,4.751675587017301,-7.975980946638451,2.7017290225564873e-12,2.9404896968181373,3.2136788925552713,0.23572508392394306,0.21568650874412898,1.6159470281970458,4.720567028368636e-12,True
CEDROHI_CHW1,FALFUR_RN2,720,-2.6901789264413516,4.751675587017301,-7.975980946638451,2.7017290225564873e-12,2.9404896968181373,3.2136788925552713,0.23572508392394306,0.21568650874412898,1.6159470281970458,4.720567028368636e-12,True
EXGNWTL_1,FALFUR_RN,720,-2.6901789264413516,4.751675587017301,-7.975980946638451,2.7017290225564873e-12,2.9404896968181373,3.2136788925552713,0.23572508392394306,0.21568650874412898,1.6159470281970458,4.720567028368636e-12,True
FLUVANNA_1_2,MONT_WND_RN,720,-0.8179920477137178,1.7488918927498855,-7.975114845532267,2.7154369878610707e-12,3.499119600751825,4.170628789789286,0.19809188014351234,0.1661972847492297,0.4998091212355578,4.732903636125048e-12,True
ENDPARK_ESS1,MONT_WND_RN,720,-0.8179920477137178,1.7488918927498855,-7.975114845532267,2.7154369878610707e-12,3.499119600751825,4.170628789789286,0.19809188014351234,0.1661972847492297,0.4998091212355578,4.732903636125048e-12,True
ELB_ELBCREEK,MGSES_CT123,720,-0.2426043737574554,1.2559630582647932,-7.9745135428173874,2.724994650220127e-12,4.056839659299283,4.240351158755344,0.1708589046577377,0.1634645704115228,0.3095914957806662,4.737963836280172e-12,True
ELB_ELBCREEK,MGSES_CT456,720,-0.2426043737574554,1.2559630582647932,-7.9745135428173874,2.724994650220127e-12,4.056839659299283,4.240351158755344,0.1708589046577377,0.1634645704115228,0.3095914957806662,4.737963836280172e-12,True
FTR_FTR_G1_4,TAV_RN,720,0.7041948310139164,2.5447958961772,-7.9740025197772155,2.733143654676529e-12,3.226481852720975,1.6062228916961185,0.21483064594812348,0.4315386016121366,0.7887215897498722,4.7405561075022865e-12,True
FTR_CC1,TAV_RN,720,0.7041948310139164,2.5447958961772,-7.9740025197772155,2.733143654676529e-12,3.226481852720975,1.6062228916961185,0.21483064594812348,0.4315386016121366,0.7887215897498722,4.7405561075022865e-12,True
HEARN_RD_RN,SROSA_ESR_RN,720,-0.390596421471173,1.5981485933546202,-7.9732958337471525,2.7444527921838e-12,2.6151530257147586,2.5162797238873087,0.2650503330949432,0.27546507408529586,0.611110928362528,4.754380506167556e-12,True
FTR_CC1,OR_BESS_RN,720,0.6927435387673955,2.532557017648849,-7.9723903711903645,2.7590110974081445e-12,3.1925402186602905,1.5949024512358152,0.21711462756475963,0.4346016146773478,0.7932733322656793,4.771684081000616e-12,True
BRP_ZPT2_RN,GKS_BESS_RN,720,-0.08646123260437391,2.385762258852506,-7.972050595585384,2.7644939373774637e-12,3.879941048641366,2.6485667359807294,0.1786488948853137,0.2617065189045659,0.6148965226386429,4.771684081000616e-12,True
BRP_ZPT1_RN,GKS_BESS_RN,720,-0.08646123260437391,2.385762258852506,-7.972050595585384,2.7644939373774637e-12,3.879941048641366,2.6485667359807294,0.1786488948853137,0.2617065189045659,0.6148965226386429,4.771684081000616e-12,True
CABEZON_ALL,DC_L,720,-0.5676540755467196,1.2122706229901106,-7.967985273630059,2.830942312464098e-12,2.6131943739790695,4.3997464739794365,0.265248994664144,0.1575425276568299,0.46390373217595954,4.865407400232223e-12,True
PCT_RN,STP_STP_G2,720,0.3277335984095426,0.8621334792595248,-7.967687199940444,2.8358765043488377e-12,5.643297630806345,7.4434041280914185,0.12282662122516912,0.09312233604836889,0.15277122272502547,4.865407400232223e-12,True
PEY_RN,STP_STP_G1,720,0.3277335984095426,0.8621334792595248,-7.967687199940444,2.8358765043488377e-12,5.643297630806345,7.4434041280914185,0.12282662122516912,0.09312233604836889,0.15277122272502547,4.865407400232223e-12,True
PEY_RN,STP_STP_G2,720,0.3277335984095426,0.8621334792595248,-7.967687199940444,2.8358765043488377e-12,5.643297630806345,7.4434041280914185,0.12282662122516912,0.09312233604836889,0.15277122272502547,4.865407400232223e-12,True
PCT_RN,STP_STP_G1,720,0.3277335984095426,0.8621334792595248,-7.967687199940444,2.8358765043488377e-12,5.643297630806345,7.4434041280914185,0.12282662122516912,0.09312233604836889,0.15277122272502547,4.865407400232223e-12,True
HB_NORTH,NACPW_UNIT1,720,0.08884691848906576,1.1852958102491846,-7.963698973069461,2.9027258440946345e-12,2.947491403513193,6.487925538557852,0.2351651237163117,0.10683648824891095,0.4021371559680884,4.974105417558074e-12,True
CTW_RN,WGU_RN,720,-0.09870775347912521,0.7593579013811361,-7.956051764838831,3.0353261044228208e-12,2.0883358256707143,4.482083771676236,0.33191365681682256,0.1546484215534236,0.36361867284312466,5.1950773710313666e-12,True
JAG_SLR_RN,TNS_SLR_ALL,720,-0.5031212723658054,1.1694185905164112,-7.945754276325714,3.223459121312109e-12,4.6859269471375615,6.871049572324318,0.1479210385435821,0.10087937414275845,0.2495597143764182,5.510451126948911e-12,True
AMAD_ESS_RN,HB_NORTH,720,0.3595029821073559,2.085627622843155,-7.9382904712045965,3.3670374761123377e-12,2.0791449512235234,4.108065462564199,0.3333808834021149,0.1687283678598666,1.0031179507786683,5.7489944436258616e-12,True
LMO_ESR_RN,PAR_RN,720,-0.42387673956262434,0.8111100312439538,-7.930505828238689,3.5235749707600214e-12,2.703001597652374,3.473572611999113,0.25643609724905875,0.19954878103470097,0.30007752564720036,6.009066776481761e-12,True
LON_RN1,RN_LNP_SLR,720,-0.12437375745526821,0.7399399374429686,-7.929777090746123,3.5385945823807355e-12,2.1044987101958705,3.8817551748144283,0.3293645071872876,0.17856540388152686,0.3515991403834601,6.027462542237042e-12,True
ECLIPSE_UN1,HELIOS_RN,720,0.16411530815109354,2.7072154514596294,-7.924887997935761,3.6410227416404285e-12,1.5493217359152247,1.898856793500472,0.4473875015704761,0.36503394196576255,1.747355238555668,6.194523756387061e-12,True
NCARBID_PUN1,PTLBES_BESS1,720,0.9142544731610338,4.757950966671459,-7.914020038831782,3.879406824031082e-12,2.5646756481632513,1.5793737740264449,0.2702669949926642,0.4388746932227705,1.8551862377135173,6.568698356028848e-12,True
NCARBID_PUN2,PTLBES_BESS1,720,0.9142544731610338,4.757950966671459,-7.914020038831782,3.879406824031082e-12,2.5646756481632513,1.5793737740264449,0.2702669949926642,0.4388746932227705,1.8551862377135173,6.568698356028848e-12,True
NCARBIDE_1_7,PTLBES_BESS1,720,0.9142544731610338,4.757950966671459,-7.914020038831782,3.879406824031082e-12,2.5646756481632513,1.5793737740264449,0.2702669949926642,0.4388746932227705,1.8551862377135173,6.568698356028848e-12,True
NCARBIDEG8,PTLBES_BESS1,720,0.9142544731610338,4.757950966671459,-7.914020038831782,3.879406824031082e-12,2.5646756481632513,1.5793737740264449,0.2702669949926642,0.4388746932227705,1.8551862377135173,6.568698356028848e-12,True
BRP_RN_UNIT1,LZ_CPS,720,0.0702982107355864,0.7472990612792341,-7.907849794114848,4.021598738644131e-12,2.9739387349199764,1.6275928700652509,0.2330737928192716,0.4258725835608734,0.25128260125349977,6.794394039759621e-12,True
BRIGHTSD_U1,TUL_SLR_ALL,720,0.2704572564612325,0.7250129753352079,-7.907822330083085,4.0222431007846634e-12,2.852343899382911,2.0740576103620367,0.24300968081369986,0.33419861487789293,0.25418147352149945,6.794394039759621e-12,True
BRAZ_WND_ALL,MWEC_G1,720,0.024135188866799207,1.73114693736244,-7.903456396437327,4.125994688176918e-12,3.847946319476992,4.535553147993249,0.18013431659674425,0.15282528016822547,0.44988853628231884,6.961393881473853e-12,True
BLACKSPR_RN,JACKCNTY_CT2,720,0.18479125248508937,2.2142000763819927,-7.895192831770579,4.329717320357319e-12,3.956752829152794,2.9028497830578455,0.17518081378572226,0.23878162232349068,0.5596003015573984,7.270657387015121e-12,True
BLACKSPR_RN,JACKCNTY_CC1,720,0.18479125248508937,2.2142000763819927,-7.895192831770579,4.329717320357319e-12,3.956752829152794,2.9028497830578455,0.17518081378572226,0.23878162232349068,0.5596003015573984,7.270657387015121e-12,True
BLACKSPR_RN,JACKCNTY_CT1,720,0.18479125248508937,2.2142000763819927,-7.895192831770579,4.329717320357319e-12,3.956752829152794,2.9028497830578455,0.17518081378572226,0.23878162232349068,0.5596003015573984,7.270657387015121e-12,True
BLACKSPR_RN,JACKCNTY_STG,720,0.18479125248508937,2.2142000763819927,-7.895192831770579,4.329717320357319e-12,3.956752829152794,2.9028497830578455,0.17518081378572226,0.23878162232349068,0.5596003015573984,7.270657387015121e-12,True
LZ_HOUSTON,RN_BY_ESR1,720,-0.33433399602385694,0.8121114478704804,-7.8943021724119244,4.3522640199538596e-12,3.0300448310702306,1.3374793149301907,0.2287580610862188,0.5182488976258477,0.26801961460868473,7.299910441006238e-12,True
ALP_BESS_RN,BIGSAMWD_RN,720,0.45582504970178944,2.304199194837717,-7.890610926130836,4.446959177682486e-12,3.6835705890578776,5.642292094488944,0.18817263407926899,0.1228485106676718,0.6255341493067591,7.44121018686235e-12,True
BIGSAMWD_RN,LAMESASLR_G,720,-0.45582504970178944,2.304199194837717,-7.890610926130836,4.446959177682486e-12,3.6835705890578776,5.642292094488944,0.18817263407926899,0.1228485106676718,0.6255341493067591,7.44121018686235e-12,True
FLCNS_UNIT1,MGSES_CT123,720,0.20055666003976147,1.1537213685657548,-7.873799975168503,4.904835704780902e-12,2.612248421362833,2.430514707790244,0.26534504715991913,0.2851853470947046,0.4416583656939672,8.149925371771301e-12,True
FLCNS_UNIT2,MGSES_CT456,720,0.20055666003976147,1.1537213685657548,-7.873799975168503,4.904835704780902e-12,2.612248421362833,2.430514707790244,0.26534504715991913,0.2851853470947046,0.4416583656939672,8.149925371771301e-12,True
FLCNS_UNIT1,MGSES_CT456,720,0.20055666003976147,1.1537213685657548,-7.873799975168503,4.904835704780902e-12,2.612248421362833,2.430514707790244,0.26534504715991913,0.2851853470947046,0.4416583656939672,8.149925371771301e-12,True
FLCNS_UNIT3,MGSES_CT123,720,0.20055666003976147,1.1537213685657548,-7.873799975168503,4.904835704780902e-12,2.612248421362833,2.430514707790244,0.26534504715991913,0.2851853470947046,0.4416583656939672,8.149925371771301e-12,True
FLCNS_UNIT3,MGSES_CT456,720,0.20055666003976147,1.1537213685657548,-7.873799975168503,4.904835704780902e-12,2.612248421362833,2.430514707790244,0.26534504715991913,0.2851853470947046,0.4416583656939672,8.149925371771301e-12,True
FLCNS_UNIT2,MGSES_CT123,720,0.20055666003976147,1.1537213685657548,-7.873799975168503,4.904835704780902e-12,2.612248421362833,2.430514707790244,0.26534504715991913,0.2851853470947046,0.4416583656939672,8.149925371771301e-12,True
CARBN_BSP_1,INDNNWP_RN,720,1.1053479125248509,1.731551542764355,-7.870950093194176,4.986981742481565e-12,3.2427036165575625,2.7432263312532785,0.21375594643329962,0.25267589941923313,0.5339839058749876,8.276762239270104e-12,True
CAPRIDG4_CR4,SGM_SIGNALMT,720,-1.1288270377733596,1.8772061167292815,-7.85465051540634,5.483814158612847e-12,3.4043237211945283,2.795324212817263,0.2036078931755438,0.24796664994410722,0.5514182170873564,9.08017600216825e-12,True
AVIAT_ALL,SGM_SIGNALMT,720,-1.1288270377733596,1.8772061167292815,-7.85465051540634,5.483814158612847e-12,3.4043237211945283,2.795324212817263,0.2036078931755438,0.24796664994410722,0.5514182170873564,9.08017600216825e-12,True
ATK_ATKINSG7,LZ_AEN,720,-1.8761630218687873,5.181438734543246,-7.8414709290465145,5.9213286610687916e-12,2.9536507376059307,2.374320253037188,0.23467472701994985,0.29193499894265895,1.754248959964386,9.793231142116096e-12,True
CRAWFISH_RN,PALACIOS_RN,720,-0.4928628230616303,3.106074910505363,-7.833317587797295,6.209205761892679e-12,1.9270276612263755,2.2692025667336266,0.35969757700251226,0.3054584860432653,1.6118475998048896,1.0257435040528045e-11,True
JUNCTION_RN,MEDINA1_RN,720,7.122326043737574,11.32234716724211,-7.830639649666857,6.306763727281312e-12,3.3486450337703575,2.6007292564706264,0.20699332821774377,0.2665203149598875,3.381172699124183,1.0406525547680869e-11,True
SGM_SIGNALMT,SWT_BESS_RN,720,-0.3584890656063619,2.978592762363413,-7.8250471896796,6.515444612210066e-12,4.0204123081733485,3.5135750836474213,0.1724069889923486,0.1972768943478485,0.740867486727181,1.0738417971975849e-11,True
CARBN_BSP_1,INDNENR_1_RN,720,1.1223260437375746,1.724320166590304,-7.824844724897681,6.523127045105839e-12,3.3461106970862273,2.726169126609202,0.20715010449700114,0.2542568521499174,0.5153207178984938,1.0738650765584641e-11,True
RVN_RN,SBE_RN_1,720,0.4811332007952286,1.2376700688607116,-7.820218637298946,6.701138684491486e-12,2.7275240822032334,2.130535060813459,0.25413054465133683,0.32533948551651387,0.4537705375128894,1.1018962455792006e-11,True
LZ_HOUSTON,MU_RN,720,0.7011729622266402,1.9513001120778404,-7.816374559464818,6.852729733278919e-12,2.898904330245954,2.59548002227025,0.23910660773725362,0.26705933954893396,0.6731164225458536,1.1255233149007128e-11,True
FLUVANNA_1_2,GRIF_TRL_RN,720,-0.7899602385685885,1.7506864898281689,-7.812189372358665,7.02165433027061e-12,3.69532390522654,4.0262634518612215,0.1875741337801489,0.17215643954931067,0.47375724962893173,1.1506140122330667e-11,True
ENDPARK_ESS1,GRIF_TRL_RN,720,-0.7899602385685885,1.7506864898281689,-7.812189372358665,7.02165433027061e-12,3.69532390522654,4.0262634518612215,0.1875741337801489,0.17215643954931067,0.47375724962893173,1.1506140122330667e-11,True
AURO_SLR_RN,SYBR_SLR_RN,720,0.4362823061630218,1.0164632338662536,-7.809229749772281,7.143606871765785e-12,4.564753946363613,2.3544554241815243,0.15184765459529798,0.2943980902933862,0.22267645656475996,1.1692524351028134e-11,True
ATK_ATKINSG7,AUSTPL_ALL,720,-1.747852882703777,5.2088775891999575,-7.805801267140375,7.287515840700695e-12,2.8667997794337405,2.314638484134645,0.24178430092416775,0.2994623935059503,1.8169659515701622,1.1914377218321229e-11,True
LMO_ESR_RN,RVN_RN,720,0.5553876739562624,2.6579959422637938,-7.798992114336079,7.581935113662449e-12,3.306580305348219,2.3221354844138924,0.20962659804112918,0.2984955809910014,0.8038504124532,1.2381508717723998e-11,True
BTE_PUN1,MU_RN,720,0.6536978131212723,1.9063317239056043,-7.790397593333767,7.970502140349549e-12,3.0069695436802344,2.4950134930003065,0.23051353546853734,0.27781299880924537,0.6339710782612191,1.30011398028153e-11,True
DOW_64,PAVLOV_RN,720,1.0157057654075548,3.0941580748465336,-7.7877092678750595,8.096064488735194e-12,4.439728021324222,3.6654229400150204,0.15612379344651897,0.18910428398123816,0.6969251404557097,1.317936012797242e-11,True
DOW_64,PAVLOV_BT_RN,720,1.0190457256461236,3.100508100613309,-7.787662364678403,8.098272550544851e-12,4.451794680669898,3.6741906647700686,0.1557006174542717,0.18865302424454408,0.6964625107433638,1.317936012797242e-11,True
FTR_CC1,RVN_RN,720,0.5948508946322068,2.5837435254323027,-7.783637063939292,8.290020790593538e-12,3.328507684333096,2.247954042409465,0.20824563026322865,0.30834579688159325,0.7762468260457043,1.3460649493506498e-11,True
FTR_FTR_G1_4,RVN_RN,720,0.5948508946322068,2.5837435254323027,-7.783637063939292,8.290020790593538e-12,3.328507684333096,2.247954042409465,0.20824563026322865,0.30834579688159325,0.7762468260457043,1.3460649493506498e-11,True
HI_LONEB_RN1,LAMESASLR_G,720,-0.4030815109343937,2.3300014207791317,-7.782474878147275,8.346217956483997e-12,3.7586191711372408,5.581715519334157,0.1844153794251575,0.12418174630344307,0.6199088853351817,1.349036818391965e-11,True
ALP_BESS_RN,HI_LONEB_RN1,720,0.4030815109343937,2.3300014207791317,-7.782474878147275,8.346217956483997e-12,3.7586191711372408,5.581715519334157,0.1844153794251575,0.12418174630344307,0.6199088853351817,1.349036818391965e-11,True
HI_LONE_ALL,LAMESASLR_G,720,-0.4030815109343937,2.3300014207791317,-7.782474878147275,8.346217956483997e-12,3.7586191711372408,5.581715519334157,0.1844153794251575,0.12418174630344307,0.6199088853351817,1.349036818391965e-11,True
ALP_BESS_RN,HI_LONE_ALL,720,0.4030815109343937,2.3300014207791317,-7.782474878147275,8.346217956483997e-12,3.7586191711372408,5.581715519334157,0.1844153794251575,0.12418174630344307,0.6199088853351817,1.349036818391965e-11,True
FERGCC_GT2_3,WIR_WIRTZ_G1,720,-0.5669383697813121,3.287775221415344,-7.7802686432288874,8.453944480226964e-12,3.20924431965833,3.7171523364705825,0.21598454698947345,0.18647263222418403,1.0244702160181356,1.3633541268225593e-11,True
FERGCC_GT1_1,WIR_WIRTZ_G1,720,-0.5669383697813121,3.287775221415344,-7.7802686432288874,8.453944480226964e-12,3.20924431965833,3.7171523364705825,0.21598454698947345,0.18647263222418403,1.0244702160181356,1.3633541268225593e-11,True
FERGCC_GT1_1,WIR_WIRTZ_G2,720,-0.5718489065606361,3.330652873952302,-7.774453153068368,8.744578830500523e-12,3.2135291486027633,3.7171523364705825,0.21569655929877732,0.18647263222418403,1.0364470710964186,1.4070373169076548e-11,True
FERGCC_GT2_3,WIR_WIRTZ_G2,720,-0.5718489065606361,3.330652873952302,-7.774453153068368,8.744578830500523e-12,3.2135291486027633,3.7171523364705825,0.21569655929877732,0.18647263222418403,1.0364470710964186,1.4070373169076548e-11,True
PAR_RN,RVN_RN,720,0.9792644135188868,3.0851041772568863,-7.773344039908538,8.801125945430422e-12,3.3826811060282433,2.1355200611521132,0.20491058980543403,0.32458003704539884,0.9120292692559615,1.4145376237350924e-11,True
HB_WEST,ULYS_SLR_RN,720,0.06928429423459277,1.3018746385095117,-7.772964176767365,8.82057642462013e-12,7.179165862513377,6.860100916109593,0.09654982122355914,0.10104037667029445,0.18134065481163492,1.4160654823741899e-11,True
GIGA_ESS_RN,TMPP_RN4,720,0.5223658051689861,1.4923002143218493,-7.770870076968371,8.928572678001442e-12,2.7503624356120118,3.877987265402977,0.2520203052459542,0.17873890065183534,0.5425831137741605,1.4285716284802306e-11,True
GIGA_ESS_RN,TIMPP_RN2,720,0.5223658051689861,1.4923002143218493,-7.770870076968371,8.928572678001442e-12,2.7503624356120118,3.877987265402977,0.2520203052459542,0.17873890065183534,0.5425831137741605,1.4285716284802306e-11,True
GIGA_ESS_RN,TMPP_RN3,720,0.5223658051689861,1.4923002143218493,-7.770870076968371,8.928572678001442e-12,2.7503624356120118,3.877987265402977,0.2520203052459542,0.17873890065183534,0.5425831137741605,1.4285716284802306e-11,True
CARBN_BSP_1,INDNENR_2_RN,720,1.002882703777336,1.6018371674160217,-7.765768336643106,9.197215322620704e-12,3.4514347759751614,2.922267522198253,0.2008287061904871,0.23719497797331393,0.4641076165095549,1.469902875354869e-11,True
FERGCC_CC1,WIR_WIRTZ_G1,720,-0.5721669980119285,3.287814983614257,-7.764143931520552,9.284427786777495e-12,3.2211467637032367,3.7308553530477977,0.2151864635199232,0.18578773899494705,1.020697045121401,1.4821777094586492e-11,True
FERGCC_CC1,WIR_WIRTZ_G2,720,-0.5770775347912526,3.3306844001882943,-7.758754808064363,9.579697853337495e-12,3.2251419662909404,3.7308553530477977,0.21491989741992537,0.18578773899494705,1.0327248955241286,1.5276024348435154e-11,True
JUNORTH_RN,MEDINA1_RN,720,7.193081510934394,11.345472825439447,-7.757750606392,9.635741624520442e-12,3.3562730149201183,2.7964507759845096,0.20652288341222524,0.2478667554289126,3.3803784063465043,1.5348205898565002e-11,True
FERGCC_ST1_5,WIR_WIRTZ_G1,720,-0.5818091451292247,3.2886248030105167,-7.741168518372586,1.060976925085502e-11,3.238234597019806,3.7311919075230575,0.21405094652433726,0.1857709808928293,1.015561011557682,1.6880794875103406e-11,True
FERGCC_ST1_5,WIR_WIRTZ_G2,720,-0.5867196819085487,3.331469558210186,-7.736398028912126,1.0907703227096425e-11,3.241802422493878,3.7311919075230575,0.2138153688054548,0.1857709808928293,1.0276596547322363,1.7335456914492533e-11,True
ELSA_ESR_RN,N_MRD_ESR_RN,720,0.9647912524850893,2.3316415028412782,-7.735687267267469,1.095279938608302e-11,4.651218910299655,7.7008802752367735,0.1490248457291573,0.09000882441827517,0.5012968746059432,1.738772165639043e-11,True
RVN_RN,WAL_RN,720,-0.629165009940358,1.654114421836121,-7.731324805118928,1.1233677552402431e-11,2.2224594303595375,2.1612941268199846,0.3118829397249387,0.3207093250097366,0.7442720435029616,1.781376039490096e-11,True
FERGCC_GT1_1,GWEC_G1,720,0.574950298210736,4.311908594186158,-7.727408907183248,1.1491898610314795e-11,2.740880246973884,4.358498130468773,0.2528921799211134,0.15903349268739844,1.5731838700165008,1.8202962871065927e-11,True
INGLCOS_CTG1,WHITE_PT_UN1,720,-0.26892644135188865,1.6610435808391282,-7.725737873648077,1.1603878428971912e-11,3.3465577113918736,2.2057606946025774,0.20712243455429818,0.3142440529727695,0.49634392234887836,1.8359914314284447e-11,True
RAT_RN_1,WL_RANCH_RN,720,-0.9270178926441351,1.5856992417657854,-7.719286300836755,1.2046488976607968e-11,3.5453416504241337,2.1438673896157523,0.19550927637031065,0.32331625730086727,0.44726274591225534,1.903906803850138e-11,True
COTULLA_RN,NCARBIDE_1_7,720,-0.20777335984095438,13.069088777966908,-7.714427388549866,1.2390882372070286e-11,4.454871947716621,3.1063872145126643,0.15559306500722722,0.22313611687610796,2.933662051647875,1.9496813809754795e-11,True
COTULLA_RN,NCARBID_PUN1,720,-0.20777335984095438,13.069088777966908,-7.714427388549866,1.2390882372070286e-11,4.454871947716621,3.1063872145126643,0.15559306500722722,0.22313611687610796,2.933662051647875,1.9496813809754795e-11,True
COTULLA_RN,NCARBIDEG8,720,-0.20777335984095438,13.069088777966908,-7.714427388549866,1.2390882372070286e-11,4.454871947716621,3.1063872145126643,0.15559306500722722,0.22313611687610796,2.933662051647875,1.9496813809754795e-11,True
COTULLA_RN,NCARBID_PUN2,720,-0.20777335984095438,13.069088777966908,-7.714427388549866,1.2390882372070286e-11,4.454871947716621,3.1063872145126643,0.15559306500722722,0.22313611687610796,2.933662051647875,1.9496813809754795e-11,True
MCDLD_FCSBW1,RUSSEKST_RN,720,-0.13473161033797218,2.7026671711814725,-7.71163429613949,1.259326662135359e-11,2.284758857057049,6.469811390127611,0.30337870380455556,0.10713560856157718,1.1829113443782522,1.97933903629222e-11,True
DANSBY_ALL,LZ_AEN,720,-1.4979522862823063,5.44364888004296,-7.700767862068958,1.3412393466056006e-11,2.9185284133935996,2.1705127410315237,0.23749886325552994,0.3193472065179083,1.8652033178985592,2.1057605618151878e-11,True
AUSTPL_ALL,DANSBY_ALL,720,1.3696421471172966,5.466679680050392,-7.689253965140763,1.4338186160069655e-11,2.8469885485297604,2.147010665929117,0.24346679614075012,0.32284291436437107,1.920162159722592,2.248631838319294e-11,True
AJAXWIND_RN,WNDTS2_UNIT1,720,-0.4594035785288269,1.7352197818667214,-7.687107713378951,1.4517655918935125e-11,2.839647404571337,1.3216105923485704,0.2440962140032242,0.5244715686851351,0.6110687471526641,2.2742730504470426e-11,True
AQLA_WND_RN,CMPD_SLR_RN,720,0.2843538767395627,1.0518653181040623,-7.68471455022127,1.4720407213709912e-11,4.16865061857578,6.379703879188213,0.16627615120135902,0.1086488015252747,0.25232753098014055,2.3035010848706502e-11,True
APPALOSA_ALL,CFLATS_UNIT,720,-1.3653876739562627,6.092863289664473,-7.672363037587536,1.5812463778887296e-11,3.3854125982788705,2.917962375745375,0.2047452593850269,0.2375449342052895,1.7997402422269178,2.4716738113211316e-11,True
DECKER_GT,DILEOS_UNIT1,720,2.513618290258449,8.411916018660875,-7.655105410751855,1.747441483888334e-11,2.989809513035481,2.5203530391883944,0.2318365693659894,0.27501987609765693,2.81352908336975,2.728461264316872e-11,True
DILEOS_UNIT1,SANDHSYD_CC1,720,-2.1500596421471174,7.551511457664652,-7.650500936186488,1.7946452479280157e-11,3.096140561274042,2.503374471591777,0.22387458412893232,0.2768851358139823,2.4390079546508874,2.7960337341898185e-11,True
DILEOS_UNIT1,SANDHSYD6_7,720,-2.1500596421471174,7.551511457664652,-7.650500936186488,1.7946452479280157e-11,3.096140561274042,2.503374471591777,0.22387458412893232,0.2768851358139823,2.4390079546508874,2.7960337341898185e-11,True
BLACKSPR_RN,BRTSW_BCW1,720,-0.15224652087475168,1.355776898633161,-7.637358976421868,1.9364589112573343e-11,1.925256931022467,1.917772128808416,0.360028404204642,0.3614335458043306,0.7042056968017947,3.013680316536004e-11,True
ATK_ATKINSG7,SANDHSYD_CC1,720,-2.222465208747515,6.8384111326393855,-7.632296151281913,1.9940160295962825e-11,3.088040570211138,2.0182498269663998,0.2244618115598633,0.3434397324348117,2.2144822832336764,3.0836007955707796e-11,True
GOLINDA_UN1,PANDA_T2_CT2,720,-0.06630218687872759,1.081692014244566,-7.632077052351821,1.9965448971322045e-11,2.4426959427990074,2.4263727217708344,0.2837631849364314,0.2856721782027236,0.4428271219892762,3.0836007955707796e-11,True
GOLINDA_UN1,PANDA_T2_CT1,720,-0.06630218687872759,1.081692014244566,-7.632077052351821,1.9965448971322045e-11,2.4426959427990074,2.4263727217708344,0.2837631849364314,0.2856721782027236,0.4428271219892762,3.0836007955707796e-11,True
GOLINDA_UN1,PANDA_T2_CC1,720,-0.06630218687872759,1.081692014244566,-7.632077052351821,1.9965448971322045e-11,2.4426959427990074,2.4263727217708344,0.2837631849364314,0.2856721782027236,0.4428271219892762,3.0836007955707796e-11,True
CRWN_SLR_UN1,PANDA_T2_CT1,720,-0.06630218687872759,1.081692014244566,-7.632077052351821,1.9965448971322045e-11,2.4426959427990074,2.4263727217708344,0.2837631849364314,0.2856721782027236,0.4428271219892762,3.0836007955707796e-11,True
CRWN_SLR_UN1,PANDA_T2_ST1,720,-0.06630218687872759,1.081692014244566,-7.632077052351821,1.9965448971322045e-11,2.4426959427990074,2.4263727217708344,0.2837631849364314,0.2856721782027236,0.4428271219892762,3.0836007955707796e-11,True
CRWN_SLR_UN1,PANDA_T2_CT2,720,-0.06630218687872759,1.081692014244566,-7.632077052351821,1.9965448971322045e-11,2.4426959427990074,2.4263727217708344,0.2837631849364314,0.2856721782027236,0.4428271219892762,3.0836007955707796e-11,True
FRNYPP_2_CCU,JACKCNTY_CC1,720,-1.054811133200795,2.958232067680003,-7.628938868154858,2.0331179775479506e-11,3.3935368576551634,5.9560364050013215,0.20425509126159605,0.1163772571937111,0.8717253390093004,3.123149946093076e-11,True
FRNYPP_1_CCU,JACKCNTY_CT2,720,-1.054811133200795,2.958232067680003,-7.628938868154858,2.0331179775479506e-11,3.3935368576551634,5.9560364050013215,0.20425509126159605,0.1163772571937111,0.8717253390093004,3.123149946093076e-11,True
FRNYPP_1_CCU,JACKCNTY_STG,720,-1.054811133200795,2.958232067680003,-7.628938868154858,2.0331179775479506e-11,3.3935368576551634,5.9560364050013215,0.20425509126159605,0.1163772571937111,0.8717253390093004,3.123149946093076e-11,True
FRNYPP_1_CCU,JACKCNTY_CT1,720,-1.054811133200795,2.958232067680003,-7.628938868154858,2.0331179775479506e-11,3.3935368576551634,5.9560364050013215,0.20425509126159605,0.1163772571937111,0.8717253390093004,3.123149946093076e-11,True
FRNYPP_1_CCU,KEECHI_U1,720,-1.054811133200795,2.958232067680003,-7.628938868154858,2.0331179775479506e-11,3.3935368576551634,5.9560364050013215,0.20425509126159605,0.1163772571937111,0.8717253390093004,3.123149946093076e-11,True
LON_RN1,WGU_RN,720,-0.18990059642147109,0.7961604763133301,-7.622470875945118,2.1106110704036285e-11,2.1769004385636848,3.3784189492276377,0.3184101432848636,0.20516910157587476,0.36573123061091184,3.2386962976883264e-11,True
INGLCOS_CTG1,JKLP_SLR_RN,720,-0.28978131212723657,1.6698737194569344,-7.615568311798507,2.196550785753919e-11,3.3250996540419004,2.1734465129597447,0.20845906970558747,0.31891614374997196,0.5022026084021516,3.36694113984239e-11,True
MCLNSLR_RN,PEARSALL_RN,720,1.016202783300199,2.7638365589401395,-7.612849214162571,2.231351598641045e-11,2.8328457075497777,1.580908936278144,0.2446822919838692,0.4384485182250835,0.9756396374056931,3.4092754039322404e-11,True
HRZN_SLR_UN1,MCLNSLR_RN,720,-1.016202783300199,2.7638365589401395,-7.612849214162571,2.231351598641045e-11,2.8328457075497777,1.580908936278144,0.2446822919838692,0.4384485182250835,0.9756396374056931,3.4092754039322404e-11,True
MCLNSLR_RN,MROW_SLR_RN,720,1.016202783300199,2.7638365589401395,-7.612849214162571,2.231351598641045e-11,2.8328457075497777,1.580908936278144,0.2446822919838692,0.4384485182250835,0.9756396374056931,3.4092754039322404e-11,True
ERKA_SLR_RN,MLSES_UNIT1,720,0.1607355864811134,1.6154456342684198,-7.608330047491009,2.2904070917922966e-11,2.1564934878363253,0.9688916299062517,0.3214232662744559,0.7154021762237879,0.7491075875630141,3.4882777526334016e-11,True
ERKA_SLR_RN,MLSES_UNIT2,720,0.1607355864811134,1.6154456342684198,-7.608330047491009,2.2904070917922966e-11,2.1564934878363253,0.9688916299062517,0.3214232662744559,0.7154021762237879,0.7491075875630141,3.4882777526334016e-11,True
ERKA_SLR_RN,MLSES_UNIT3,720,0.1607355864811134,1.6154456342684198,-7.608330047491009,2.2904070917922966e-11,2.1564934878363253,0.9688916299062517,0.3214232662744559,0.7154021762237879,0.7491075875630141,3.4882777526334016e-11,True
CPSES_UNIT1,MDWPK_RN,720,-0.4458051689860833,2.3231116861202277,-7.596333897866604,2.4548118671460506e-11,2.682615643946346,2.1454520913292177,0.2583848275559406,0.3230774452439556,0.8659875265256938,3.730685270881511e-11,True
CPSES_UNIT2,MDWPK_RN,720,-0.4458051689860833,2.3231116861202277,-7.596333897866604,2.4548118671460506e-11,2.682615643946346,2.1454520913292177,0.2583848275559406,0.3230774452439556,0.8659875265256938,3.730685270881511e-11,True
BCNV_RN,WAP_WAP_G5,720,-0.5240755467196819,3.737016286738533,-7.5890053998291,2.560963371061271e-11,2.5714789793985497,1.8489545004810024,0.26955195283068867,0.3748860128140656,1.453255623194942,3.87546422995882e-11,True
ALVIN_RN,WAP_WAP_G5,720,-0.5240755467196819,3.737016286738533,-7.5890053998291,2.560963371061271e-11,2.5714789793985497,1.8489545004810024,0.26955195283068867,0.3748860128140656,1.453255623194942,3.87546422995882e-11,True
BCNV2_ES_RN,WAP_WAP_G5,720,-0.5240755467196819,3.737016286738533,-7.5890053998291,2.560963371061271e-11,2.5714789793985497,1.8489545004810024,0.26955195283068867,0.3748860128140656,1.453255623194942,3.87546422995882e-11,True
TORT_ESS_RN,WAP_WAP_G5,720,-0.5240755467196819,3.737016286738533,-7.5890053998291,2.560963371061271e-11,2.5714789793985497,1.8489545004810024,0.26955195283068867,0.3748860128140656,1.453255623194942,3.87546422995882e-11,True
KEG_RN,RBN_BESS1,720,0.4249701789264413,1.2689382694907798,-7.586292931815054,2.6013988459970366e-11,3.3102305456881127,3.1802264408745136,0.20939543968103214,0.217955291375208,0.3833383360997896,3.9324755378978554e-11,True
MIDP_SLR_RN,PITSDD_UNIT1,720,-2.013996023856859,3.195534629714608,-7.582154571402792,2.6643159517896834e-11,3.9830252188192974,3.6451419568992414,0.17402530551022155,0.1901564297785468,0.8022883246172043,4.0190661558939025e-11,True
RVN_RN,WR_RN,720,0.7864214711729621,1.750696821227706,-7.582153999192801,2.6643247550307892e-11,3.2159283149376794,3.359078196619259,0.21553564404416073,0.20635041519949213,0.5443830364924139,4.0190661558939025e-11,True
BKBN_RN,FERGCC_ST1_5,720,0.16896620278329982,3.104993299716724,-7.581524536385888,2.6740263337984195e-11,3.2570554968514434,3.5450524146737212,0.21281405282470697,0.19552522769222327,0.9533129855227472,4.0294322744221684e-11,True
BKBN_RN,FERGCC_CC1,720,0.15932405566600372,3.106215132690527,-7.5791610260744875,2.710768236067344e-11,3.2464417803958003,3.5394149165624222,0.21350981395866525,0.19583665574680603,0.9568060488402854,4.080479881775791e-11,True
BKBN_RN,FERGCC_GT1_1,720,0.1540954274353873,3.107297016354822,-7.577497588800128,2.7369274928699264e-11,3.2377614437405797,3.532136704090157,0.2140822270584437,0.19624019074836263,0.9597053613576199,4.111165347939636e-11,True
BKBN_RN,FERGCC_GT2_3,720,0.1540954274353873,3.107297016354822,-7.577497588800128,2.7369274928699264e-11,3.2377614437405797,3.532136704090157,0.2140822270584437,0.19624019074836263,0.9597053613576199,4.111165347939636e-11,True
HHOLLW4_WND1,MWEC_G1,720,-0.8751491053677931,2.1191519783171224,-7.569109923766016,2.8727022593862757e-11,3.8795735254941466,4.234697407081097,0.17866581880843674,0.16368281223609776,0.5462332301195924,4.310566930838837e-11,True
LGD_LANGFORD,WL_RANCH_RN,720,-0.7077733598409542,1.5245542135737717,-7.562800444961815,2.979227970398735e-11,3.037976319642163,2.9536963501514744,0.22816082405855936,0.2346711030483545,0.5018321583735537,4.465705926155577e-11,True
FTR_CC1,PAR_RN,720,-0.38441351888668,0.7892754784311572,-7.557676673224843,3.0686151968627496e-11,2.444431267615974,1.4258308426532411,0.28356173877450186,0.48613563392282233,0.3228871635245153,4.5900294541308356e-11,True
FTR_FTR_G1_4,PAR_RN,720,-0.38441351888668,0.7892754784311572,-7.557676673224843,3.0686151968627496e-11,2.444431267615974,1.4258308426532411,0.28356173877450186,0.48613563392282233,0.3228871635245153,4.5900294541308356e-11,True
CBEC_CC1,RVN_RN,720,-0.9840357852882703,2.212774262090881,-7.557359824205798,3.0742294780523485e-11,3.322826770740758,3.63590887643541,0.20860166008757114,0.19063931581241833,0.66593127320856,4.593602074235618e-11,True
MDWPK_RN,WHCCS_CT1_ST,720,0.4938369781312125,2.385795738123492,-7.543052712633268,3.338660065294152e-11,2.744482360419225,2.103196246513682,0.2525602607458791,0.329568475461539,0.869306275212881,4.9782742753705475e-11,True
MDWPK_RN,WHCCS_CT2,720,0.4938369781312125,2.385795738123492,-7.543052712633268,3.338660065294152e-11,2.744482360419225,2.103196246513682,0.2525602607458791,0.329568475461539,0.869306275212881,4.9782742753705475e-11,True
DC_R,LV5_UNIT1,720,2.6137574552683898,4.9808995328348376,-7.541644947595791,3.365869448055692e-11,4.200632208661238,3.9260972493632798,0.1650102046855596,0.17654865290775906,1.185749974150266,5.011100663374899e-11,True
LV5_UNIT1,MADERO_RN,720,-2.613717693836978,4.980918679546578,-7.541549974005696,3.367713016046193e-11,4.200443786045086,3.926648817709027,0.16501760667831142,0.17652385347879332,1.1858077225302772,5.011100663374899e-11,True
DIVR_SLR_RN,TNP_TNP_O_2,720,-0.3099005964214714,0.874459759267019,-7.532504873850324,3.547966627256134e-11,3.186344870609205,5.248465858465072,0.21753677291919152,0.1320666265632636,0.2744397718316753,5.268304981452278e-11,True
DIVR_SLR_RN,TNP_TNP_O_1,720,-0.3099005964214714,0.874459759267019,-7.532504873850324,3.547966627256134e-11,3.186344870609205,5.248465858465072,0.21753677291919152,0.1320666265632636,0.2744397718316753,5.268304981452278e-11,True
DANSBY_ALL,DECKER_GT,720,-2.207813121272366,7.961836610982848,-7.524334589255002,3.7190078351042116e-11,2.955088571516537,1.9931390645784364,0.2345605432070774,0.3477665923459039,2.6942801944162613,5.516528288737914e-11,True
HARLIN_1_RN,SROSA_ESR_RN,720,0.02007952286282305,1.12292978783384,-7.510142115398977,4.0358109063609967e-11,2.3463747806378206,2.570975166868719,0.2954119632889702,0.2696047746754993,0.47858074383521604,5.980223445013588e-11,True
DRCK_SLR_RN,ERKA_SLR_RN,720,-0.4099403578528829,1.5447112561775502,-7.4944956747795795,4.416200707234797e-11,2.1751245344119368,1.203759762018607,0.318670112719474,0.5758185332574949,0.7101714093787168,6.537078801561696e-11,True
CARBN_BSP_1,LZ_WEST,720,0.8425646123260438,1.3696390541836991,-7.480906129079902,4.775342687715982e-11,3.029697877390544,2.8756916977991933,0.22878425790658302,0.2410366803543024,0.4520711667010702,7.061358242271608e-11,True
AQLA_WND_RN,FILESSLR_PV1,720,0.24113320079522857,1.0150664355973888,-7.47370442262256,4.9772754818224256e-11,4.217337250964909,6.37689535346085,0.16435659263469057,0.10869665286004145,0.24068894072086502,7.352323948252213e-11,True
ANG_ALL,WL_RANCH_RN,720,-0.3432405566600397,1.2453053017661417,-7.459312875084186,5.406554002054314e-11,3.567848833659352,3.4854807707947093,0.1942759384928933,0.19886702183753657,0.3490353318834135,7.978168807176521e-11,True
RAMBLER_UNIT,WL_RANCH_RN,720,-0.34196819085487073,1.2453554761329675,-7.457525214246469,5.462381254776888e-11,3.572754293714642,3.4854807707947093,0.19400919390940555,0.19886702183753657,0.3485701432992063,8.052205907662824e-11,True
DECKER_GT,RPUBRDS_RN,720,0.8177932405566601,8.906346795853057,-7.447868506865506,5.7739971217321804e-11,2.972112394136158,2.4977535774741124,0.2332170149175694,0.27750823252184065,2.9966386242407497,8.502763083088547e-11,True
ANG_ALL,WHMESA_U1,720,-0.6721669980119284,1.1013366905359374,-7.43835107089576,6.098375766485135e-11,3.4792198964560423,4.518297984894838,0.19922488407990246,0.15340891257664097,0.31654702011153896,8.961906183152563e-11,True
ANG_ALL,HICK_G1_G2,720,-0.6721669980119284,1.1013366905359374,-7.43835107089576,6.098375766485135e-11,3.4792198964560423,4.518297984894838,0.19922488407990246,0.15340891257664097,0.31654702011153896,8.961906183152563e-11,True
DC_R,GARC_BESS_RN,720,2.6754075546719682,4.9171583661006215,-7.436138793037595,6.176330329717277e-11,4.0590312674219335,3.5735256122761156,0.17076665216235032,0.19396731848759668,1.2114117980726278,9.064372447562458e-11,True
GARC_BESS_RN,MADERO_RN,720,-2.675367793240557,4.917186362851063,-7.436011870396296,6.180832616982546e-11,4.058821966147975,3.5738396905036827,0.17077545808637096,0.19395027214056595,1.211481164698071,9.064372447562458e-11,True
HICK_G1_G2,RAMBLER_UNIT,720,0.6708946322067594,1.1013350259903303,-7.431825723797847,6.331166302661005e-11,3.4846998327998007,4.518297984894838,0.19891158889373622,0.15340891257664097,0.3160487499164187,9.265756233288048e-11,True
RAMBLER_UNIT,WHMESA_U1,720,-0.6708946322067594,1.1013350259903303,-7.431825723797847,6.331166302661005e-11,3.4846998327998007,4.518297984894838,0.19891158889373622,0.15340891257664097,0.3160487499164187,9.265756233288048e-11,True
BUDA_RN,LZ_AEN,720,-0.37793240556660035,2.714610186664268,-7.413520241008425,7.032351845428732e-11,2.5860235227169976,1.9663251237036632,0.2680359147822802,0.3525089377154328,1.0497237023629897,1.0281385038901966e-10,True
BLACKJAK_RN,COL_COLETOG1,720,-0.11914512922465202,1.1385710730812126,-7.4056373519008565,7.357557047744629e-11,2.8803420482122446,4.360025834580296,0.24064752343915688,0.158977769136698,0.395290230820987,1.0734796348348721e-10,True
COL_COLETOG1,CRANELL_ALL,720,0.11914512922465202,1.1385710730812126,-7.4056373519008565,7.357557047744629e-11,2.8803420482122446,4.360025834580296,0.24064752343915688,0.158977769136698,0.395290230820987,1.0734796348348721e-10,True
JUNCTION_RN,SHAW_SLR_RN,720,7.32958250497018,10.424585750635977,-7.397359990550715,7.715107795032717e-11,3.7714879548121942,2.4846883199830296,0.18378613132663746,0.27896745639496523,2.7640511849798766,1.1244947287744718e-10,True
JUNCTION_RN,UTOPIA_RN,720,7.949900596421472,11.73256499935981,-7.378119255086635,8.614251969617951e-11,3.936493063373086,2.6422355847805865,0.17608240873311845,0.2623336028598316,2.980461240621737,1.2542632724678898e-10,True
AUSTPL_ALL,BUDA_RN,720,0.24962226640159024,3.011882651769341,-7.374650413226272,8.787080317365993e-11,2.4790886505984093,1.6582277766934015,0.2795975772760815,0.418004806277048,1.2149152677708095,1.2781207734350536e-10,True
E_HARRIS_RN,MESQUITE_RN,720,-0.1800397614314116,3.008829105824609,-7.358958788868511,9.612873195630654e-11,1.4260971106286393,1.526132222763564,0.4860448670668706,0.45418553531670697,2.109834655297972,1.3953854669294648e-10,True
E_HARRIS_RN,MESQUITE_RN2,720,-0.1800397614314116,3.008829105824609,-7.358958788868511,9.612873195630654e-11,1.4260971106286393,1.526132222763564,0.4860448670668706,0.45418553531670697,2.109834655297972,1.3953854669294648e-10,True
MV_VALV4_RN,N_MRD_ESR_RN,720,0.8691451292246521,2.0373950892774544,-7.35385170795314,9.897905335999872e-11,4.53357255029653,7.24986572406409,0.1528920454828959,0.09560827840703574,0.4494016731119023,1.4352970670533419e-10,True
CBEC_CC2,SBE_RN_1,720,-0.5029025844930417,1.4700509261760548,-7.35128421296007,1.004435180089899e-10,3.3549756471603334,3.8142624908672267,0.2066027457298023,0.1817250863619374,0.43817037164496636,1.455051573192285e-10,True
MAVCRK_W_ALL,RADN_SLR_ALL,720,0.4028031809145129,0.9996058461409997,-7.345500053947012,1.0382196335614443e-10,6.070709402078202,3.5547661065641183,0.11417894263274378,0.19499093886374175,0.16466046716036217,1.50093884080355e-10,True
GALO_RN1,RADN_SLR_ALL,720,0.4028031809145129,0.9996058461409997,-7.345500053947012,1.0382196335614443e-10,6.070709402078202,3.5547661065641183,0.11417894263274378,0.19499093886374175,0.16466046716036217,1.50093884080355e-10,True
MESQUITE_RN,W_HRL_ESR_RN,720,0.1396819085487077,3.001665257973818,-7.344863899628256,1.042003453125158e-10,1.4302025813960961,1.597782514810155,0.48464965004001587,0.4338182287858517,2.09876929116135,1.503356552431839e-10,True
MESQUITE_RN2,W_HRL_ESR_RN,720,0.1396819085487077,3.001665257973818,-7.344863899628256,1.042003453125158e-10,1.4302025813960961,1.597782514810155,0.48464965004001587,0.4338182287858517,2.09876929116135,1.503356552431839e-10,True
ELSA_ESR_RN,LOWR_ESS_RN,720,-0.027037773359841078,0.15687997722969607,-7.344292107800389,1.0454161206396336e-10,2.5649906759980907,1.8973567668556561,0.270233801255526,0.3653225332569609,0.061162006824313636,1.5067535989785814e-10,True
DOWGEN_PUN1,MILTON_RN,720,-1.3769781312127234,2.2183293877215733,-7.33760188710265,1.0861792609379358e-10,1.9464986868045968,3.430769424222264,0.35609948532656177,0.20203840446580806,1.139651109327599,1.563922414131062e-10,True
NOBLESLR_ALL,PORTSL_UNIT1,720,0.11244532803180905,0.4612629731200582,-7.3229335563229245,1.1811535862888825e-10,2.6123101061512477,6.866753829509324,0.2653387815358447,0.10094248283391213,0.17657282419645165,1.697237847502895e-10,True
HMNG_ESS_RN,PORTSL_UNIT1,720,0.11244532803180905,0.4612629731200582,-7.3229335563229245,1.1811535862888825e-10,2.6123101061512477,6.866753829509324,0.2653387815358447,0.10094248283391213,0.17657282419645165,1.697237847502895e-10,True
JUNORTH_RN,UTOPIA_RN,720,8.020656063618292,11.76365430961542,-7.318999935929694,1.2079944656476937e-10,3.950502196092083,2.837163366617136,0.17545799145375,0.24430992896486342,2.977761744127687,1.73405657165556e-10,True
E_HARRIS_RN,NEBULA_RN,720,-0.0924055666003978,3.0555083787674286,-7.3123212251046965,1.2549589428447866e-10,1.4529081225243468,1.6580931562600574,0.4770757144337804,0.41803874404945146,2.103029318508216,1.7978486263691915e-10,True
E_HARRIS_RN,VANCOURT_RN,720,-0.0924055666003978,3.0555083787674286,-7.3123212251046965,1.2549589428447866e-10,1.4529081225243468,1.6580931562600574,0.4770757144337804,0.41803874404945146,2.103029318508216,1.7978486263691915e-10,True
JUNORTH_RN,SHAW_SLR_RN,720,7.400337972166998,10.442640123746157,-7.305421586168986,1.3053791147188727e-10,3.775503987252021,2.6671513855309468,0.1835906366144374,0.25988295389613264,2.7658930195824727,1.868200863678065e-10,True
VANCOURT_RN,W_HRL_ESR_RN,720,0.05204771371769395,3.053702863246806,-7.304804652463758,1.3099841293539479e-10,1.4604546188604193,1.7727313880027216,0.47461055729400364,0.391005194160234,2.090926225170615,1.871030491675047e-10,True
NEBULA_RN,W_HRL_ESR_RN,720,0.05204771371769395,3.053702863246806,-7.304804652463758,1.3099841293539479e-10,1.4604546188604193,1.7727313880027216,0.47461055729400364,0.391005194160234,2.090926225170615,1.871030491675047e-10,True
LOWR_ESS_RN,N_MRD_ESR_RN,720,0.9918290258449306,2.3041227199431487,-7.302639586090354,1.326272822217795e-10,4.620440587241186,4.391675817703007,0.1500175508097629,0.15783204620109786,0.4986803047107062,1.8923972934249902e-10,True
BLACKJAK_RN,PAP1_PAP1,720,-0.263737574552684,0.7759001626947908,-7.293969268624793,1.393540812071981e-10,2.309436861142835,2.331419916457138,0.3001368828143404,0.29730687966896263,0.33596941996969476,1.9804412339227495e-10,True
CRANELL_ALL,PAP1_PAP1,720,-0.263737574552684,0.7759001626947908,-7.293969268624793,1.393540812071981e-10,2.309436861142835,2.331419916457138,0.3001368828143404,0.29730687966896263,0.33596941996969476,1.9804412339227495e-10,True
BLACKJAK_RN,COTTON_PAP2,720,-0.263737574552684,0.7759001626947908,-7.293969268624793,1.393540812071981e-10,2.309436861142835,2.3280368350046006,0.3001368828143404,0.2977389232583064,0.33596941996969476,1.9804412339227495e-10,True
COTTON_PAP2,CRANELL_ALL,720,0.263737574552684,0.7759001626947908,-7.293969268624785,1.393540812072047e-10,2.309436861142835,2.3280368350046006,0.3001368828143404,0.2977389232583064,0.33596941996969476,1.9804412339227495e-10,True
KNAPP_RN,T_CK_GT2_RN,720,0.3686083499005965,9.351546905916456,-7.283000096524568,1.4835118086543843e-10,2.6589894556692464,3.876544878457468,0.26068068042995896,0.17880540592006725,3.5169552425181565,2.1041043979321149e-10,True
KNAPP_RN,T_CK_GT3_RN,720,0.3686083499005965,9.351546905916456,-7.283000096524568,1.4835118086543843e-10,2.6589894556692464,3.876544878457468,0.26068068042995896,0.17880540592006725,3.5169552425181565,2.1041043979321149e-10,True
AUSTPL_ALL,SANDHSYD_5AC,720,-0.47461232604373754,2.2700182087671936,-7.276370463654342,1.5406577848541266e-10,3.3853388284137584,3.6312649081405075,0.20474972098575073,0.19088312147264713,0.6705438728066219,2.1764848071748775e-10,True
AUSTPL_ALL,SANDHSYD1_2,720,-0.47461232604373754,2.2700182087671936,-7.276370463654342,1.5406577848541266e-10,3.3853388284137584,3.6312649081405075,0.20474972098575073,0.19088312147264713,0.6705438728066219,2.1764848071748775e-10,True
AUSTPL_ALL,SANDHSYD6_7,720,-0.47461232604373754,2.2700182087671936,-7.276370463654342,1.5406577848541266e-10,3.3853388284137584,3.6312649081405075,0.20474972098575073,0.19088312147264713,0.6705438728066219,2.1764848071748775e-10,True
AUSTPL_ALL,SANDHSYD3_4,720,-0.47461232604373754,2.2700182087671936,-7.276370463654342,1.5406577848541266e-10,3.3853388284137584,3.6312649081405075,0.20474972098575073,0.19088312147264713,0.6705438728066219,2.1764848071748775e-10,True
ENDPARK_ESS1,MISAE_GEN_RN,720,-0.6032803180914511,1.823992429102873,-7.271289555392841,1.5859268939170074e-10,3.004686650947115,4.036365207742608,0.23068867442182586,0.1717255859876954,0.6070491339015094,2.2382159533576e-10,True
FAGUSSLR_RN,FLUVANNA_1_2,720,0.6073359840954273,1.823510815340212,-7.2697706402529425,1.5997142178784813e-10,3.0128191022291357,4.0407085490944805,0.23006598041253024,0.17154099884666985,0.605250681659256,2.253207760889176e-10,True
ENDPARK_ESS1,FAGUSSLR_RN,720,-0.6073359840954273,1.823510815340212,-7.2697706402529425,1.5997142178784813e-10,3.0128191022291357,4.0407085490944805,0.23006598041253024,0.17154099884666985,0.605250681659256,2.253207760889176e-10,True
HARLIN_1_RN,MESQUITE_RN,720,0.027773359840954272,3.227523413206303,-7.25244904907868,1.7656032000911596e-10,1.5326049850053474,1.8911479398061617,0.45226734047033446,0.36652192352069046,2.1059069002017123,2.484406083922738e-10,True
HAYSEN1_2,LBRA_BES1,720,0.5087475149105368,1.3391155662859386,-7.250790870678042,1.7823511992753065e-10,3.53879507063309,3.7111134748327785,0.19587095797438797,0.18677606741496317,0.3784100349293103,2.5014793364481337e-10,True
KNAPP_RN,TAYGETE_ALL,720,2.082703777335984,9.414990095149257,-7.25072628671844,1.7830066899542526e-10,3.936998014527683,2.6815498167799174,0.17605982477060034,0.2584875269601728,2.3914134730085106,2.5014793364481337e-10,True
KNAPP_RN,TAYGETE2_ALL,720,2.082703777335984,9.414990095149257,-7.25072628671844,1.7830066899542526e-10,3.936998014527683,2.6876588216313375,0.17605982477060034,0.2578999890094768,2.3914134730085106,2.5014793364481337e-10,True
FERGCC_CC1,INKS_INKS_G1,720,-1.5403777335984095,3.568115170922788,-7.2498469652652835,1.791955122044542e-10,2.754796890967602,1.3522042783552595,0.25161462278131236,0.5126053745393027,1.295237112624123,2.511559147432508e-10,True
FERGCC_GT1_1,INKS_INKS_G1,720,-1.5351491053677935,3.5654135849166453,-7.24553071430484,1.8365293730380657e-10,2.749847978138314,1.3491015487279636,0.25206745466315406,0.5137842894135712,1.2965857070144222,2.568976254622992e-10,True
FERGCC_GT2_3,INKS_INKS_G1,720,-1.5351491053677935,3.5654135849166453,-7.24553071430484,1.8365293730380657e-10,2.749847978138314,1.3491015487279636,0.25206745466315406,0.5137842894135712,1.2965857070144222,2.568976254622992e-10,True
BRAZ_WND_ALL,ULYS_SLR_RN,720,0.524671968190855,1.8974099146501404,-7.22345175438754,2.0823169194186071e-10,4.999681083477892,4.6033824056281425,0.13863827891953787,0.15057345218865512,0.3795061890888166,2.909930611631106e-10,True
BRIGHTSD_U1,HOLCOMB_RN1,720,-0.5413916500994035,2.034830682896646,-7.1911722486597816,2.501439485930055e-10,2.1235675853306604,2.3341708616687344,0.3264069320647572,0.29695648760879645,0.958213290197591,3.4922057136905863e-10,True
JUNCTION_RN,OLNEYTN_AGR1,720,3.7228628230616305,14.928648924808595,-7.187913789570952,2.548134803376346e-10,3.9252243902149906,7.903866937278392,0.17658791234658067,0.08769722289867177,3.8032600026697914,3.550434403138862e-10,True
JUNCTION_RN,OLNEYTN_RN,720,3.7228628230616305,14.928648924808595,-7.187913789570952,2.548134803376346e-10,3.9252243902149906,7.903866937278392,0.17658791234658067,0.08769722289867177,3.8032600026697914,3.550434403138862e-10,True
JUNCTION_RN,LEAKEY_RN,720,8.460934393638171,12.112185285575086,-7.182226781908161,2.6317110407360873e-10,4.304501585265148,2.661140365993407,0.16102844123293522,0.2604699809967343,2.8138415204762905,3.6633006080236444e-10,True
HB_BUSAVG,OYST_SLR_RN,720,0.2953280318091451,1.422842618591523,-7.17750900777657,2.7031006247131745e-10,2.1962840345067067,3.7078403558468986,0.3155999723485804,0.18694094514261395,0.6478408968223905,3.758999306241758e-10,True
RBN_BESS1,THW_CC1,720,-0.24246520874751504,0.8753543882691501,-7.138278336244935,3.376075001535861e-10,4.680415015076773,1.7991206178230743,0.1480952390604566,0.38526998895640996,0.18702495087495818,4.685702536244704e-10,True
RBN_BESS1,THW_2_CCU,720,-0.24246520874751504,0.8753543882691501,-7.138278336244935,3.376075001535861e-10,4.680415015076773,1.7991206178230743,0.1480952390604566,0.38526998895640996,0.18702495087495818,4.685702536244704e-10,True
JUNORTH_RN,LEAKEY_RN,720,8.53168986083499,12.147542507493077,-7.1334448946432625,3.469715676971772e-10,4.3227358154699775,2.853838377640045,0.1603491886039732,0.24288242319214196,2.810151493417686,4.808986936932655e-10,True
LZ_AEN,SANDHSYD_5AC,720,-0.3463021868787275,2.4146816548271026,-7.132831204935195,3.4817875926808763e-10,3.235979944819307,3.8745084797005287,0.21420008540833207,0.17889938406161923,0.7461979666137688,4.808986936932655e-10,True
LZ_AEN,SANDHSYD6_7,720,-0.3463021868787275,2.4146816548271026,-7.132831204935195,3.4817875926808763e-10,3.235979944819307,3.8745084797005287,0.21420008540833207,0.17889938406161923,0.7461979666137688,4.808986936932655e-10,True
LZ_AEN,SANDHSYD_CC1,720,-0.3463021868787275,2.4146816548271026,-7.132831204935195,3.4817875926808763e-10,3.235979944819307,3.8745084797005287,0.21420008540833207,0.17889938406161923,0.7461979666137688,4.808986936932655e-10,True
LZ_AEN,SANDHSYD1_2,720,-0.3463021868787275,2.4146816548271026,-7.132831204935195,3.4817875926808763e-10,3.235979944819307,3.8745084797005287,0.21420008540833207,0.17889938406161923,0.7461979666137688,4.808986936932655e-10,True
E_BLACK_RN,TMPP_RN3,720,0.19797216699801193,1.978169669733026,-7.1269261223652265,3.600094016931967e-10,2.219753645261935,3.0663637467413705,0.31226311173740756,0.22604858321083202,0.8911663120614443,4.962762710659362e-10,True
E_BLACK_RN,TIMPP_RN2,720,0.19797216699801193,1.978169669733026,-7.1269261223652265,3.600094016931967e-10,2.219753645261935,3.0663637467413705,0.31226311173740756,0.22604858321083202,0.8911663120614443,4.962762710659362e-10,True
CBECII_CT7,STRG_SLR_ALL,720,-2.247455268389662,4.900638128775705,-7.121191558089345,3.718793067374483e-10,2.7760641317575088,2.7177881353476634,0.24968702006214755,0.2550409178496457,1.7653187736960319,5.121432618898707e-10,True
CAMWIND_RN,PALMWI_UNIT1,720,0.44642147117296227,0.9381544553897041,-7.120167525213287,3.740393668534112e-10,5.090585691719137,8.978576193362471,0.13616256017210138,0.07720012233925946,0.1842920465744838,5.14620346279476e-10,True
LEONLCPCT1_2,SLCN_ESS_ALL,720,1.85910536779324,4.497867599547455,-7.085843828529686,4.540936848930451e-10,2.4954893805977028,2.3845842462503297,0.27776002011834944,0.2906784197915815,1.802399014204643,6.235577698049144e-10,True
LEONLCPCT3_4,SLCN_ESS_ALL,720,1.85910536779324,4.497867599547455,-7.085843828529686,4.540936848930451e-10,2.4954893805977028,2.3845842462503297,0.27776002011834944,0.2906784197915815,1.802399014204643,6.235577698049144e-10,True
N_AL_BESS_RN,N_MRD_ESR_RN,720,0.41137176938369785,1.0428838287351576,-7.085120323154441,4.559520902423947e-10,3.818592276152721,4.5872048943148345,0.1815190338305245,0.15110447353659726,0.2731068816244179,6.255065284250194e-10,True
JAG_SLR_RN,SUNVASLR_ALL,720,0.02194831013916486,0.6821519305015409,-7.084180520544945,4.5837732966393194e-10,4.5415282272618045,6.572729736407803,0.15262421499422457,0.10545803773437538,0.1502031687057963,6.282284094720299e-10,True
LMO_ESR_RN,OYST_SLR_RN,720,0.2908747514910536,1.235130213234261,-7.082099294370949,4.637936723497471e-10,2.2847082115623034,3.2669832606070335,0.30338542884912434,0.21216734989672173,0.5406074206691226,6.350405667558076e-10,True
RDCAN_RDCNY1,ULYS_SLR_RN,720,0.42558648111332026,1.9933124256551102,-7.077127845528992,4.769896170594794e-10,5.292207262007033,4.538297044265939,0.1309750631907553,0.15273288059355322,0.3766504838095022,6.524814742485098e-10,True
MEDINA1_RN,OLNEYTN_RN,720,-3.399463220675945,16.79932389048528,-7.071188603176869,4.932425662973745e-10,5.201092241171955,6.031099982907034,0.13326954193832166,0.1149288160575052,3.229960768144329,6.734203397962236e-10,True
MEDINA1_RN,OLNEYTN_AGR1,720,-3.399463220675945,16.79932389048528,-7.071188603176869,4.932425662973745e-10,5.201092241171955,6.031099982907034,0.13326954193832166,0.1149288160575052,3.229960768144329,6.734203397962236e-10,True
BCATWD_WD_1,S_HILLS_RN,720,-0.37749502982107325,1.1227724682292022,-7.064489329740861,5.122342125028688e-10,1.3820611441570978,8.070643587788032,0.5015314868595682,0.08588499455096371,0.8123898663788622,6.986796155211543e-10,True
LV1A_LV1B,PALMWI_UNIT1,720,-0.5894234592445327,1.2276380106795735,-7.0610074982601905,5.22388932612576e-10,4.8903919398352675,8.941134876513106,0.14173652931860792,0.07752340056749722,0.2510305975027691,7.118486507562758e-10,True
PORTSL_UNIT1,TROJ_SLR_RN,720,-0.25355864811133194,0.6423511501037441,-7.058046788808365,5.311804336084268e-10,3.1995927514246505,6.99842262940967,0.21663606415263775,0.09904334408829688,0.20076028420108494,7.224459765600763e-10,True
PORTSL_UNIT1,WILDWIND_ALL,720,-0.25355864811133194,0.6423511501037441,-7.058046788808365,5.311804336084268e-10,3.1995927514246505,6.99842262940967,0.21663606415263775,0.09904334408829688,0.20076028420108494,7.224459765600763e-10,True
CAMWIND_RN,LV1A_LV1B,720,1.035844930417495,2.1623960334285655,-7.010629906225137,6.936793140712373e-10,5.072637939893376,8.963645105823723,0.13664432367797077,0.07732871754478592,0.42628629503055326,9.425566252265667e-10,True
HB_WEST,RDCAN_RDCNY1,720,-0.35630218687872733,1.3704669007426133,-7.01001412074633,6.960846442392944e-10,3.295239378269776,4.051904593487327,0.21034805092790998,0.17106700431052813,0.41589297268661596,9.449232920846094e-10,True
CHALUP_ALL,LAUR_BESS_RN,720,-0.33568588469184885,0.7236868013125475,-7.00404767922702,7.198219587555501e-10,5.051609964276975,8.773450884415384,0.1372131232342982,0.07900507903807943,0.14325864554670287,9.762156850170508e-10,True
KNAPP_RN,TOYAH_RN,720,2.276660039761431,9.25766298167117,-7.003379790297465,7.225284938204941e-10,4.116674597095897,3.174799025875427,0.16837550897244224,0.21832789254079324,2.248820683617301,9.789539250241518e-10,True
SBE_RN_1,WR_RN,720,0.3052882703777335,0.8859522677428593,-6.977608121055654,8.350236032849193e-10,3.6106107040266293,3.806220302908167,0.1919750528039295,0.1821090544943869,0.24537463060053155,1.1302981093894724e-09,True
JUNORTH_RN,OLNEYTN_AGR1,720,3.7936182902584488,14.892977717309266,-6.968540267212526,8.785935244932374e-10,3.9159787212511854,7.802206132104002,0.1770048383558324,0.08883989589916486,3.8031303991740906,1.1870181962792884e-09,True
JUNORTH_RN,OLNEYTN_RN,720,3.7936182902584488,14.892977717309266,-6.968540267212526,8.785935244932374e-10,3.9159787212511854,7.802206132104002,0.1770048383558324,0.08883989589916486,3.8031303991740906,1.1870181962792884e-09,True
BRAZ_WND_ALL,HB_WEST,720,0.45538767395626223,1.3557959537240913,-6.954243722575881,9.518975753945288e-10,3.285255971168354,3.8732765633610433,0.21098726755024738,0.17895628396813096,0.41269111619388427,1.2848361586367858e-09,True
CARBN_BSP_1,GOA_GOATWIND,720,0.9892644135188867,1.595123437400325,-6.951653909792592,9.658094666057933e-10,3.6992817257653923,2.872940277256455,0.18737345029230806,0.2412675216562015,0.43119815024909713,1.3023794322411455e-09,True
CHALUP_ALL,RN_SR_WIND1,720,-0.3687077534791253,0.8428221185903833,-6.9435647589283915,1.0105708462568144e-09,4.73977011437547,7.797384497700786,0.14624067493435322,0.08889483143537856,0.177819197609215,1.3614502223932865e-09,True
LMAJADAS_ALL,LV1A_LV1B,720,1.110159045725646,2.526401621662109,-6.931165262559121,1.0831973034949972e-09,4.628231601167548,9.659494180574889,0.14976501616407603,0.07175812393508708,0.5458675881787727,1.4579139510178414e-09,True
DUP_PUN1,HNY_COMB_RN,720,-1.3701192842942347,4.312404833026492,-6.904243693603462,1.2591299972980838e-09,2.5298175742764064,2.1482599631188637,0.27399097373975806,0.3226551685828692,1.7046307515908343,1.6931077584064884e-09,True
DUP_PUN3,TYNAN_RN,720,-1.3941948310139165,4.326600951628725,-6.900471969879204,1.2859359376874343e-09,2.547970202099607,2.1497365868982588,0.2720389665423757,0.32243354129263374,1.6980579082374945,1.7275214861008551e-09,True
EUNICE_ALL,RUSSEKST_RN,720,-0.330079522862823,2.691322782639932,-6.886897196214915,1.3871673808424297e-09,2.2333236724891923,6.4933199785256885,0.3103657517709402,0.10674773195411275,1.2050751155296124,1.8617590483691045e-09,True
CORALSLR_ALL,EBELLS_UNIT1,720,-0.15264413518886694,1.1290891009168236,-6.861712660373607,1.5962841604736692e-09,2.786453225116639,1.8387241097015832,0.2487560797044891,0.3769718235067033,0.4052065510159643,2.1404036200701554e-09,True
GRDNE_ESR_RN,RUSSEKST_RN,720,-0.23298210735586491,2.674438812504524,-6.831007914424614,1.8937663092297303e-09,2.2537618884918604,6.504668413944214,0.3075512032124101,0.10656149344585022,1.1866554431329772,2.536898611799752e-09,True
MV_VALV4_RN,N_AL_BESS_RN,720,0.45777335984095424,1.063747702993313,-6.830041026591584,1.903974236304048e-09,5.043470361155431,10.10846316170902,0.13743457003307324,0.06857097557476345,0.21091582319710792,2.548176045579854e-09,True
CORALSLR_ALL,YAPN_SLR_RN,720,-0.08896620278330014,1.1363044370923978,-6.8271322306453275,1.935012917083311e-09,2.85099350666187,1.8236485309666859,0.2431247840236323,0.38008814132212165,0.39856437218717394,2.5872848769264173e-09,True
HICK_G1_G2,SNY_BESS_RN,720,-0.5269582504970178,2.0577651233885716,-6.824067976543076,1.9682513895540577e-09,3.303651954051201,4.593328731638133,0.20981241068991938,0.15090302067554093,0.6228758816028354,2.6267947317010105e-09,True
SNY_BESS_RN,WHMESA_U1,720,0.5269582504970178,2.0577651233885716,-6.824067976543076,1.9682513895540577e-09,3.303651954051201,4.593328731638133,0.20981241068991938,0.15090302067554093,0.6228758816028354,2.6267947317010105e-09,True
OWF_OWF,RUSSEKST_RN,720,-0.1994234592445327,2.6852951839057715,-6.807912537877305,2.153045759628483e-09,2.270906140831382,6.475314952980026,0.3052293391157871,0.1070445508200261,1.1824773977328191,2.870727679504644e-09,True
LOWR_ESS_RN,N_AL_BESS_RN,720,0.5804572564612327,1.3384156915578933,-6.7847507717012805,2.448249609790509e-09,5.076888106833896,2.948593316857387,0.13652993053498932,0.23507724059372898,0.26362914907584417,3.2612791808621933e-09,True
N_MRD_ESR_RN,SE_EDINB_RN,720,0.13308151093439355,0.5996903644243167,-6.768482383382399,2.679162278383049e-09,2.824989099145299,2.501278006004125,0.24536278061025335,0.2771172092410755,0.21228059414662984,3.5655393312312726e-09,True
GUNMTN_NODE,HONEY_WD_RN,720,0.6261033797216699,1.525266721253909,-6.748344850985332,2.994971352366617e-09,2.607719643737792,3.772242936918012,0.26580586690922736,0.18374934810700674,0.5849044106089787,3.982109435826389e-09,True
CITYVICT_ALL,VICTPORT_RN,720,0.045844930417495065,0.8936696537362719,-6.736905930768175,3.190456082620981e-09,1.1482667701231584,0.9773943010014555,0.6036464683947975,0.7091786598814157,0.7782770319482646,4.227423838327032e-09,True
DUP_PUN4,VIC_VICTORG5,720,-0.04616302186878732,0.8936327385335082,-6.736855299846706,3.1913487543550283e-09,1.1482239912059093,0.977439247914358,0.60366895820734,0.7091460487584984,0.7782738780740686,4.227423838327032e-09,True
DUP_PUN4,VIC_VICTORG6,720,-0.04616302186878732,0.8936327385335082,-6.736855299846706,3.1913487543550283e-09,1.1482239912059093,0.977439247914358,0.60366895820734,0.7091460487584984,0.7782738780740686,4.227423838327032e-09,True
DUP_PUN4,VICTORIA_CC1,720,-0.04616302186878732,0.8936327385335082,-6.736855299846706,3.1913487543550283e-09,1.1482239912059093,0.977439247914358,0.60366895820734,0.7091460487584984,0.7782738780740686,4.227423838327032e-09,True
BULLCRK_1_2,WL_RANCH_RN,720,-0.36795228628230636,2.9392577019302535,-6.718360180889832,3.5344977684616065e-09,4.855739864895329,4.770368742768226,0.14274800542159743,0.1453026417739176,0.6053161379545221,4.677625299525397e-09,True
S_HILLS_RN,WFCOGEN_13,720,0.33264413518886665,1.0876036226678525,-6.685319066912663,4.240554259058789e-09,1.7059143244420918,2.8569105536995214,0.4063200423541989,0.24262123980828268,0.6375487954376291,5.5964312000924145e-09,True
S_HILLS_RN,WFCOGEN_24,720,0.33264413518886665,1.0876036226678525,-6.685319066912663,4.240554259058789e-09,1.7059143244420918,2.8569105536995214,0.4063200423541989,0.24262123980828268,0.6375487954376291,5.5964312000924145e-09,True
S_HILLS_RN,WFCOGEN_CC1,720,0.33264413518886665,1.0876036226678525,-6.685319066912663,4.240554259058789e-09,1.7059143244420918,2.8569105536995214,0.4063200423541989,0.24262123980828268,0.6375487954376291,5.5964312000924145e-09,True
CFLAT_ES_RN,E_HARRIS_RN,720,0.37268389662027845,1.4733509768805346,-6.668060058218754,4.662993289931516e-09,3.881722033110573,2.8206858838384825,0.1785669284527568,0.24573710406090582,0.379561175249811,6.148243004502296e-09,True
L_FRE_ESR_RN,RN_SR_WIND1,720,0.36330019880715686,0.7901529450893836,-6.606440722502624,6.538734755372657e-09,5.010784927625556,8.968554330663146,0.13833105802216195,0.07728638919988493,0.1576904529933219,8.613467429834101e-09,True
PITSDD_UNIT1,THREEW_S_RN,720,2.1810536779324057,3.4885031840662593,-6.596937920871127,6.887768381693114e-09,4.613226132571359,3.919010128615859,0.15025215773968423,0.1768679227182185,0.7561960076996719,9.06486337849445e-09,True
CFLAT_ES_RN,W_HRL_ESR_RN,720,0.3323260437375747,1.4677631425021216,-6.593039144838733,7.0362287019475225e-09,3.6861633424303246,2.5021512329452165,0.1880402782430543,0.2770204979752802,0.39818179666840553,9.251698681046419e-09,True
RVRVLYS_ALL,TIMPP_RN3,720,-0.11538767395626245,1.4638162340059628,-6.591890950287653,7.080549006507995e-09,2.4297108507484775,3.440589003904185,0.28527969916519896,0.20146177871678403,0.6024652001512983,9.284255787539028e-09,True
RVRVLYS_ALL,TIMPP_RN4,720,-0.11538767395626245,1.4638162340059628,-6.591890950287653,7.080549006507995e-09,2.4297108507484775,3.440589003904185,0.28527969916519896,0.20146177871678403,0.6024652001512983,9.284255787539028e-09,True
RVRVLYS_ALL,TMPP_RN3,720,-0.11538767395626245,1.4638162340059628,-6.591890950287653,7.080549006507995e-09,2.4297108507484775,3.440589003904185,0.28527969916519896,0.20146177871678403,0.6024652001512983,9.284255787539028e-09,True
STWF_T1,SWT_BESS_RN,720,-0.13499005964214708,1.4259392479852768,-6.565838668615875,8.16354343302078e-09,2.587977003178807,1.3088088922013268,0.267833593462598,0.5296015214216029,0.5509860583126506,1.0684637728512492e-08,True
SWT_BESS_RN,TRENT_TRENT,720,0.13499005964214708,1.4259392479852768,-6.565838668615875,8.16354343302078e-09,2.587977003178807,1.3088088922013268,0.267833593462598,0.5296015214216029,0.5509860583126506,1.0684637728512492e-08,True
BULLCRK_1_2,LGD_LANGFORD,720,0.3398210735586478,3.3331994978135264,-6.561767231984962,8.346947268263725e-09,5.58373147362331,4.344475488725661,0.12413691163951314,0.15954680429403506,0.596948387213649,1.09146491368297e-08,True
RN_TOSBATT,RUSSEKST_RN,720,-0.3509343936381707,2.717575033997837,-6.557280876960744,8.553749088570373e-09,2.3692364258321232,6.437201449324313,0.292561423166748,0.1076783422138672,1.1470256848863745,1.117480614873781e-08,True
LILY_RN,WHTTAIL_WR1,720,-0.13268389662027805,2.718236068516198,-6.548743144411167,8.961354202766471e-09,1.5154833546903048,3.1808316689784193,0.457376967166751,0.21791382025021205,1.7936429721273188,1.1696579637708025e-08,True
PRID_RN,TTWEC_G1,720,0.7763220675944337,3.5113612120379303,-6.5221873365790115,1.0355538410048226e-08,4.752586243192552,4.079232586063409,0.14584631295282363,0.16992097555997776,0.7388316660360427,1.3503925545703913e-08,True
REDFISH_ALL,STELLA_RN,720,2.7684294234592444,5.18032718652512,-6.513440132694798,1.086000052378034e-08,3.606774425147548,3.1413846462092248,0.19217924351661933,0.22065020958079126,1.4362770098418896,1.4135869054719565e-08,True
REDFISH_ALL,TGW_T1_T2,720,2.7684294234592444,5.18032718652512,-6.513440132694798,1.086000052378034e-08,3.606774425147548,3.1427531552473944,0.19217924351661933,0.22055412764524976,1.4362770098418896,1.4135869054719565e-08,True
HAYSEN1_2,HAYSEN3_4,720,-0.1174950298210735,0.6682403063621357,-6.489722633806253,1.2352916843729376e-08,3.099302342072939,4.198562256558337,0.22364619648444506,0.16509155711034632,0.21560991236343516,1.6064432498146693e-08,True
BBREEZE_1_2,CAMWIND_RN,720,-2.7662226640159044,5.098943415093167,-6.478688417326491,1.3114720849220663e-08,3.8475706572940975,4.515444304087906,0.18015190422712568,0.15350586429167729,1.3252371091422996,1.702403143964469e-08,True
CAMWIND_RN,ELSAUZ_ALL,720,2.7662226640159044,5.098943415093167,-6.478688417326491,1.3114720849220663e-08,3.8475706572940975,4.515444304087906,0.18015190422712568,0.15350586429167729,1.3252371091422996,1.702403143964469e-08,True
FPPYD_FPP_G3,GRAN_SLR_RN,720,-0.22316103379721658,2.145897816336995,-6.46287744514626,1.4287619027049421e-08,3.4112945903868592,2.858717177441017,0.2031918270891224,0.2424679104424092,0.6290567288982329,1.852518087026068e-08,True
CFLAT_ES_RN,HARLIN_1_RN,720,0.16487077534791267,0.9989859067241447,-6.462753984821528,1.4297172595798094e-08,3.304296534001851,2.0021524870581615,0.20977148189556433,0.34620099370074087,0.3023293752374783,1.852518087026068e-08,True
FPPYD_FPP_G2,GRAN_SLR_RN,720,-0.22099403578528817,2.139876147411148,-6.461590919027846,1.4387482067246865e-08,3.4193094402046564,2.866245126949216,0.20271554613040763,0.24183108905891787,0.6258211445417089,1.8608332846284773e-08,True
FPPYD_FPP_G1,GRAN_SLR_RN,720,-0.22099403578528817,2.139876147411148,-6.461590919027846,1.4387482067246865e-08,3.4193094402046564,2.866245126949216,0.20271554613040763,0.24183108905891787,0.6258211445417089,1.8608332846284773e-08,True
LZ_SOUTH,SEVNF_ES_RN,720,4.275944333996025,7.147178465158918,-6.447761837750795,1.550531441803051e-08,5.7988364158898085,3.950248332255608,0.11953211486714867,0.17546926731164655,1.2325194146836804,2.003590538228262e-08,True
CFLAT_ES_RN,SROSA_ESR_RN,720,0.18495029821073564,2.0190795967082464,-6.4390671173763065,1.6251483340356512e-08,2.7431738278430315,2.2511104409809843,0.252680735549657,0.3079134492654598,0.73603778813239,2.0981062807495624e-08,True
GRIM_SLR_RN,PAR_RN,720,-0.06506958250497039,1.1714144857987152,-6.438628139223133,1.629007959841984e-08,2.7546938796785194,3.7339127646734385,0.25162403186550714,0.18563561182195074,0.4252430712683845,2.1011841800860376e-08,True
BRP_RN_UNIT1,MEDILA_RN,720,-0.3960238568588468,1.342099241461565,-6.376094501252856,2.2819142698152484e-08,3.7282776022405475,3.278886746187651,0.18591619361803724,0.21139710951159407,0.3599783558646535,2.940675040920284e-08,True
CROSSTRL_RN,LAMESASLR_G,720,1.1985288270377732,5.578884299084695,-6.361757485504851,2.4646291802961447e-08,1.342786717977429,3.934924071412695,0.5162005039817473,0.17615261895284687,4.154706197487478,3.170399234635691e-08,True
ALP_BESS_RN,CROSSTRL_RN,720,-1.1985288270377732,5.578884299084695,-6.361757485504851,2.4646291802961447e-08,1.342786717977429,3.934924071412695,0.5162005039817473,0.17615261895284687,4.154706197487478,3.170399234635691e-08,True
DUKE_CC1,N_MRD_ESR_RN,720,-0.6003777335984095,1.1623556143300442,-6.3502769108782,2.621257869578536e-08,3.7467140678547115,3.6314925889745155,0.1850013553227526,0.19087115382374514,0.3102333386747028,3.362766852504356e-08,True
DUKE_GT2_CCU,N_MRD_ESR_RN,720,-0.6003777335984095,1.1623556143300442,-6.3502769108782,2.621257869578536e-08,3.7467140678547115,3.6314925889745155,0.1850013553227526,0.19087115382374514,0.3102333386747028,3.362766852504356e-08,True
DUKE_GST1CCU,N_MRD_ESR_RN,720,-0.6003777335984095,1.1623556143300442,-6.3502769108782,2.621257869578536e-08,3.7467140678547115,3.6314925889745155,0.1850013553227526,0.19087115382374514,0.3102333386747028,3.362766852504356e-08,True
BELM_SLR_RN,CRWN_SLR_UN1,720,0.06200795228628233,0.8132893615399169,-6.344925636641983,2.697573080716354e-08,2.6088248766396522,2.8245684554973125,0.2656932578214169,0.24539932080984214,0.311745479285482,3.4544461033633885e-08,True
BELM_SLR_RN,GOLINDA_UN1,720,0.06200795228628233,0.8132893615399169,-6.344925636641983,2.697573080716354e-08,2.6088248766396522,2.8245684554973125,0.2656932578214169,0.24539932080984214,0.311745479285482,3.4544461033633885e-08,True
BIGSTAR_ALL,WIPOPA_1_2,720,0.012465208747514825,1.2201468979071401,-6.3191955018753285,3.096140597740367e-08,1.3713353579631593,3.5186073155931,0.5054541739443479,0.19699475343218506,0.8897509211163497,3.957723708422156e-08,True
BIGSTAR_ALL,WIPOPA_3_4,720,0.012465208747514825,1.2201468979071401,-6.3191955018753285,3.096140597740367e-08,1.3713353579631593,3.5186073155931,0.5054541739443479,0.19699475343218506,0.8897509211163497,3.957723708422156e-08,True
S_HILLS_RN,TRINITY_ALL,720,0.2026640159045727,1.1811426959367426,-6.305355532224129,3.3339342197455485e-08,1.914194646501348,0.9157757852653483,0.3621090372532589,0.7568961657564511,0.6170441956336914,4.2578675595674086e-08,True
HOLCOMB_RN1,TUL_SLR_ALL,720,0.811848906560636,1.8212409742504265,-6.288276773899771,3.6522490847488636e-08,1.9547862799724298,2.665507262462142,0.3545897511464636,0.2600432534254969,0.9316829123008338,4.6602174701455034e-08,True
BRAUNIG_VHB2,BRP_RN_UNIT1,720,-0.07371769383697796,0.992009257194514,-6.251212534242448,4.4494084616464115e-08,2.744423072733406,1.651527808909332,0.25256571679729417,0.41970058077175176,0.36146367775814064,5.672298701328997e-08,True
RVN_RN,TAV_RN,720,0.10934393638170976,1.255347512638656,-6.2304781342293865,4.967569804944827e-08,2.7466689323249986,1.7802412941867998,0.2523592022330884,0.3893557479108861,0.4570436203157656,6.327208767657813e-08,True
OR_BESS_RN,RVN_RN,720,-0.09789264413518875,1.2749657961217802,-6.217431375550084,5.323552244682339e-08,2.762876265630851,1.810132041993463,0.2508788356476319,0.38292630840156605,0.46146322655917626,6.774565144260635e-08,True
TSECA_ES_RN,T_CK_GT3_RN,720,-4.1476341948310145,11.740729943701965,-6.155253365397279,7.39527264565828e-08,6.875767694289492,5.427260447351538,0.10081015115383006,0.1277158498811672,1.707551864128998,9.360771775482125e-08,True
HAMI_BESS_RN,T_CK_GT2_RN,720,-4.1476341948310145,11.740729943701965,-6.155253365397279,7.39527264565828e-08,6.875767694289492,5.427260447351538,0.10081015115383006,0.1277158498811672,1.707551864128998,9.360771775482125e-08,True
HAMI_BESS_RN,T_CK_GT3_RN,720,-4.1476341948310145,11.740729943701965,-6.155253365397279,7.39527264565828e-08,6.875767694289492,5.427260447351538,0.10081015115383006,0.1277158498811672,1.707551864128998,9.360771775482125e-08,True
TSECA_ES_RN,T_CK_GT2_RN,720,-4.1476341948310145,11.740729943701965,-6.155253365397279,7.39527264565828e-08,6.875767694289492,5.427260447351538,0.10081015115383006,0.1277158498811672,1.707551864128998,9.360771775482125e-08,True
AMISTAD_ALL,T_CK_GT3_RN,720,-4.1476341948310145,11.740729943701965,-6.155253365397279,7.39527264565828e-08,6.875767694289492,5.427260447351538,0.10081015115383006,0.1277158498811672,1.707551864128998,9.360771775482125e-08,True
AMISTAD_ALL,T_CK_GT2_RN,720,-4.1476341948310145,11.740729943701965,-6.155253365397279,7.39527264565828e-08,6.875767694289492,5.427260447351538,0.10081015115383006,0.1277158498811672,1.707551864128998,9.360771775482125e-08,True
RADN_SLR_ALL,ULYS_SLR_RN,720,-0.26463220675944316,1.1854693852071623,-6.111703881437881,9.29913748711401e-08,5.678946943577431,3.952435812166518,0.1220555830943016,0.17537215365427994,0.20874810012934905,1.1760188083170825e-07,True
RN_APOGEE,RN_SOLC_SLR,720,0.16854870775347902,1.2393170916672318,-6.053415064238441,1.2616811562034003e-07,8.222609200189456,6.1550206196802275,0.08429771665957012,0.11261492420409737,0.1507206607409576,1.5941738832596645e-07,True
CAPRIDGE_ALL,GUNMTN_NODE,720,-0.7852087475149104,1.9127195096179495,-6.033541647485977,1.3994380314851817e-07,3.5337516759118657,4.894236965882567,0.19615050635415188,0.14162517781460784,0.5412716243351713,1.7651016446721866e-07,True
AVIAT_ALL,GUNMTN_NODE,720,-0.7852087475149104,1.9127195096179495,-6.033541647485977,1.3994380314851817e-07,3.5337516759118657,4.894236965882567,0.19615050635415188,0.14162517781460784,0.5412716243351713,1.7651016446721866e-07,True
BBREEZE_1_2,LMAJADAS_ALL,720,-2.8405367793240557,5.321144837402634,-5.99108436469278,1.7450132318737085e-07,4.247152964217242,5.911739890844952,0.16320278228728538,0.11724926897297493,1.252873367696878,2.1970812044103985e-07,True
ELSAUZ_ALL,LMAJADAS_ALL,720,-2.8405367793240557,5.321144837402634,-5.99108436469278,1.7450132318737085e-07,4.247152964217242,5.911739890844952,0.16320278228728538,0.11724926897297493,1.252873367696878,2.1970812044103985e-07,True
JUNO_ALL,ULYS_SLR_RN,720,0.7270775347912528,2.283237899721662,-5.970177721819166,1.9446526256463763e-07,7.044189264773199,3.6622009738181442,0.09839985192139247,0.18927065595673265,0.3241306861443586,2.4462768011664664e-07,True
LARDVFTN_G5,SEVNF_ES_RN,720,-0.39491053677932414,0.8355516475511304,-5.938700263093792,2.2881232793272234e-07,3.3614324819651555,9.073538522882702,0.20620589117253924,0.0763921571294249,0.24857011171102014,2.873269444234538e-07,True
LARDVFTN_G4,SEVNF_ES_RN,720,-0.39491053677932414,0.8355516475511304,-5.938700263093792,2.2881232793272234e-07,3.3614324819651555,9.073538522882702,0.20620589117253924,0.0763921571294249,0.24857011171102014,2.873269444234538e-07,True
SNY_BESS_RN,STWF_T1,720,-0.89,3.506270024124171,-5.9196288587973545,2.524431389917184e-07,3.4355323702204674,3.9317212595226687,0.2017583028959975,0.17629611429882924,1.0205900123418614,3.164428080318724e-07,True
SNY_BESS_RN,TRENT_TRENT,720,-0.89,3.506270024124171,-5.9196288587973545,2.524431389917184e-07,3.4355323702204674,3.9317212595226687,0.2017583028959975,0.17629611429882924,1.0205900123418614,3.164428080318724e-07,True
OLMITO_RN,SHAFFER_ALL,720,0.8068389662027836,1.8663270456560224,-5.906289740364373,2.703752579386436e-07,2.6560883584693333,2.1676720525583275,0.2609654074006018,0.31976570429179074,0.7026599998847781,3.386230143400426e-07,True
DC_L,SEVNF_ES_RN,720,-0.3772564612326045,0.8430264842934184,-5.901122583824002,2.776517773837156e-07,3.1216363103430753,7.231284668968026,0.22204610391777727,0.09585394743682024,0.2700591614404843,3.474306950741749e-07,True
SHANNONW_RN,S_HILLS_RN,720,-0.15075546719681893,1.1251635675004805,-5.896486433785265,2.8434349271880283e-07,1.7587845487135476,1.2245974181127135,0.39410579372382115,0.5660204490943547,0.6397392837704167,3.5549177667390275e-07,True
ARMD_SLR_RN,TRSES_UNIT6,720,-0.7444731610337973,1.1497434629745613,-5.88990837773002,2.9410981848242217e-07,5.467059338957751,3.9121784485856264,0.12678610887221284,0.1771767800649634,0.21030381996800318,3.673792820341835e-07,True
LZ_SOUTH,MILTON_RN,720,0.7150497017892644,5.048277796700995,-5.879720206900939,3.098876450392139e-07,3.1817667686729303,3.4228613201181664,0.21784977685496637,0.20250518958682673,1.5866272306334255,3.867484719858375e-07,True
BRA_AVR1_CT2,K2_DGR1_RN,720,-1.065844930417495,3.5263193162458553,-5.865610006422405,3.3311505390128245e-07,3.0092974873092104,3.8045784194358445,0.23033521394381282,0.1821876445019439,1.171808148286112,4.135621942069976e-07,True
BRA_AVR_CST1,K2_DGR1_RN,720,-1.065844930417495,3.5263193162458553,-5.865610006422405,3.3311505390128245e-07,3.0092974873092104,3.8045784194358445,0.23033521394381282,0.1821876445019439,1.171808148286112,4.135621942069976e-07,True
BRA_AVR_CST1,K2_DGR2_RN,720,-1.065844930417495,3.5263193162458553,-5.865610006422405,3.3311505390128245e-07,3.0092974873092104,3.8045784194358445,0.23033521394381282,0.1821876445019439,1.171808148286112,4.135621942069976e-07,True
BRAUNIG_CC1,K2_DGR2_RN,720,-1.065844930417495,3.5263193162458553,-5.865610006422405,3.3311505390128245e-07,3.0092974873092104,3.8045784194358445,0.23033521394381282,0.1821876445019439,1.171808148286112,4.135621942069976e-07,True
BRA_AVR1_CT2,K2_DGR2_RN,720,-1.065844930417495,3.5263193162458553,-5.865610006422405,3.3311505390128245e-07,3.0092974873092104,3.8045784194358445,0.23033521394381282,0.1821876445019439,1.171808148286112,4.135621942069976e-07,True
BRAUNIG_CC1,K2_DGR1_RN,720,-1.065844930417495,3.5263193162458553,-5.865610006422405,3.3311505390128245e-07,3.0092974873092104,3.8045784194358445,0.23033521394381282,0.1821876445019439,1.171808148286112,4.135621942069976e-07,True
GUNR_RN,N_MRD_ESR_RN,720,-0.3748906560636184,0.8918450468672683,-5.8467126944340855,3.6690893940987814e-07,3.1965246638149223,2.7311141670033403,0.21684399573276006,0.2537964867724614,0.27900458800242367,4.5512049627148646e-07,True
AGUAYO_UNIT1,RN_RTS1,720,-0.3357455268389662,2.5561310153792465,-5.756771889113576,5.79536078088754e-07,6.730130667254757,4.257638689864884,0.10299163787895405,0.16280084597360286,0.3798040694538106,7.182414057427204e-07,True
GUADG_CCU1,NFAL_RN,720,-0.1692644135188867,4.865902017702625,-5.75265556901657,5.917223519402518e-07,5.359373391912012,3.396123250022731,0.12933362351762878,0.20409953630372688,0.9079236809747014,7.327066340547119e-07,True
PRID_RN,RN_RTS1,720,-0.3151292246520873,2.1730907572954754,-5.743813847952898,6.187507830289571e-07,6.662838615365482,4.240966044169456,0.10403181295153185,0.16344087015572653,0.32615089194626595,7.655092224441658e-07,True
HHOLLW3_WND1,LGW_UNIT_ALL,720,-1.660775347912525,4.765048211445403,-5.739903690851104,6.310850899150507e-07,3.2957554803147455,2.359732809779929,0.21031511126964722,0.29373968853049465,1.4458136351154118,7.780650805532747e-07,True
HHOLLW4_WND1,LGW_UNIT_ALL,720,-1.660775347912525,4.765048211445403,-5.739903690851104,6.310850899150507e-07,3.2957554803147455,2.359732809779929,0.21031511126964722,0.29373968853049465,1.4458136351154118,7.780650805532747e-07,True
HHOLLW2_WND1,LGW_UNIT_ALL,720,-1.660775347912525,4.765048211445403,-5.739903690851104,6.310850899150507e-07,3.2957554803147455,2.359732809779929,0.21031511126964722,0.29373968853049465,1.4458136351154118,7.780650805532747e-07,True
H_HOLLO_WND1,LGW_UNIT_ALL,720,-1.660775347912525,4.765048211445403,-5.739903690851104,6.310850899150507e-07,3.2957554803147455,2.359732809779929,0.21031511126964722,0.29373968853049465,1.4458136351154118,7.780650805532747e-07,True
BRAUNIG_VHB1,HHGT_KENDAL,720,-0.13089463220675915,2.0334133655433497,-5.739030496422524,6.338721587063017e-07,4.046354198159224,4.763084802656419,0.1713016573969904,0.1455248456154655,0.5025297504772059,7.808252197212575e-07,True
LYSSY_RN,LZ_SOUTH,720,-0.7024652087475147,4.887008459125486,-5.724089878618065,6.834655536780998e-07,3.27525728003154,3.620817280621201,0.21163136856023426,0.1914339020280599,1.4920991058993769,8.411883737576613e-07,True
AGUAYO_UNIT1,MAVCRK_W_ALL,720,-0.5288667992047713,2.826210862056099,-5.712470401103142,7.246362876567955e-07,6.466087416608668,4.192840451578208,0.10719731050643404,0.16531685108576952,0.4370820683303396,8.903210298734053e-07,True
AGUAYO_UNIT1,GALO_RN1,720,-0.5288667992047713,2.826210862056099,-5.712470401103142,7.246362876567955e-07,6.466087416608668,4.192840451578208,0.10719731050643404,0.16531685108576952,0.4370820683303396,8.903210298734053e-07,True
PAULN_RN,TANZ_ESS_RN,720,-0.6621868787276339,1.1334295473085003,-5.7088451576337365,7.379701810404718e-07,2.9216768993606888,6.129236709868001,0.23724292741323222,0.11308866231972836,0.38793801859353905,9.059220153462344e-07,True
MAVCRK_W_ALL,PRID_RN,720,0.5082504970178925,2.4607838370130626,-5.708391052988902,7.396572044520726e-07,6.380465902642549,4.166148000795893,0.10863582552378656,0.166376033791293,0.38567463169012445,9.064301713767223e-07,True
GALO_RN1,PRID_RN,720,0.5082504970178925,2.4607838370130626,-5.708391052988902,7.396572044520726e-07,6.380465902642549,4.166148000795893,0.10863582552378656,0.166376033791293,0.38567463169012445,9.064301713767223e-07,True
AE_RN,MILTON_RN,720,-0.24411530815109334,2.060385693456701,-5.695596814808577,7.887673233052704e-07,3.584652410977386,2.698307194382399,0.1933652418955044,0.25688223416629774,0.5747797714353341,9.657821740212426e-07,True
HOLCOMB_RN1,LZ_SOUTH,720,-2.5997415506958252,5.7849918590750775,-5.68959580538214,8.128852697522692e-07,4.412616326579536,4.53962071004051,0.15708303855577724,0.15268834663364636,1.3110117515155337,9.94457580865319e-07,True
ARMD_SLR_RN,GAIA_SLR_RN,720,-0.7291451292246521,1.13071050222934,-5.667337170745004,9.087927706519988e-07,5.621749637441214,4.0724519145079,0.1232974118846454,0.17020389561645757,0.2011314226266384,1.110833395200383e-06,True
HOLSTEIN_ALL,LNCRK_ALL,720,0.29540755467196816,1.0566183858184497,-5.60879338310713,1.216859523570251e-06,7.665581254292586,6.6025105377578726,0.09042330353902328,0.10498236641896055,0.1378393041267109,1.4861131745832224e-06,True
BRA_AVR_CST1,EBNY_ESS_RN,720,-0.9732803180914512,3.566790461767788,-5.555180359096596,1.5868680517403386e-06,2.9708072151549536,3.7146083032004342,0.2333194752671932,0.18660034221178667,1.2006132352084478,1.933019765336392e-06,True
BRAUNIG_CC1,EBNY_ESS_RN,720,-0.9732803180914512,3.566790461767788,-5.555180359096596,1.5868680517403386e-06,2.9708072151549536,3.7146083032004342,0.2333194752671932,0.18660034221178667,1.2006132352084478,1.933019765336392e-06,True
BRA_AVR1_CT2,EBNY_ESS_RN,720,-0.9732803180914512,3.566790461767788,-5.555180359096596,1.5868680517403386e-06,2.9708072151549536,3.7146083032004342,0.2333194752671932,0.18660034221178667,1.2006132352084478,1.933019765336392e-06,True
RUSSEKST_RN,SIL_SILAS_9,720,10.548190854870777,17.733387302106998,-5.554128909793255,1.5951236084044392e-06,5.320049214780087,2.1396476613739672,0.1302896181174891,0.3239538887981413,3.333312641702702,1.936482003330966e-06,True
RUSSEKST_RN,SIL_SILAS_6,720,10.548190854870777,17.733387302106998,-5.554128909793255,1.5951236084044392e-06,5.320049214780087,2.1396476613739672,0.1302896181174891,0.3239538887981413,3.333312641702702,1.936482003330966e-06,True
RUSSEKST_RN,SILASRAY_CC1,720,10.548190854870777,17.733387302106998,-5.554128909793255,1.5951236084044392e-06,5.320049214780087,2.1396476613739672,0.1302896181174891,0.3239538887981413,3.333312641702702,1.936482003330966e-06,True
RUSSEKST_RN,SIL_SILAS_10,720,10.54817097415507,17.733390956478996,-5.554125575743872,1.5951498524629376e-06,5.320035056046747,2.139642847826746,0.13028996487008387,0.32395461759610067,3.333322199883484,1.936482003330966e-06,True
OLNEYTN_RN,SHAW_SLR_RN,720,3.6067196819085487,16.148332878533516,-5.527350803145181,1.8200596708477487e-06,5.749700072001582,5.943112256244639,0.12055362399427685,0.11663033620669556,2.808552215996193,2.20575742237208e-06,True
OLNEYTN_AGR1,SHAW_SLR_RN,720,3.6067196819085487,16.148332878533516,-5.527350803145181,1.8200596708477487e-06,5.749700072001582,5.943112256244639,0.12055362399427685,0.11663033620669556,2.808552215996193,2.20575742237208e-06,True
SHAW_SLR_RN,WAP_WAP_G8,720,4.442266401590457,7.481801269191641,-5.482761909365257,2.264892589991345e-06,5.29923733483857,1.9348752263468247,0.13080130908706705,0.3582386973183041,1.4118637827380038,2.7425230001255743e-06,True
CALAVER_JKS1,K2_DGR2_RN,720,-0.1279522862823062,2.454693768217705,-5.376173048952448,3.80018591151755e-06,5.106751469252478,4.101694702167375,0.13573152810222966,0.16899043709754402,0.480676176038193,4.585987066102535e-06,True
CALAVER_JKS1,K2_DGR1_RN,720,-0.1279522862823062,2.454693768217705,-5.376173048952448,3.80018591151755e-06,5.106751469252478,4.101694702167375,0.13573152810222966,0.16899043709754402,0.480676176038193,4.585987066102535e-06,True
CALAVER_JKS2,K2_DGR2_RN,720,-0.1279522862823062,2.454693768217705,-5.376173048952448,3.80018591151755e-06,5.106751469252478,4.101694702167375,0.13573152810222966,0.16899043709754402,0.480676176038193,4.585987066102535e-06,True
CALAVER_JKS2,K2_DGR1_RN,720,-0.1279522862823062,2.454693768217705,-5.376173048952448,3.80018591151755e-06,5.106751469252478,4.101694702167375,0.13573152810222966,0.16899043709754402,0.480676176038193,4.585987066102535e-06,True
GODY_SLR_RN,MIDP_SLR_RN,720,4.07455268389662,6.786765782723723,-5.352205041955521,4.2648113597260364e-06,2.8988369685967803,2.865113253472927,0.23911216397087423,0.241926625315684,2.3412029914910826,5.142329700465602e-06,True
BRTSW_BCW1,KEECHI_U1,720,0.3370377733598411,3.1337093094955275,-5.282615293946307,5.948428080829954e-06,4.289564380756809,2.1045858839618217,0.16158917760261082,0.3293508646247859,0.730542551955508,7.148153238060637e-06,True
BRTSW_BCW1,JACKCNTY_STG,720,0.3370377733598411,3.1337093094955275,-5.282615293946307,5.948428080829954e-06,4.289564380756809,2.1045858839618217,0.16158917760261082,0.3293508646247859,0.730542551955508,7.148153238060637e-06,True
BRTSW_BCW1,JACKCNTY_CT2,720,0.3370377733598411,3.1337093094955275,-5.282615293946307,5.948428080829954e-06,4.289564380756809,2.1045858839618217,0.16158917760261082,0.3293508646247859,0.730542551955508,7.148153238060637e-06,True
BRTSW_BCW1,JACKCNTY_CT1,720,0.3370377733598411,3.1337093094955275,-5.282615293946307,5.948428080829954e-06,4.289564380756809,2.1045858839618217,0.16158917760261082,0.3293508646247859,0.730542551955508,7.148153238060637e-06,True
BCATWD_WD_1,WFCOGEN_CC1,720,-0.04485089463220658,0.6781139825581178,-5.265273935608701,6.459365554979739e-06,4.131090782387043,10.040451318444706,0.1677879323095941,0.0690354605162625,0.16414889390697132,7.742539183746758e-06,True
BCATWD_WD_1,WFCOGEN_24,720,-0.04485089463220658,0.6781139825581178,-5.265273935608701,6.459365554979739e-06,4.131090782387043,10.040451318444706,0.1677879323095941,0.0690354605162625,0.16414889390697132,7.742539183746758e-06,True
BCATWD_WD_1,WFCOGEN_13,720,-0.04485089463220658,0.6781139825581178,-5.265273935608701,6.459365554979739e-06,4.131090782387043,10.040451318444706,0.1677879323095941,0.0690354605162625,0.16414889390697132,7.742539183746758e-06,True
CROSSTRL_RN,FERMI_ALL,720,2.7706759443339957,6.344456401633551,-5.234672146189298,7.4666374252526355e-06,1.5180361659333803,2.211617886957449,0.4566078174651106,0.31341181704472315,4.179384222860459,8.934866969377944e-06,True
ANTL_ESS_ES1,CROSSTRL_RN,720,-2.7706759443339957,6.344456401633551,-5.234672146189298,7.4666374252526355e-06,1.5180361659333803,2.211617886957449,0.4566078174651106,0.31341181704472315,4.179384222860459,8.934866969377944e-06,True
BULLCRK_1_2,TAHOKA_ALL,720,-0.8212127236580518,2.5775000860722255,-5.197629987963618,8.890567310278537e-06,3.749051641570101,4.628084402049772,0.1848860050030294,0.1497697795340447,0.6875072238249483,1.0629863853767117e-05,True
HART_WND_RN,PALE_ESS_EN,720,0.635506958250497,1.715827333300321,-5.193973864312397,9.044592590601234e-06,5.940740974016718,5.192520526206559,0.11667688990171325,0.13348954078498942,0.2888237916456737,1.0795892580902059e-05,True
AEEC,HART_WND_RN,720,-0.635506958250497,1.715827333300321,-5.193973864312397,9.044592590601234e-06,5.940740974016718,5.192520526206559,0.11667688990171325,0.13348954078498942,0.2888237916456737,1.0795892580902059e-05,True
CISC_RN,LACASAWD_RN,720,3.385268389662028,4.116260520768268,-5.1573497832242685,1.0737121417733348e-05,3.4482786060161965,3.6245850277867513,0.2010125224077354,0.19123490696069992,1.1937146011307342,1.2805411138067242e-05,True
C5_RN,K2_DGR2_RN,720,-0.06996023856858838,0.9588551432134446,-5.137680282769281,1.176871065311185e-05,3.318504533566431,4.525316587486624,0.20887335652213584,0.15317098089371944,0.2889419416230097,1.4023969849398556e-05,True
AQLA_WND_RN,SUNVASLR_ALL,720,0.5622862823061628,1.2322488355764745,-5.121063425603799,1.2714334462824522e-05,5.1476214184105835,6.253989905932491,0.1346538768528876,0.11083279490144855,0.23938217973243114,1.513813735373087e-05,True
SCES_UNIT1,TNS_SLR_ALL,720,-0.4330019880715708,0.8849077280977015,-5.112085173378304,1.325541605363225e-05,5.438166975488529,5.5101641190609385,0.12745970906817872,0.12579428953162902,0.1627216913504586,1.57691833419986e-05,True
CALAVER_JKS2,EBNY_ESS_RN,720,-0.03538767395626231,2.471567199394479,-5.087922884139955,1.482445106474038e-05,4.772450324677213,4.075450680898129,0.1452392656610473,0.17007865751112283,0.5178822263721822,1.760635389173503e-05,True
CALAVER_JKS1,EBNY_ESS_RN,720,-0.03538767395626231,2.471567199394479,-5.087922884139955,1.482445106474038e-05,4.772450324677213,4.075450680898129,0.1452392656610473,0.17007865751112283,0.5178822263721822,1.760635389173503e-05,True
DIVR_SLR_RN,ROSELAND_ALL,720,0.4188667992047713,0.8535051400283856,-5.06955845311922,1.6135532363230227e-05,5.4682339836130325,5.5076022519476275,0.1267588736394856,0.12585280288075104,0.1560842390040611,1.9147498404366536e-05,True
CARRIZO_ESR1,NRTN_SLR_RN,720,7.197614314115308,15.154921395518242,-5.064942035403275,1.648232604634862e-05,3.541114927642174,3.246464251370378,0.19574263889296367,0.21350833611285205,4.2797033434916045,1.9542741290591536e-05,True
OGSES_1,PISG_RN_ALL,720,-0.2932206759443341,0.9027686304968202,-5.024095499348238,1.9881013519798828e-05,4.959000877671759,3.1089366482128735,0.13977557126091425,0.22295313767760136,0.18204647524092965,2.3533302786528285e-05,True
OGSES_2,PISG_RN_ALL,720,-0.2932206759443341,0.9027686304968202,-5.024095499348238,1.9881013519798828e-05,4.959000877671759,3.1089366482128735,0.13977557126091425,0.22295313767760136,0.18204647524092965,2.3533302786528285e-05,True
FTWIND_UNIT1,LGW_UNIT_ALL,720,-1.7934990059642149,4.356010145299846,-4.998921323760537,2.2302505849054584e-05,3.1966804803853424,2.287191165107974,0.2168334260533884,0.3030560764374163,1.3626667325771493,2.6377714559014723e-05,True
BRANDON_RN,MASSENGL_G7,720,0.5230019880715707,1.539771912921112,-4.967793160084223,2.5691670755590697e-05,4.388289897626583,2.855528245016925,0.1579538263720534,0.24273868828631984,0.35088199477293,3.033577044441223e-05,True
BRANDON_RN,MASSENGL_G6,720,0.5230019880715707,1.539771912921112,-4.967793160084223,2.5691670755590697e-05,4.388289897626583,2.855528245016925,0.1579538263720534,0.24273868828631984,0.35088199477293,3.033577044441223e-05,True
PHILLWND_ALL,ROSELAND_ALL,720,-0.48399602385685875,0.9768155718142195,-4.967225102500692,2.5757910467092236e-05,4.898996156057938,4.802942557539545,0.14148759429068386,0.14431719144170468,0.19939096514830318,3.0388785836900866e-05,True
HRNT_SLR_RN,PALE_ESS_EN,720,0.8430815109343937,2.2045588060197683,-4.950681404480182,2.776084285477796e-05,6.219536439213031,5.203880436926875,0.11144675930987076,0.13319813722877918,0.3544570929949749,3.269763459487495e-05,True
AEEC,HRNT_SLR_RN,720,-0.8430815109343937,2.2045588060197683,-4.950681404480182,2.776084285477796e-05,6.219536439213031,5.203880436926875,0.11144675930987076,0.13319813722877918,0.3544570929949749,3.269763459487495e-05,True
PHILLWND_ALL,TNS_SLR_ALL,720,-0.5740954274353879,1.1563717156089233,-4.939071130389863,2.9255205696703414e-05,5.122956230670653,4.933493825378747,0.13530218673549052,0.14049823615756366,0.22572352047160496,3.442926686950881e-05,True
ASTRA_RN,PALE_ESS_EN,720,0.875606361829026,2.273064953534618,-4.916416757995055,3.239714070816315e-05,6.281412792732684,5.194166934019393,0.11034892999897822,0.1334472282783504,0.3618716089100932,3.800125895257358e-05,True
AEEC,ASTRA_RN,720,-0.875606361829026,2.273064953534618,-4.916416757995055,3.239714070816315e-05,6.281412792732684,5.194166934019393,0.11034892999897822,0.1334472282783504,0.3618716089100932,3.800125895257358e-05,True
AEEC,MARIAH_ALL,720,-0.875606361829026,2.273064953534618,-4.916416757995055,3.239714070816315e-05,6.281412792732684,5.194166934019393,0.11034892999897822,0.1334472282783504,0.3618716089100932,3.800125895257358e-05,True
HRFDWIND_ALL,PALE_ESS_EN,720,0.875606361829026,2.273064953534618,-4.916416757995055,3.239714070816315e-05,6.281412792732684,5.194166934019393,0.11034892999897822,0.1334472282783504,0.3618716089100932,3.800125895257358e-05,True
PITSDD_UNIT1,TNSKA_CCU,720,-3.4580914512922463,5.644353764419344,-4.876147412123876,3.880081151063266e-05,3.2144135515308676,2.6034571436075438,0.21563721327326824,0.2662410565358756,1.7559513341807607,4.543779242692509e-05,True
PITSDD_UNIT1,TNSKA_CC1,720,-3.4580914512922463,5.644353764419344,-4.876147412123876,3.880081151063266e-05,3.2144135515308676,2.6034571436075438,0.21563721327326824,0.2662410565358756,1.7559513341807607,4.543779242692509e-05,True
HHGT_KENDAL,LBRA_BES1,720,2.2055268389662026,3.3394550797781255,-4.867405035087716,4.034371143801411e-05,6.159657151050617,4.022374817080114,0.11253015607235854,0.17232287195530635,0.5421495057088582,4.720578889706827e-05,True
BUDA_RN,HHGT_KENDAL,720,0.7263419483101394,4.060486661798952,-4.857210432826943,4.22174318623565e-05,4.752410427008764,5.8133161528925505,0.14585170856049615,0.11923438573266892,0.8544057219306038,4.935765432840366e-05,True
JC_BAT_RN,MARBFA,720,-1.0411332007952285,2.4935120810131357,-4.837063071181309,4.616933849380664e-05,4.8976093859432375,5.08612258475014,0.1415276568501698,0.13628204373961164,0.5091284103158232,5.393366531187913e-05,True
ARMD_SLR_RN,TGCCS_ALL,720,-0.6276143141153082,1.5393185078079055,-4.807093682117814,5.27118312032133e-05,3.4388049306007846,2.7554799424351923,0.20156629833575565,0.2515522504393072,0.4476318194469307,6.147555088728562e-05,True
ARMD_SLR_RN,TGCCS_CC1,720,-0.6276143141153082,1.5393185078079055,-4.807093682117814,5.27118312032133e-05,3.4388049306007846,2.7554799424351923,0.20156629833575565,0.2515522504393072,0.4476318194469307,6.147555088728562e-05,True
EBELLS_UNIT1,TDWLPR_1_RN,720,-0.5435387673956262,1.1360444594875425,-4.78573729058257,5.790766286151958e-05,5.89661215733698,5.290383511661508,0.11755007147578508,0.13102021413609277,0.19266053611377443,6.742478488536702e-05,True
BRAN_ESS_RN,EBELLS_UNIT1,720,0.5435387673956262,1.1360444594875425,-4.78573729058257,5.790766286151958e-05,5.89661215733698,5.290383511661508,0.11755007147578508,0.13102021413609277,0.19266053611377443,6.742478488536702e-05,True
EBELLS_UNIT1,TNP_TNP_O_1,720,-0.4613717693836979,0.9659084792036255,-4.779849967129016,5.942425767594669e-05,5.9068236022149385,5.306779061384009,0.11734685632054921,0.13061542086871286,0.16352417885670897,6.90776676984066e-05,True
EBELLS_UNIT1,TNP_TNP_O_2,720,-0.4613717693836979,0.9659084792036255,-4.779849967129016,5.942425767594669e-05,5.9068236022149385,5.306779061384009,0.11734685632054921,0.13061542086871286,0.16352417885670897,6.90776676984066e-05,True
ESCONDID_ESR,ZIER_SLR_ALL,720,-0.6871172962226639,1.6210487481822111,-4.763970913488828,6.370707148788616e-05,2.7887019432986193,2.4200115096400556,0.24855549092494816,0.2864230925343994,0.5812915044856862,7.399581549653335e-05,True
MIDP_SLR_RN,TNSKA_CC1,720,-5.472087475149105,8.231998579558113,-4.7571559208868175,6.563457077290161e-05,4.392421770097124,3.826774159027895,0.15780524203726878,0.1811309347651766,1.8741366404292474,7.617247659381572e-05,True
ANG_ALL,LGD_LANGFORD,720,0.36453280318091447,1.0469341174269586,-4.754183439896966,6.649268147550928e-05,3.262062397410308,3.0477160119856594,0.21248740708032507,0.22743168255638865,0.3209423946819964,7.710551988690978e-05,True
POTSVIL_RN,RPUBRDS_RN,720,7.751471172962226,17.99701691257908,-4.7470483601282805,6.859657740081647e-05,5.657240659946977,3.485949236385829,0.12252389852660818,0.19884029673323303,3.1812358699882073,7.94804932618085e-05,True
LGD_LANGFORD,RAMBLER_UNIT,720,-0.36580516898608345,1.0472904224223245,-4.738907794820457,7.10748714758693e-05,3.2633539362144197,3.0477160119856594,0.21240331085999672,0.22743168255638865,0.32092455887184895,8.228505445661617e-05,True
BYNM_SLR_RN,RPUBRDS_RN,720,7.470656063618291,19.443026857807514,-4.738083478459034,7.133055405358706e-05,5.5428356344544145,3.3351960167394292,0.12505281164235213,0.2078280188273861,3.5077761889508574,8.251397966881233e-05,True
NF_BRP_RN,RHESS2_ESS1,720,-20.445347912524856,48.741290064989386,-4.722942011478746,7.618680184110684e-05,1.6529380076351823,4.417008518958188,0.4193425145759785,0.15692683805903856,29.48766973706555,8.806006966050011e-05,True
C5_RN,CALAVER_JKS2,720,0.05799204771371784,1.8555583946919951,-4.695184323306039,8.59232625028002e-05,5.380671586045005,3.987161719937976,0.12882168507694305,0.17384476207569727,0.3448562814174466,9.915293825282616e-05,True
C5_RN,CALAVER_JKS1,720,0.05799204771371784,1.8555583946919951,-4.695184323306039,8.59232625028002e-05,5.380671586045005,3.987161719937976,0.12882168507694305,0.17384476207569727,0.3448562814174466,9.915293825282616e-05,True
ANTL_ESS_ES1,TAHOKA_ALL,720,-1.0888667992047714,5.783143359771778,-4.653524717186754,0.00010280040706030361,5.064167022588285,4.127234159088345,0.13687289093511754,0.16794471887028892,1.1419732670696996,0.00011843671493031744,True
FERMI_ALL,TAHOKA_ALL,720,-1.0888667992047714,5.783143359771778,-4.653524717186754,0.00010280040706030361,5.064167022588285,4.127234159088345,0.13687289093511754,0.16794471887028892,1.1419732670696996,0.00011843671493031744,True
HAYSEN1_2,HHGT_KENDAL,720,-1.6967793240556661,2.505518205699884,-4.613278488607095,0.0001220827891853994,4.590650559886731,3.0995416432316487,0.1509910570446573,0.2236289298043614,0.5457871761342917,0.0001405383118835964,True
SIL_SILAS_10,THW_THWGT5X,720,-7.160596421471173,16.674530009508366,-4.609715882248488,0.00012394687092293915,5.369582829002497,2.1591842484043644,0.12908771549552772,0.32102271080950157,3.1053678731697634,0.00014224135478813914,True
SIL_SILAS_9,THW_THWGT5X,720,-7.160616302186878,16.674525427279562,-4.609687666106177,0.00012396174248039372,5.369603035274118,2.1591913574091453,0.1290872297275063,0.32102165386196513,3.105355334042552,0.00014224135478813914,True
SIL_SILAS_6,THW_THWGT5X,720,-7.160616302186878,16.674525427279562,-4.609687666106177,0.00012396174248039372,5.369603035274118,2.1591913574091453,0.1290872297275063,0.32102165386196513,3.105355334042552,0.00014224135478813914,True
SILASRAY_CC1,THW_THWGT5X,720,-7.160616302186878,16.674525427279562,-4.609687666106177,0.00012396174248039372,5.369603035274118,2.1591913574091453,0.1290872297275063,0.32102165386196513,3.105355334042552,0.00014224135478813914,True
BAIRDWND_ALL,RRC_WIND_ALL,720,0.40510934393638176,1.034188644957356,-4.5713237404041465,0.00014583709349529105,6.754644019643614,4.189858291964027,0.10261786980100794,0.16543451645831855,0.15310779397844887,0.00016693892374380583,True
BAIRDWND_ALL,DORA_SLR_RN,720,0.40510934393638176,1.034188644957356,-4.5713237404041465,0.00014583709349529105,6.754644019643614,4.189858291964027,0.10261786980100794,0.16543451645831855,0.15310779397844887,0.00016693892374380583,True
BAIRDWND_ALL,SHEEPCRK_1,720,0.40510934393638176,1.034188644957356,-4.5713237404041465,0.00014583709349529105,6.754644019643614,4.189858291964027,0.10261786980100794,0.16543451645831855,0.15310779397844887,0.00016693892374380583,True
BAIRDWND_ALL,HKSN_SLR_ALL,720,0.4858051689860835,1.2377505371617274,-4.560322477555415,0.00015276010321139946,6.771094839420313,4.179395549866731,0.10236855294428086,0.16584866693989941,0.18279917303118054,0.00017472320238797818,True
ANCHOR_ALL,BAIRDWND_ALL,720,-0.5511530815109345,1.4029558517422052,-4.554673710844791,0.00015643543388535328,6.775903590483272,4.184669549742731,0.10229590360958908,0.16563964545361992,0.20705073987661968,0.00017878335301183232,True
PITSDD_UNIT1,TYSN_SLR_RN,720,-2.1425248508946324,4.799804339770363,-4.535875596456218,0.00016928257195818327,1.8612675811153252,2.0097612254348247,0.3724059815970101,0.34489031422624766,2.5787825396358013,0.00019331065153845468,True
BATCAVE_RN,MARBFA,720,-1.4724055666003975,3.911727792324493,-4.524525096939162,0.00017751984506369386,3.6521293313605434,6.617659438481223,0.18979261621650298,0.10474204467660324,1.0710813986609944,0.00020255469500857375,True
GODY_SLR_RN,PITSDD_UNIT1,720,2.0605566600397616,4.770004519474499,-4.523453503481951,0.0001783169342180676,1.823297907179755,1.9981928117602257,0.38016123302203153,0.3468870353653939,2.616141059939381,0.0002033012924952188,True
FORTMA_RN,MARBFA,720,-1.4701391650099402,3.9107817281989083,-4.5232168845671525,0.0001784933983627614,3.6393136974803886,6.560027084925765,0.190460959999088,0.10566224370517048,1.074593193465698,0.0002033396794148578,True
ANSON1_ALL,BAIRDWND_ALL,720,0.6716699801192844,1.2871239420756426,-4.510221232739595,0.00018844459097980946,6.969292903675081,4.335273790295452,0.09945731800057242,0.1598854453233291,0.18468501178891625,0.00021450447446462722,True
GWEC_G1,WIR_WIRTZ_G2,720,-1.146799204771372,2.5486015799621997,-4.492463500398998,0.00020289855771313346,2.150916837351616,4.1229051136262305,0.3222566156548407,0.16812106062521037,1.1848908036352745,0.00023077280046605595,True
GWEC_G1,WIR_WIRTZ_G1,720,-1.141888667992048,2.5495135485409834,-4.48184916664491,0.0002120351841050401,2.1525014757434375,4.1229051136262305,0.322019375304049,0.16812106062521037,1.1844421837901062,0.00024097214857587954,True
THREEW_S_RN,TNSKA_CC1,720,-5.6391451292246515,8.472506664975773,-4.47586900409017,0.00021735367533182311,4.6205215016335695,3.948389319141562,0.15001492370826225,0.17555188319439727,1.8336689185366517,0.00024681948458733343,True
NHKY_SLR_RN,PEY_RN,720,1.5931610337972169,2.1951234770723373,-4.44508754408124,0.0002467955356724372,4.924149485045515,5.067770126386218,0.14076485343611342,0.13677557649092154,0.4457873352015119,0.0002798064035012345,True
NHKY_SLR_RN,PCT_RN,720,1.5931610337972169,2.1951234770723373,-4.44508754408124,0.0002467955356724372,4.924149485045515,5.067770126386218,0.14076485343611342,0.13677557649092154,0.4457873352015119,0.0002798064035012345,True
TAV_RN,WR_RN,720,0.6770775347912523,1.8941341639462006,-4.444337414958135,0.0002475582382318662,3.6725873107947167,3.8402010102659956,0.18873538513913618,0.1804976298654569,0.515749253497346,0.00028044783710594865,True
BAIRDWND_ALL,CST2_SLR_RN,720,-0.730675944333996,1.3808135847155159,-4.441302375768862,0.0002506670528374068,6.984579471876445,4.428099240664755,0.09923964404026282,0.15653379540244644,0.19769459138884318,0.0002835185728677262,True
BAIRDWND_ALL,CST1_SLR_RN,720,-0.730675944333996,1.3808135847155159,-4.441302375768862,0.0002506670528374068,6.984579471876445,4.428099240664755,0.09923964404026282,0.15653379540244644,0.19769459138884318,0.0002835185728677262,True
GKS_BESS_RN,VENADO_ALL,720,-0.06264413518886681,2.7328669414593736,-4.436124737052932,0.0002560562554242175,4.4634357828993245,5.805666138337237,0.15529453413793623,0.11939149858838852,0.6122787633530551,0.00028919753026295924,True
BRP_LOP1_RN,GKS_BESS_RN,720,0.06157057654075546,2.7295983750969186,-4.436088686903618,0.00025609416127920755,4.460855088587252,5.768336251834804,0.1553843751466637,0.1201641427091681,0.6119002569889307,0.00028919753026295924,True
OR_BESS_RN,WR_RN,720,0.6885288270377732,1.9317111045645574,-4.427915317446001,0.0002648271135340981,3.685220033518288,3.830737410956992,0.18808841107329924,0.18094353807111613,0.5241779559958455,0.00029882235314782546,True
LYSSY_RN,MILTON_RN,720,0.012584493041749719,0.8944345853154702,-4.395249640091019,0.00030263162113310354,3.0588508394574183,2.878838748221368,0.226603785846222,0.24077318710128942,0.292408696029822,0.0003412093653947264,True
HART_WND_RN,MASSENGL_G8,720,4.969403578528826,11.40999926857629,-4.384979854428747,0.0003155374883235282,7.054799652740066,4.9737757118420065,0.09825185897245554,0.13936036136684632,1.6173385255731076,0.0003554789425416964,True
HRNT_SLR_RN,MASSENGL_G8,720,5.176978131212724,11.903430789284982,-4.377759359768461,0.0003249216750947595,7.078025239191748,4.990448044726235,0.09792945873121765,0.1388947794562141,1.6817446091283301,0.0003657616326758399,True
HRFDWIND_ALL,MASSENGL_G8,720,5.209502982107356,11.972884002866921,-4.375053374859316,0.000328506150003861,7.087648775014413,4.990082343352947,0.09779649113023885,0.1389049584488829,1.6892603432994708,0.00036950454787164144,True
GIGA_ESS_RN,RVRVLYS_ALL,720,0.6377534791252485,1.1413472864774443,-4.3717598019102715,0.00033291950401362786,4.405496053727948,5.4281443797088285,0.1573369200894872,0.1276950523186206,0.2590735010445945,0.0003741731442110545,True
SBE_RN_1,TAV_RN,720,-0.37178926441351884,1.0575433737556854,-4.371032256184084,0.00033390194970563613,3.3975889348255786,3.770762667406025,0.2040114898701038,0.18382148167303608,0.31126289673120106,0.00037498136938550936,True
INKS_INKS_G1,WIR_WIRTZ_G1,720,0.9682107355864811,2.7059623519780844,-4.345070287736218,0.00037081157359739264,2.465699198659144,1.676273036556344,0.2811158720970024,0.413504939495963,1.0974421995390178,0.00041610376737800405,True
OR_BESS_RN,SBE_RN_1,720,0.3832405566600398,1.0939391319846543,-4.341457898235643,0.0003762432197782196,3.433657888587523,3.7541367881056797,0.20186844556173295,0.18463556862287486,0.3185929313518941,0.00042186641335762576,True
BUCHAN_ALL,RHESS2_ESS1,720,-31.82459244532803,69.25176606391362,-4.341187463613612,0.0003766528627300018,2.0006354509084927,4.596775645682584,0.3464635100038769,0.15078986532896552,34.6148850018959,0.00042199345124116646,True
INKS_INKS_G1,WIR_WIRTZ_G2,720,0.9633001988071571,2.715882356700711,-4.3352247542668065,0.000385792823883972,2.4723501119418514,1.676273036556344,0.280359637258466,0.413504939495963,1.098502329254485,0.00043189385315312587,True
AEEC,MASSENGL_G8,720,4.333896620278329,9.757891010732756,-4.3287345663697465,0.0003959795317211731,7.260602995677016,4.885188169265263,0.09546688904112333,0.1418875090463906,1.3439504978501968,0.0004426019255658952,True
MASSENGL_G8,PALE_ESS_EN,720,-4.333896620278329,9.757891010732756,-4.3287345663697465,0.0003959795317211731,7.260602995677016,4.885188169265263,0.09546688904112333,0.1418875090463906,1.3439504978501968,0.0004426019255658952,True
CAMWIND_RN,POTEETS_RN,720,-10.758548707753478,19.564794691379976,-4.29603120309475,0.00045129478005186455,5.492055709123643,2.0264245750200014,0.12620905855132877,0.3420542709087032,3.562380960352985,0.0005040343268971413,True
LMAJADAS_ALL,POTEETS_RN,720,-10.684234592445328,19.370181332687398,-4.291269498743012,0.0004599328668189019,5.488382699951276,1.9353438539711312,0.12629352187231746,0.3581519527590288,3.5293058796463592,0.0005132793121866115,True
EL_RAYO_ALL,POTEETS_RN,720,-10.648966202783301,19.353309828542834,-4.290576606552622,0.0004612027564797784,5.478766182502453,1.9358154022248473,0.1265151965735736,0.35806470997353673,3.532421202852485,0.0005138910213045418,True
POTEETS_RN,TRUENO_ALL,720,10.648966202783301,19.353309828542834,-4.290576606552622,0.0004612027564797784,5.478766182502453,1.9358154022248473,0.1265151965735736,0.35806470997353673,3.532421202852485,0.0005138910213045418,True
ARY_BESS_RN,POTEETS_RN,720,-10.652326043737574,19.335142992460696,-4.28770902968387,0.00046649354650258674,5.4807149775529584,1.930533834645189,0.12647021116748952,0.3590443058395494,3.5278504851375234,0.0005193798359809879,True
INKS_INKS_G1,RHESS2_ESS1,720,-33.45031809145129,72.1561405662232,-4.268669839627041,0.0005031011023506253,2.049931017716944,4.495292338745484,0.33813195398736856,0.15419401639035207,35.199301802157805,0.0005596999763650707,True
CROSSTRL_RN,GUNMTN_NODE,720,0.9563021868787276,5.163883449017323,-4.252054361140166,0.0005372461984130933,1.1982654350016901,4.0071689201424565,0.5784587957833963,0.1729767809576901,4.309465414071665,0.0005972198177519475,True
SRWE1_UNIT1,TAHOKA_ALL,720,-0.8804174950298209,2.2264075239723935,-4.245134433312855,0.0005521012619723023,7.327968214366523,5.248845820047446,0.0945892722625388,0.13205706631971134,0.3038233052932065,0.0006118227214385669,True
MESQCRK_ALL,TAHOKA_ALL,720,-0.8804174950298209,2.2264075239723935,-4.245134433312855,0.0005521012619723023,7.327968214366523,5.248845820047446,0.0945892722625388,0.13205706631971134,0.3038233052932065,0.0006118227214385669,True
BOCO_ESS_RN,TAHOKA_ALL,720,-0.8804174950298209,2.2264075239723935,-4.245134433312855,0.0005521012619723023,7.327968214366523,5.248845820047446,0.0945892722625388,0.13205706631971134,0.3038233052932065,0.0006118227214385669,True
LGDRAW_S_ALL,TAHOKA_ALL,720,-0.8804174950298209,2.2264075239723935,-4.245134433312855,0.0005521012619723023,7.327968214366523,5.248845820047446,0.0945892722625388,0.13205706631971134,0.3038233052932065,0.0006118227214385669,True
RHESS2_ESS1,WIR_WIRTZ_G1,720,34.418528827037775,73.80018171615374,-4.206927564400482,0.0006413330078025091,2.077574629582394,4.545869981313906,0.3336328672338824,0.1524784438202526,35.5222771135726,0.0007097138440572805,True
RHESS2_ESS1,WIR_WIRTZ_G2,720,34.413618290258455,73.79998922757012,-4.206887314678865,0.0006414337902399719,2.0776474464244727,4.545869981313906,0.33362117415676895,0.1524784438202526,35.5209394907573,0.0007097138440572805,True
BUDA_RN,CACH_ESS_RN,720,2.2355666003976142,4.628181475693231,-4.200656782339806,0.0006572154930524902,5.2541198875631245,4.5027212031407435,0.1319245078896418,0.1539396176864027,0.8808671242254037,0.0007266109177847407,True
GPASTURE_ALL,HWF_HWFG1,720,-0.43888667992047703,0.8958905477719709,-4.180281257588184,0.0007114129848750719,7.668944173703784,8.366760672458435,0.09038365189000767,0.0828453457311903,0.11682058539999682,0.0007853116980326376,True
HWF_HWFG1,VERTIGO_UN1,720,0.43888667992047703,0.8958905477719709,-4.180281257588184,0.0007114129848750719,7.668944173703784,8.366760672458435,0.09038365189000767,0.0828453457311903,0.11682058539999682,0.0007853116980326376,True
LZ_LCRA,MAR_MARSFOG2,720,-2.0700000000000003,4.556003569565811,-4.179153855551887,0.0007145311513759865,5.557641899427947,3.8945939828958713,0.1247196550449376,0.17797675023483386,0.8197727834955981,0.0007881428036866033,True
HHGT_KENDAL,TTWEC_G1,720,2.3099999999999996,3.7415897190229197,-4.157168667199042,0.0007779645873089038,4.5032457333747065,4.09978214941745,0.15392168706736437,0.16906927131687632,0.8308651005413809,0.000857447037405479,True
HAYSEN3_4,HHGT_KENDAL,720,-1.5792842942345924,2.6234846289427076,-4.110491331699793,0.0009305657291133659,5.055319655653876,4.8435212229174605,0.13711243358958095,0.14310811260210254,0.5189552407449841,0.0010248457836484401,True
GUADG_CCU1,MEDILA_RN,720,-2.5049900596421466,4.80179194949092,-4.1078623301805575,0.0009399447082795306,7.672538161485064,3.576962588911561,0.09034131417415885,0.19378094216268113,0.6258413902188407,0.0010319824707710498,True
GUADG_CCU2,MEDILA_RN,720,-2.5049900596421466,4.80179194949092,-4.1078623301805575,0.0009399447082795306,7.672538161485064,3.576962588911561,0.09034131417415885,0.19378094216268113,0.6258413902188407,0.0010319824707710498,True
GUADG_CC1,MEDILA_RN,720,-2.5049900596421466,4.80179194949092,-4.1078623301805575,0.0009399447082795306,7.672538161485064,3.576962588911561,0.09034131417415885,0.19378094216268113,0.6258413902188407,0.0010319824707710498,True
GUADG_CC2,MEDILA_RN,720,-2.5049900596421466,4.80179194949092,-4.1078623301805575,0.0009399447082795306,7.672538161485064,3.576962588911561,0.09034131417415885,0.19378094216268113,0.6258413902188407,0.0010319824707710498,True
TTWEC_G1,ULYS_SLR_RN,720,-1.1464015904572564,2.062531992691013,-4.049115218802838,0.0011740768311219718,3.775231975657599,2.439179285280412,0.18360386461793718,0.2841722971094599,0.5463325183697474,0.0012880473093356609,True
LZ_WEST,STWF_T1,720,-0.9490258449304175,3.5266518614573155,-4.016581466578493,0.0013261317679968655,4.763309301527602,4.758352039043608,0.14551798690411555,0.14566958788935308,0.7403785138047433,0.0014526243366365665,True
LZ_WEST,TRENT_TRENT,720,-0.9490258449304175,3.5266518614573155,-4.016581466578493,0.0013261317679968655,4.763309301527602,4.758352039043608,0.14551798690411555,0.14566958788935308,0.7403785138047433,0.0014526243366365665,True
BATCAVE_RN,BKBN_RN,720,-1.5689860834990057,3.9868500938862357,-4.008999707045108,0.001364112418009474,3.4401235256528824,6.902719931098348,0.2014890382252761,0.10041652964031716,1.1589264350993307,0.0014930792338551046,True
BKBN_RN,FORTMA_RN,720,1.5667196819085483,3.985585253847614,-4.00747120292261,0.0013718911665364303,3.430158770018998,6.846083420592828,0.20207437236385017,0.10124725890353277,1.1619244242229463,0.0015004401084085077,True
BKBN_RN,JC_BAT_RN,720,1.1377137176938368,2.339886038859861,-3.9774888103804944,0.0015330836224851296,5.040622328991516,5.010665373555717,0.1375122227613161,0.13833435858999849,0.4642057837584522,0.0016754497915723904,True
RAMBLER_UNIT,RAT_RN_1,720,0.5850497017892645,1.0539982439841273,-3.9461739441698045,0.0017201240600931815,4.62515958725156,2.835236397149217,0.14986448953469275,0.2444759742986134,0.22788364900733118,0.0018784176852551307,True
CISC_RN,FLTCK_SSI,720,1.6750298210735588,2.7970956673692275,-3.941008706645513,0.0017529395512976037,4.622355182048354,5.2924799461114835,0.149955413043959,0.13096831497098402,0.6051234829881075,0.0019127861463967722,True
MAND_SLR_RN,SYBR_SLR_RN,720,0.5863021868787278,1.286931959608023,-3.902458960424604,0.002016824854461567,5.12871038385962,3.3269376539997637,0.13515038453747044,0.20834390440909492,0.25092700957692604,0.002199049458463454,True
BASTEN_CC1,LOS_LOSTPST1,720,0.540914512922465,0.9828570226336838,-3.8748600380525358,0.00222785412853331,4.713849508995387,3.1675544287750683,0.14704482594050153,0.21882723600995665,0.20850411553404677,0.0024143563767362506,True
BASTEN_CC1,LOS_LOSTPGT2,720,0.540914512922465,0.9828570226336838,-3.8748600380525358,0.00222785412853331,4.713849508995387,3.1675544287750683,0.14704482594050153,0.21882723600995665,0.20850411553404677,0.0024143563767362506,True
BASTEN_CC1,LOS_LOSTPGT1,720,0.540914512922465,0.9828570226336838,-3.8748600380525358,0.00222785412853331,4.713849508995387,3.1675544287750683,0.14704482594050153,0.21882723600995665,0.20850411553404677,0.0024143563767362506,True
BASTEN_CCU,LOS_LOSTPST1,720,0.540914512922465,0.9828570226336838,-3.8748600380525358,0.00222785412853331,4.713849508995387,3.1675544287750683,0.14704482594050153,0.21882723600995665,0.20850411553404677,0.0024143563767362506,True
BASTEN_CCU,LOS_LOSTPGT2,720,0.540914512922465,0.9828570226336838,-3.8748600380525358,0.00222785412853331,4.713849508995387,3.1675544287750683,0.14704482594050153,0.21882723600995665,0.20850411553404677,0.0024143563767362506,True
BASTEN_CCU,LOS_LOSTPGT1,720,0.540914512922465,0.9828570226336838,-3.8748600380525358,0.00222785412853331,4.713849508995387,3.1675544287750683,0.14704482594050153,0.21882723600995665,0.20850411553404677,0.0024143563767362506,True
BASTEN_CCU,LOSTPI_CC1,720,0.540914512922465,0.9828570226336838,-3.8748600380525358,0.00222785412853331,4.713849508995387,3.1675544287750683,0.14704482594050153,0.21882723600995665,0.20850411553404677,0.0024143563767362506,True
BASTEN_CC1,LOSTPI_CC1,720,0.540914512922465,0.9828570226336838,-3.8748600380525358,0.00222785412853331,4.713849508995387,3.1675544287750683,0.14704482594050153,0.21882723600995665,0.20850411553404677,0.0024143563767362506,True
NHKY_SLR_RN,PLN_ALL,720,1.521272365805169,2.0174906436913753,-3.872781917170204,0.002244543407771831,5.153690879891916,4.764236098209072,0.13449529603422433,0.14548967898977694,0.39146520245577604,0.002428746058257665,True
DAN_ALL,NHKY_SLR_RN,720,-1.521272365805169,2.0174906436913753,-3.872781917170204,0.002244543407771831,5.153690879891916,4.764236098209072,0.13449529603422433,0.14548967898977694,0.39146520245577604,0.002428746058257665,True
DRYFRIO_RN,GUADG_CC1,720,0.3650497017892645,4.652672490333452,-3.759332722785464,0.003351902436115613,5.872575889519949,3.300822427171582,0.11803120020925031,0.2099922658226396,0.7922711562802439,0.003624228602147785,True
AGUAYO_UNIT1,RADN_SLR_ALL,720,-0.1260636182902585,2.3423334323480187,-3.7393325071231174,0.0035927181971371572,7.140200977699868,4.342123795917681,0.09707670452481221,0.15963321479033346,0.3280486697312229,0.003881662149258962,True
PRID_RN,RADN_SLR_ALL,720,-0.10544731610337965,1.9505611994338463,-3.7373590174424436,0.003617320495729987,7.143330217093277,4.341729959359798,0.09703417866659911,0.15964769505428938,0.27306048301761937,0.003903709310649269,True
C5_RN,EBNY_ESS_RN,720,0.022604373757455505,0.92918557522592,-3.7372561628740373,0.0036186069452647717,3.0463007587763813,4.232554444419133,0.22753734297672049,0.16376568563078964,0.30502095781217264,0.003903709310649269,True
PANDA_S_CT1,RN_DEC_AGR_A,720,0.23954274353876767,1.0641209405689744,-3.7156114314774205,0.0038988476984832808,2.271923825641365,1.389650746395269,0.30509261478617994,0.4987923637345265,0.4683787935841434,0.004195601038847071,True
PANDA_S_CC1,RN_DEC_AGR_A,720,0.23954274353876767,1.0641209405689744,-3.7156114314774205,0.0038988476984832808,2.271923825641365,1.389650746395269,0.30509261478617994,0.4987923637345265,0.4683787935841434,0.004195601038847071,True
PANDA_S_ST1,RN_DEC_AGR_C,720,0.23958250497017924,1.0641013007880091,-3.715145531468673,0.003905092542955936,2.2716224290429072,1.3891029624708529,0.3051330941700492,0.4989890593329502,0.4684322919088021,0.004195601038847071,True
PANDA_S_CT1,RN_DEC_AGR_C,720,0.23958250497017924,1.0641013007880091,-3.715145531468673,0.003905092542955936,2.2716224290429072,1.3891029624708529,0.3051330941700492,0.4989890593329502,0.4684322919088021,0.004195601038847071,True
PANDA_S_CT1,RN_DEC_AGR_B,720,0.23956262425447344,1.0641060664576556,-3.71501388017994,0.003906858832521921,2.271519707713622,1.3904490695251197,0.30514689271951173,0.4985059832480423,0.4684555730879932,0.004195601038847071,True
PANDA_S_CC1,RN_DEC_AGR_B,720,0.23956262425447344,1.0641060664576556,-3.71501388017994,0.003906858832521921,2.271519707713622,1.3904490695251197,0.30514689271951173,0.4985059832480423,0.4684555730879932,0.004195601038847071,True
HOL_ALL,NHKY_SLR_RN,720,-1.4475347912524852,1.8881026876855311,-3.7104956266094344,0.003967922559705242,4.955035851036903,4.568945497628936,0.13988741986899966,0.15170834953484466,0.38104723042325156,0.004257966635282792,True
BUCHAN_ALL,NF_BRP_RN,720,-11.379244532803181,22.30690678388166,-3.6830550738662073,0.0043579122329531214,3.2722481573875903,4.653004846584085,0.2118259823892212,0.14896764637346255,6.816997278620351,0.004672942032925636,True
PANDA_S_CC1,RN_DEC_AGR_D,720,0.23155069582505,1.0760502054902321,-3.677853086940186,0.004435677187227587,2.2223611250225743,1.3891029624708529,0.3118967357534678,0.4989890593329502,0.4841923274190201,0.004742045281240303,True
PANDA_S_CT2,RN_DEC_AGR_D,720,0.23155069582505,1.0760502054902321,-3.677853086940186,0.004435677187227587,2.2223611250225743,1.3891029624708529,0.3118967357534678,0.4989890593329502,0.4841923274190201,0.004742045281240303,True
PANDA_S_ST1,RN_DEC_AGR_D,720,0.23155069582505,1.0760502054902321,-3.677853086940186,0.004435677187227587,2.2223611250225743,1.3891029624708529,0.3118967357534678,0.4989890593329502,0.4841923274190201,0.004742045281240303,True
PANDA_S_CT1,RN_DEC_AGR_D,720,0.23155069582505,1.0760502054902321,-3.677853086940186,0.004435677187227587,2.2223611250225743,1.3891029624708529,0.3118967357534678,0.4989890593329502,0.4841923274190201,0.004742045281240303,True
LZ_WEST,SWT_BESS_RN,720,-1.0840159045725646,2.620916435884587,-3.6750755001978392,0.004477716306507715,3.8213725991535505,4.332349614100579,0.18138696569747745,0.15999336210169793,0.6858573373518014,0.004783396864566381,True
SHAMROCK_RN,SNY_BESS_RN,720,-0.4786481113320077,2.107971060868147,-3.6352129940294233,0.005122436797902637,3.452327868631962,4.562930010901341,0.20077675323306288,0.1519083525068192,0.6105941095633721,0.005468028485917058,True
FPPYD_FPP_G1,WIPOPA_1_2,720,-0.40063618290258446,1.266328724734062,-3.6132532472219805,0.005512650883374741,1.510840364887457,3.7250135317073125,0.458782540279547,0.1860791040515362,0.838161829776365,0.00586697672490705,True
FPPYD_FPP_G2,WIPOPA_3_4,720,-0.40063618290258446,1.266328724734062,-3.6132532472219805,0.005512650883374741,1.510840364887457,3.7250135317073125,0.458782540279547,0.1860791040515362,0.838161829776365,0.00586697672490705,True
FPPYD_FPP_G2,WIPOPA_1_2,720,-0.40063618290258446,1.266328724734062,-3.6132532472219805,0.005512650883374741,1.510840364887457,3.7250135317073125,0.458782540279547,0.1860791040515362,0.838161829776365,0.00586697672490705,True
FPPYD_FPP_G1,WIPOPA_3_4,720,-0.40063618290258446,1.266328724734062,-3.6132532472219805,0.005512650883374741,1.510840364887457,3.7250135317073125,0.458782540279547,0.1860791040515362,0.838161829776365,0.00586697672490705,True
BCK_RN,STRG_SLR_ALL,720,-2.624095427435388,4.531690089422784,-3.6115908395033034,0.005543263183701353,3.1277906271893707,2.767794120248879,0.22160920060778064,0.2504330706857697,1.4488470072227808,0.00589299351482906,True
BUCHAN_ALL,INKS_INKS_G1,720,1.6257256461232608,4.509153220861044,-3.6114765667925592,0.0055453731108644246,2.7275227595835894,2.6952858701755416,0.2541306678833243,0.25717019045360157,1.653204617639728,0.00589299351482906,True
FPPYD_FPP_G3,WIPOPA_3_4,720,-0.40280318091451284,1.2723895607292641,-3.6043510628243367,0.0056783875316982315,1.518621499778441,3.80889404436825,0.4564318236381296,0.18198121882251306,0.8378582556054284,0.006025353088776663,True
FPPYD_FPP_G3,WIPOPA_1_2,720,-0.40280318091451284,1.2723895607292641,-3.6043510628243367,0.0056783875316982315,1.518621499778441,3.80889404436825,0.4564318236381296,0.18198121882251306,0.8378582556054284,0.006025353088776663,True
BUDA_RN,LZ_LCRA,720,-1.8138966202783298,3.725729363238307,-3.5700069499718805,0.006361008618216126,3.5130647648814444,3.2705581781633724,0.1973055514060063,0.21193543817318417,1.060535348076351,0.006744658430632736,True
SGM_SIGNALMT,TRENT_TRENT,720,-0.2234990059642148,3.9466114472843237,-3.566027549398541,0.006444726132421145,4.59602574752638,3.561657628813803,0.15081446855100908,0.19461364701435252,0.8587009003177197,0.006823263949864468,True
SGM_SIGNALMT,STWF_T1,720,-0.2234990059642148,3.9466114472843237,-3.566027549398541,0.006444726132421145,4.59602574752638,3.561657628813803,0.15081446855100908,0.19461364701435252,0.8587009003177197,0.006823263949864468,True
INKS_INKS_G1,NF_BRP_RN,720,-13.004970178926442,25.46275936913248,-3.563798480614434,0.006492055027131177,3.2912425525974838,4.355443784332688,0.21060349381205773,0.159145018253552,7.73651864370707,0.0068682662396989565,True
NRTN_SLR_RN,WEBBER_WS_T1,720,-3.95286282306163,13.27865489617314,-3.525886448963927,0.007346637730918597,5.684429413783075,5.2599526972161215,0.12193786396208325,0.13177821559627328,2.3359697041846093,0.007766601431943639,True
LZ_RAYBN,TYLRWIND_RN,720,0.043300198807156944,1.5897993569499662,-3.5247957795191187,0.007372658845246286,2.6871201733649337,6.264860186722369,0.257951686504573,0.11064048676281538,0.5916368656334218,0.007788328038301714,True
LZ_RAYBN,MUENSTER_RN,720,0.04530815109343938,1.5897395908156575,-3.5229611252871367,0.007416617379805161,2.687165123290615,6.267292666346742,0.25794737158211545,0.11059754465942097,0.5916047276130595,0.007828957115524499,True
ANSON1_ALL,WH_WIND_ALL,720,-0.5476540755467195,0.9493711819167855,-3.5036407995124965,0.007894081456627856,7.402252987526949,4.955588863746671,0.09364002847888638,0.1398718093082265,0.1282543549263324,0.008326794069805975,True
CANYONWD_ALL,CST2_SLR_RN,720,0.7277335984095427,1.2541413598166529,-3.494814370879086,0.008121275033827797,7.423689637463586,4.905180936905573,0.09336963348548193,0.14130919724996246,0.1689377413473267,0.008553768970540521,True
CANYONWD_ALL,CST1_SLR_RN,720,0.7277335984095427,1.2541413598166529,-3.494814370879086,0.008121275033827797,7.423689637463586,4.905180936905573,0.09336963348548193,0.14130919724996246,0.1689377413473267,0.008553768970540521,True
ANSON1_ALL,CANYONWD_ALL,720,-0.7867395626242543,1.357313121621134,-3.4912096202185334,0.008215740459768923,7.418877348933952,4.968928669911234,0.09343019812283948,0.13949630324887072,0.18295397777618896,0.008646869486113044,True
GIGA_ESS_RN,SLCN_ESS_ALL,720,-0.03508946322067607,1.508967597104677,-3.4887874459774624,0.008279769073941796,2.1341957994283463,2.3580396501269556,0.32478143792880104,0.29395060448734467,0.7070427172187578,0.008707822127986055,True
RADN_SLR_ALL,TTWEC_G1,720,0.8817693836978133,2.5254178484480496,-3.4712401765674175,0.008757167330298816,4.095224729697083,3.437303146579327,0.1692574220734441,0.20165436419238697,0.6166738128275687,0.009203104264461633,True
NF_BRP_RN,WIR_WIRTZ_G2,720,13.968270377733596,27.201321534395838,-3.4700630651617677,0.00879005928356624,3.3502538781490037,4.5311716393825066,0.20689392677993262,0.15297305768236252,8.11918216461387,0.00923085871666543,True
NF_BRP_RN,WIR_WIRTZ_G1,720,13.97318091451292,27.201883785780225,-3.4693785680905274,0.008809237062910171,3.3496764643459147,4.5311716393825066,0.20692959094343308,0.15297305768236252,8.120749593376592,0.009244180970953636,True
RN_RTS1,TTWEC_G1,720,1.091451292246521,2.339826857317529,-3.445536034152828,0.009501101892617768,3.9144757709494464,3.3507090827993995,0.17707279879058344,0.206865819571792,0.5977369625537393,0.009962863840270767,True
DENISON_G1_2,RIPPEY_ALL,720,0.13972166998011923,1.0103562949261053,-3.4290686080277846,0.010006949612882685,2.2905028051009575,5.461720772127511,0.30261791385555353,0.1269100361368241,0.44110677038947016,0.010485574870305329,True
RBN_BESS1,WAL_RN,720,0.4366003976143142,1.3330364692858396,-3.428399845263047,0.01002799201885,5.285266395842175,3.1892941160961077,0.13114706594642644,0.21733560948853475,0.25221746066281836,0.01049989752561941,True
FERGCC_GT2_3,NF_BRP_RN,720,-14.540119284294233,27.720014882487785,-3.4100780852021515,0.010620070807042909,3.308185636638418,4.4835586014451625,0.20952487456667648,0.15459755122561056,8.379219888837683,0.011111668500535712,True
LOS_LOSTPGT1,NRTN_SLR_RN,720,3.9222862823061635,13.47264821561758,-3.3947648657714793,0.011138636863658923,5.75130428047476,5.196519781693127,0.12051999803125131,0.13338680687829588,2.3425378937706696,0.011645682007232237,True
PANDA_S_ST1,RIPPEY_ALL,720,0.17669980119284326,0.9566516158370433,-3.3721495687350926,0.011945732242502925,2.3309007039099425,5.438717015958138,0.29737310533959405,0.12744681852836456,0.41042143675718107,0.012452944885303196,True
PANDA_S_CT1,RIPPEY_ALL,720,0.17669980119284326,0.9566516158370433,-3.3721495687350926,0.011945732242502925,2.3309007039099425,5.438717015958138,0.29737310533959405,0.12744681852836456,0.41042143675718107,0.012452944885303196,True
PANDA_S_CT2,RIPPEY_ALL,720,0.17669980119284326,0.9566516158370433,-3.3721495687350926,0.011945732242502925,2.3309007039099425,5.438717015958138,0.29737310533959405,0.12744681852836456,0.41042143675718107,0.012452944885303196,True
PANDA_S_CC1,RIPPEY_ALL,720,0.17669980119284326,0.9566516158370433,-3.3721495687350926,0.011945732242502925,2.3309007039099425,5.438717015958138,0.29737310533959405,0.12744681852836456,0.41042143675718107,0.012452944885303196,True
RN_SOLC_SLR,WH_WIND_ALL,720,0.269761431411531,1.2840245583623502,-3.3502149980895344,0.012777740941091232,6.620080187235913,6.048935354970352,0.10470374390576008,0.1145899468061587,0.1939590642479015,0.013310536283916543,True
AMISTAD_ALL,ZIER_SLR_ALL,720,1.0442743538767396,2.846933805326475,-3.33412698960294,0.01342023090338798,2.356661981240511,2.9433879969474637,0.29412244355683254,0.235492969760968,1.2080365482995117,0.01394920350833904,True
TSECA_ES_RN,ZIER_SLR_ALL,720,1.0442743538767396,2.846933805326475,-3.33412698960294,0.01342023090338798,2.356661981240511,2.9433879969474637,0.29412244355683254,0.235492969760968,1.2080365482995117,0.01394920350833904,True
HAMI_BESS_RN,ZIER_SLR_ALL,720,1.0442743538767396,2.846933805326475,-3.33412698960294,0.01342023090338798,2.356661981240511,2.9433879969474637,0.29412244355683254,0.235492969760968,1.2080365482995117,0.01394920350833904,True
JC_BAT_RN,LZ_LCRA,720,1.575765407554672,2.722820514543423,-3.331145322420252,0.013542397494115,4.703595305079083,3.4373677371241795,0.14736539510775176,0.20165057496578942,0.5788806940093761,0.014065918330867804,True
APPALOSA_ALL,BOOTLEG_UN1,720,-1.3816898608349901,3.7946630229055853,-3.288388413198186,0.015405558686239933,6.490139941868031,6.31881294962314,0.1068000361730936,0.10969579034639491,0.5846812329001003,0.015977797209909442,True
APPALOSA_ALL,HYDR_ESS_RN,720,-1.3816898608349901,3.7946630229055853,-3.288388413198186,0.015405558686239933,6.490139941868031,6.31881294962314,0.1068000361730936,0.10969579034639491,0.5846812329001003,0.015977797209909442,True
BUCHAN_ALL,FERGCC_GT1_1,720,3.160874751491054,7.070916756342011,-3.2770985058842292,0.015933727499932254,3.155649891642957,3.7252348003159117,0.2196527512115944,0.18606805146917563,2.240716492367475,0.016501547607202568,True
BUCHAN_ALL,FERGCC_GT2_3,720,3.160874751491054,7.070916756342011,-3.2770985058842292,0.015933727499932254,3.155649891642957,3.7252348003159117,0.2196527512115944,0.18606805146917563,2.240716492367475,0.016501547607202568,True
RAMBLER_UNIT,SNY_BESS_RN,720,-1.197852882703777,2.070606605650909,-3.257805957043697,0.016873172974451626,4.0355639471682005,4.520059256140912,0.17175968207524855,0.15334913577034234,0.5130897769824404,0.017461772031699938,True
ANG_ALL,SNY_BESS_RN,720,-1.199125248508946,2.0699629570705156,-3.253387342762455,0.017095051934451547,4.035139494864701,4.520059256140912,0.17177774930509226,0.15334913577034234,0.5129842375226044,0.01767854317694917,True
HAYSEN3_4,LBRA_BES1,720,0.6262425447316103,1.1918914279894066,-3.2428307140486297,0.01763552878903845,4.327325156779114,3.590073637065143,0.16017913039746334,0.193073248805723,0.2754337575308409,0.01822423294309924,True
ROW_ALL,STRG_SLR_ALL,720,-2.7939761431411534,4.525337619795333,-3.2168416053400413,0.019030284989017317,3.374022391559703,2.7614731207401095,0.20543644947167214,0.2510063108541767,1.341229279069311,0.01965128776240802,True
TRINITY_ALL,YNG_WND_ALL,720,0.6412723658051689,0.8894398005131218,-3.2060241946013877,0.019638612598606796,3.6958746512494445,3.528221047902128,0.1875461821535578,0.19645798014047022,0.24065745850239634,0.020264771261171072,True
APPALOSA_ALL,HI_LONE_ALL,720,-1.1890656063618288,3.927042078172201,-3.175661643663723,0.0214374138471484,6.733193229401812,6.312030755766558,0.10294479260348297,0.1098136570273677,0.5832362067115495,0.022088912676077654,True
APPALOSA_ALL,HI_LONEB_RN1,720,-1.1890656063618288,3.927042078172201,-3.175661643663723,0.0214374138471484,6.733193229401812,6.312030755766558,0.10294479260348297,0.1098136570273677,0.5832362067115495,0.022088912676077654,True
MAVCRK_W_ALL,RAT_RN_1,720,-0.12182902584493034,1.3357598649924867,-3.151865557118487,0.022945495194274572,5.419549195010376,2.8641879506287977,0.12789757148031908,0.24200478198638228,0.2464706596301926,0.023608659795265167,True
GALO_RN1,RAT_RN_1,720,-0.12182902584493034,1.3357598649924867,-3.151865557118487,0.022945495194274572,5.419549195010376,2.8641879506287977,0.12789757148031908,0.24200478198638228,0.2464706596301926,0.023608659795265167,True
LNCRK_ALL,VERTIGO_UN1,720,0.45101391650099376,1.037466442506868,-3.117760987542664,0.02526641298865317,7.998614511898575,8.11720763777137,0.08665840559372298,0.08539231857696487,0.12970576853823299,0.0259778859897777,True
ANACACHO_ANA,ZIER_SLR_ALL,720,-0.2529622266401591,1.0239841786726611,-3.08747759052453,0.027493889581995393,2.4660827783231274,2.062804772819601,0.2810721467473478,0.33602170680092913,0.41522701008801655,0.028247690306465685,True
HONEY_WD_RN,LZ_WEST,720,-0.2441948310139164,1.1613497169898959,-3.065234972637488,0.029235237822013094,8.006474887260492,4.981650131639901,0.08657332850226594,0.1391400765295754,0.14505131575917116,0.03001512520443161,True
CAPRIDGE_ALL,LZ_WEST,720,-0.40330019880715695,1.3666840680903805,-3.061017831242575,0.029575800661366978,7.928537964855844,6.468835141036262,0.08742433770669951,0.10715177701203682,0.1723752946821173,0.030321051217988896,True
CAPRIDG4_CR4,LZ_WEST,720,-0.40330019880715695,1.3666840680903805,-3.061017831242575,0.029575800661366978,7.928537964855844,6.468835141036262,0.08742433770669951,0.10715177701203682,0.1723752946821173,0.030321051217988896,True
CANYONWD_ALL,RN_SOLC_SLR,720,-0.030675944333996293,1.13762278368798,-3.0510386152732076,0.030395193568240768,6.791769337116117,6.838077233687979,0.10205693776612643,0.10136580165329755,0.16750020903551932,0.031138673123147376,True
CNLY_ESS_RN,PLATINUM_RN,720,-0.14564612326043735,1.5706835907498613,-3.0416773710121228,0.031181343395828176,2.398392770091354,5.069911532902044,0.2890048657599745,0.1367178058357922,0.6548900623520619,0.03192108770356529,True
CNLY_ESS_RN,KMCHI_CC1,720,-0.1511133200795228,1.5664918659276346,-3.035953503631444,0.031670497640028134,2.3984727738881344,5.078537981871834,0.2889952256728322,0.13648557577676457,0.6531205536213839,0.03235207219469158,True
CNLY_ESS_RN,KMCHI_CC2,720,-0.1511133200795228,1.5664918659276346,-3.035953503631444,0.031670497640028134,2.3984727738881344,5.078537981871834,0.2889952256728322,0.13648557577676457,0.6531205536213839,0.03235207219469158,True
CNLY_ESS_RN,VLSES_UNIT3,720,-0.1511133200795228,1.5664918659276346,-3.035953503631444,0.031670497640028134,2.3984727738881344,5.078537981871834,0.2889952256728322,0.13648557577676457,0.6531205536213839,0.03235207219469158,True
BUCHAN_ALL,WIR_WIRTZ_G2,720,2.589025844930418,5.265958220628267,-3.0330258561884706,0.03192320081163928,3.362651053374871,3.554355101623267,0.20613116542802717,0.19501348648124278,1.5660138792406582,0.032568951105642494,True
BUCHAN_ALL,WIR_WIRTZ_G1,720,2.5939363817097414,5.27442869132279,-3.0329640927672914,0.03192855038165514,3.3593293948077325,3.554355101623267,0.20633498508103781,0.19501348648124278,1.5700838088325262,0.032568951105642494,True
HAYSEN1_2,RIONOG_CT2,720,0.12161033797216692,1.6859092594585194,-2.9620035373675404,0.0385983937935826,3.3655685616121267,4.170693485796708,0.20595247663827826,0.16619470668857764,0.5009285143342791,0.03931624661091675,True
HAYSEN1_2,RIONOG_CT1,720,0.12161033797216692,1.6859092594585194,-2.9620035373675404,0.0385983937935826,3.3655685616121267,4.170693485796708,0.20595247663827826,0.16619470668857764,0.5009285143342791,0.03931624661091675,True
E_BLACK_RN,GIGA_ESS_RN,720,-0.3243936381709741,0.9937181076188787,-2.9609443814874528,0.03870619731431137,3.091429825939813,3.050925797669133,0.22421572527502687,0.22719240864182952,0.3214428803399354,0.03939787346360214,True
CALAVER_JKS1,NRTN_SLR_RN,720,6.789005964214711,15.5776752674784,-2.9409492716342296,0.04078918509910432,6.905667951375969,5.018307845124573,0.10037366196007647,0.1381236866991644,2.2557811028800643,0.04145881483306535,True
CALAVER_JKS2,NRTN_SLR_RN,720,6.789005964214711,15.5776752674784,-2.9409492716342296,0.04078918509910432,6.905667951375969,5.018307845124573,0.10037366196007647,0.1381236866991644,2.2557811028800643,0.04145881483306535,True
HWF_HWFG1,RN_SOLC_SLR,720,0.42443339960238563,0.9397263879984273,-2.470189764585837,0.1228969586099179,7.433238375303296,3.8064814907396585,0.09324969085653237,0.18209655878958603,0.12642220530968562,0.12482544155529464,False
LNCRK_ALL,RN_SOLC_SLR,720,0.4365606361829025,0.9651894823576237,-2.4418569285491265,0.1302693121537778,7.756439867342895,4.802549387937995,0.08936408873332696,0.14432900623590514,0.12443717721855638,0.13221917356163906,False
HAYSEN3_4,RIONOG_CT1,720,0.23910536779324038,1.5097909524007649,-2.127673946834547,0.23353332819667877,3.3744710199897665,3.0487351056895133,0.20540913715182754,0.22735565948855388,0.4474155929794719,0.23635498177119443,False
HAYSEN3_4,RIONOG_CC1,720,0.23910536779324038,1.5097909524007649,-2.127673946834547,0.23353332819667877,3.3744710199897665,3.0487351056895133,0.20540913715182754,0.22735565948855388,0.4474155929794719,0.23635498177119443,False
HAYSEN3_4,RIONOG_CT3,720,0.23910536779324038,1.5097909524007649,-2.127673946834547,0.23353332819667877,3.3744710199897665,3.0487351056895133,0.20540913715182754,0.22735565948855388,0.4474155929794719,0.23635498177119443,False
HAYSEN3_4,RIONOG_CT2,720,0.23910536779324038,1.5097909524007649,-2.127673946834547,0.23353332819667877,3.3744710199897665,3.0487351056895133,0.20540913715182754,0.22735565948855388,0.4474155929794719,0.23635498177119443,False
CACH_ESS_RN,LBRA_BES1,720,0.6963021868787278,1.5501738252792383,-2.1132861653728043,0.23920583699672893,4.515814838955693,6.081391349182576,0.15349326871875008,0.11397838763544035,0.3432766578263259,0.24192408514441904,False
LBRA_BES1,RIONOG_CT1,720,-0.38713717693836985,2.0947352320282344,-0.3563265860351142,0.9171392829671932,4.910718159671656,5.420794977574999,0.14114985996392249,0.12786817863936736,0.4265639289240526,0.9255891842276989,False
LBRA_BES1,RIONOG_CT3,720,-0.38713717693836985,2.0947352320282344,-0.3563265860351142,0.9171392829671932,4.910718159671656,5.420794977574999,0.14114985996392249,0.12786817863936736,0.4265639289240526,0.9255891842276989,False
LBRA_BES1,RIONOG_CC1,720,-0.38713717693836985,2.0947352320282344,-0.3563265860351142,0.9171392829671932,4.910718159671656,5.420794977574999,0.14114985996392249,0.12786817863936736,0.4265639289240526,0.9255891842276989,False
CACH_ESS_RN,RIONOG_CC1,720,0.309165009940358,1.2855738400478938,-0.22096317767122678,0.9359762944762458,1.8310424670652918,3.4274197453241566,0.3785533066695546,0.20223586022854903,0.702099412313659,0.9412642961399533,False
CACH_ESS_RN,RIONOG_CT1,720,0.309165009940358,1.2855738400478938,-0.22096317767122678,0.9359762944762458,1.8310424670652918,3.4274197453241566,0.3785533066695546,0.20223586022854903,0.702099412313659,0.9412642961399533,False
CACH_ESS_RN,RIONOG_ST1,720,0.309165009940358,1.2855738400478938,-0.22096317767122678,0.9359762944762458,1.8310424670652918,3.4274197453241566,0.3785533066695546,0.20223586022854903,0.702099412313659,0.9412642961399533,False
CACH_ESS_RN,RIONOG_CT2,720,0.309165009940358,1.2855738400478938,-0.22096317767122678,0.9359762944762458,1.8310424670652918,3.4274197453241566,0.3785533066695546,0.20223586022854903,0.702099412313659,0.9412642961399533,False
CACH_ESS_RN,RIONOG_CT3,720,0.309165009940358,1.2855738400478938,-0.22096317767122678,0.9359762944762458,1.8310424670652918,3.4274197453241566,0.3785533066695546,0.20223586022854903,0.702099412313659,0.9412642961399533,False
GUADG_CCU2,RIONOG_CT3,720,-0.3477534791252485,2.3118703563747003,0.514199319007446,0.985298342892796,3.7393752040898764,3.655512176059138,0.18536443730006757,0.18961698037816405,0.618250437625551,0.985298342892796,False
GUADG_CC1,RIONOG_CT2,720,-0.3477534791252485,2.3118703563747003,0.514199319007446,0.985298342892796,3.7393752040898764,3.655512176059138,0.18536443730006757,0.18961698037816405,0.618250437625551,0.985298342892796,False
GUADG_CC2,RIONOG_CT2,720,-0.3477534791252485,2.3118703563747003,0.514199319007446,0.985298342892796,3.7393752040898764,3.655512176059138,0.18536443730006757,0.18961698037816405,0.618250437625551,0.985298342892796,False
GUADG_CC2,RIONOG_CT3,720,-0.3477534791252485,2.3118703563747003,0.514199319007446,0.985298342892796,3.7393752040898764,3.655512176059138,0.18536443730006757,0.18961698037816405,0.618250437625551,0.985298342892796,False
GUADG_CC1,RIONOG_CT3,720,-0.3477534791252485,2.3118703563747003,0.514199319007446,0.985298342892796,3.7393752040898764,3.655512176059138,0.18536443730006757,0.18961698037816405,0.618250437625551,0.985298342892796,False
GUADG_CCU1,RIONOG_CT3,720,-0.3477534791252485,2.3118703563747003,0.514199319007446,0.985298342892796,3.7393752040898764,3.655512176059138,0.18536443730006757,0.18961698037816405,0.618250437625551,0.985298342892796,False
GUADG_CCU1,RIONOG_CT2,720,-0.3477534791252485,2.3118703563747003,0.514199319007446,0.985298342892796,3.7393752040898764,3.655512176059138,0.18536443730006757,0.18961698037816405,0.618250437625551,0.985298342892796,False
GUADG_CCU2,RIONOG_CT2,720,-0.3477534791252485,2.3118703563747003,0.514199319007446,0.985298342892796,3.7393752040898764,3.655512176059138,0.18536443730006757,0.18961698037816405,0.618250437625551,0.985298342892796,False
